{
  "stella_en_400M_v5": {
    "n_tasks": 35,
    "method_retentions": {
      "random": {
        "mean": 0.971749493973195,
        "std": 0.02627436070327371,
        "median": 0.9827825326419692,
        "n": 35
      },
      "sort": {
        "mean": 0.9715775965917639,
        "std": 0.026984832940630223,
        "median": 0.981970230600288,
        "n": 35
      },
      "best": {
        "mean": 1.0007410629217461,
        "std": 0.04646155324948694,
        "median": 0.9982193203739427,
        "n": 35
      },
      "poor": {
        "mean": 0.8891836260773277,
        "std": 0.13071027515804062,
        "median": 0.9432192860068165,
        "n": 35
      },
      "magnitude": {
        "mean": 0.9698084501923728,
        "std": 0.027883047146344354,
        "median": 0.9810207931120601,
        "n": 34
      }
    }
  },
  "gte-large-en-v1.5": {
    "n_tasks": 35,
    "method_retentions": {
      "random": {
        "mean": 0.9754736578880594,
        "std": 0.023576838771943998,
        "median": 0.9851487956302152,
        "n": 35
      },
      "sort": {
        "mean": 0.9751268134426317,
        "std": 0.024112270719923265,
        "median": 0.9855162431272502,
        "n": 35
      },
      "best": {
        "mean": 0.9993951506919497,
        "std": 0.030488217101221377,
        "median": 1.0009914077990747,
        "n": 35
      },
      "poor": {
        "mean": 0.8867361990112145,
        "std": 0.1335142678199498,
        "median": 0.9539908695731897,
        "n": 35
      },
      "magnitude": {
        "mean": 0.967351796792346,
        "std": 0.030493137641166807,
        "median": 0.9781631896185621,
        "n": 34
      }
    }
  },
  "roberta-large-InBedder": {
    "n_tasks": 35,
    "method_retentions": {
      "random": {
        "mean": 1.0029221090316334,
        "std": 0.09443798630875845,
        "median": 0.9788351309707242,
        "n": 35
      },
      "sort": {
        "mean": 1.0121648010244793,
        "std": 0.10484689096143468,
        "median": 0.9887315804680729,
        "n": 35
      },
      "best": {
        "mean": 1.0843588012318977,
        "std": 0.15523122402232292,
        "median": 1.0545621743128641,
        "n": 35
      },
      "poor": {
        "mean": 0.8603880711199619,
        "std": 0.1911484992285786,
        "median": 0.9068418412140975,
        "n": 35
      }
    }
  },
  "bart-base": {
    "n_tasks": 34,
    "method_retentions": {
      "random": {
        "mean": 0.9789372256166461,
        "std": 0.05247111183750612,
        "median": 0.9784418895566316,
        "n": 34
      },
      "sort": {
        "mean": 0.9348616255021004,
        "std": 0.09905377873424248,
        "median": 0.972689848406041,
        "n": 34
      },
      "best": {
        "mean": 1.07823218116873,
        "std": 0.1290620830063937,
        "median": 1.0626789611236065,
        "n": 34
      },
      "poor": {
        "mean": 0.8314650864185227,
        "std": 0.11688542330514709,
        "median": 0.84851461654234,
        "n": 34
      }
    }
  },
  "bge-m3": {
    "n_tasks": 34,
    "method_retentions": {
      "random": {
        "mean": 0.9458639718126268,
        "std": 0.05353327644466902,
        "median": 0.9624412428394491,
        "n": 34
      },
      "sort": {
        "mean": 0.94309848493068,
        "std": 0.06483057870221273,
        "median": 0.9649231070741231,
        "n": 34
      },
      "best": {
        "mean": 0.9895942845237113,
        "std": 0.06283500349002812,
        "median": 0.9998971675293546,
        "n": 34
      },
      "poor": {
        "mean": 0.8373699380017943,
        "std": 0.12503378299177836,
        "median": 0.8615356066132236,
        "n": 34
      }
    }
  },
  "instructor-large": {
    "n_tasks": 34,
    "method_retentions": {
      "random": {
        "mean": 0.9698079016305511,
        "std": 0.027251219921766337,
        "median": 0.9739573904081811,
        "n": 34
      },
      "sort": {
        "mean": 0.9658657319207696,
        "std": 0.027320600606224058,
        "median": 0.9703517883287136,
        "n": 34
      },
      "best": {
        "mean": 0.9963884729317409,
        "std": 0.03651336958512175,
        "median": 0.9996387979848466,
        "n": 34
      },
      "poor": {
        "mean": 0.9046773774996033,
        "std": 0.09294412585166831,
        "median": 0.9333080945077024,
        "n": 34
      }
    }
  },
  "Qwen3-Embedding-0.6B": {
    "n_tasks": 34,
    "method_retentions": {
      "random": {
        "mean": 0.9547264301036539,
        "std": 0.039873842008100006,
        "median": 0.9591570594467133,
        "n": 34
      },
      "sort": {
        "mean": 0.9637737472482591,
        "std": 0.0405299054883298,
        "median": 0.9786457793984239,
        "n": 34
      },
      "best": {
        "mean": 1.0155260268372734,
        "std": 0.04192972440455863,
        "median": 1.0024540873998002,
        "n": 30
      },
      "poor": {
        "mean": 0.8613028108342266,
        "std": 0.1205565730124526,
        "median": 0.9156579548942105,
        "n": 30
      }
    }
  },
  "roberta-large": {
    "n_tasks": 34,
    "method_retentions": {
      "random": {
        "mean": 1.1151044037359843,
        "std": 0.3467144212605702,
        "median": 1.0058112509813633,
        "n": 34
      },
      "sort": {
        "mean": 1.1039829552828153,
        "std": 0.2753768763965977,
        "median": 1.003875784594072,
        "n": 34
      },
      "best": {
        "mean": 1.1362666708086224,
        "std": 0.19657773376103113,
        "median": 1.0792910358656116,
        "n": 31
      },
      "poor": {
        "mean": 0.8429430440748367,
        "std": 0.11057328299198801,
        "median": 0.8618870728083211,
        "n": 31
      }
    }
  },
  "mxbai-embed-large-v1": {
    "n_tasks": 34,
    "method_retentions": {
      "random": {
        "mean": 0.9717996261364216,
        "std": 0.023978090256810795,
        "median": 0.9792038727148391,
        "n": 34
      },
      "sort": {
        "mean": 0.9704715651433338,
        "std": 0.024774905351448957,
        "median": 0.9789078462110951,
        "n": 34
      },
      "best": {
        "mean": 1.0057838375313959,
        "std": 0.026482857422099326,
        "median": 0.9959526205321222,
        "n": 27
      },
      "poor": {
        "mean": 0.9080164075964836,
        "std": 0.08773214571919408,
        "median": 0.9463737003830449,
        "n": 27
      }
    }
  }
}