{
  "stella_en_400M_v5": {
    "n_tasks": 35,
    "method_retentions": {
      "random": {
        "mean": 0.971749493973195,
        "std": 0.02627436070327371,
        "median": 0.9827825326419692,
        "n": 35
      },
      "sort": {
        "mean": 0.9715775965917639,
        "std": 0.026984832940630223,
        "median": 0.981970230600288,
        "n": 35
      },
      "best": {
        "mean": 1.0007410629217461,
        "std": 0.04646155324948694,
        "median": 0.9982193203739427,
        "n": 35
      },
      "poor": {
        "mean": 0.8891836260773277,
        "std": 0.13071027515804062,
        "median": 0.9432192860068165,
        "n": 35
      },
      "magnitude": {
        "mean": 0.9698084501923728,
        "std": 0.027883047146344354,
        "median": 0.9810207931120601,
        "n": 34
      }
    }
  },
  "gte-large-en-v1.5": {
    "n_tasks": 35,
    "method_retentions": {
      "random": {
        "mean": 0.9754736578880594,
        "std": 0.023576838771943998,
        "median": 0.9851487956302152,
        "n": 35
      },
      "sort": {
        "mean": 0.9751268134426317,
        "std": 0.024112270719923265,
        "median": 0.9855162431272502,
        "n": 35
      },
      "best": {
        "mean": 0.9993951506919497,
        "std": 0.030488217101221377,
        "median": 1.0009914077990747,
        "n": 35
      },
      "poor": {
        "mean": 0.8867361990112145,
        "std": 0.1335142678199498,
        "median": 0.9539908695731897,
        "n": 35
      },
      "magnitude": {
        "mean": 0.967351796792346,
        "std": 0.030493137641166807,
        "median": 0.9781631896185621,
        "n": 34
      }
    }
  },
  "roberta-large-InBedder": {
    "n_tasks": 35,
    "method_retentions": {
      "random": {
        "mean": 1.0029221090316334,
        "std": 0.09443798630875845,
        "median": 0.9788351309707242,
        "n": 35
      },
      "sort": {
        "mean": 1.0121648010244793,
        "std": 0.10484689096143468,
        "median": 0.9887315804680729,
        "n": 35
      },
      "best": {
        "mean": 1.0843588012318977,
        "std": 0.15523122402232292,
        "median": 1.0545621743128641,
        "n": 35
      },
      "poor": {
        "mean": 0.8603880711199619,
        "std": 0.1911484992285786,
        "median": 0.9068418412140975,
        "n": 35
      }
    }
  }
}