{
  "model": "gte-large-en-v1.5",
  "model_dim": 1024,
  "target_dims": [
    64,
    128,
    256
  ],
  "methods": {
    "ImdbClassification": {
      "baseline": 95.14,
      "scalar_quant_int8": {
        "score": 95.19999999999999,
        "retention": 100.0630649569056
      },
      "dim_64": {
        "random_coord": {
          "score": 94.17999999999999,
          "retention": 98.99096068951019
        },
        "pca": {
          "score": 94.46,
          "retention": 99.28526382173638
        },
        "random_proj": {
          "score": 93.8,
          "retention": 98.59154929577466
        },
        "learnable_proj": {
          "score": 95.62,
          "retention": 100.50451965524492
        }
      },
      "dim_128": {
        "random_coord": {
          "score": 94.94,
          "retention": 99.78978347698128
        },
        "pca": {
          "score": 94.66,
          "retention": 99.4954803447551
        },
        "random_proj": {
          "score": 94.58,
          "retention": 99.41139373554762
        },
        "learnable_proj": {
          "score": 95.34,
          "retention": 100.21021652301872
        }
      },
      "dim_256": {
        "random_coord": {
          "score": 95.1,
          "retention": 99.95795669539625
        },
        "pca": {
          "score": 94.54,
          "retention": 99.36935043094388
        },
        "random_proj": {
          "score": 94.6,
          "retention": 99.43241538784949
        },
        "learnable_proj": {
          "score": 95.46,
          "retention": 100.33634643682994
        }
      }
    },
    "Banking77Classification": {
      "baseline": 90.9090909090909,
      "scalar_quant_int8": {
        "score": 90.9090909090909,
        "retention": 100.0
      },
      "dim_64": {
        "random_coord": {
          "score": 89.12337662337663,
          "retention": 98.03571428571429
        },
        "pca": {
          "score": 90.9090909090909,
          "retention": 100.0
        },
        "random_proj": {
          "score": 87.98701298701299,
          "retention": 96.78571428571429
        },
        "learnable_proj": {
          "score": 77.43506493506493,
          "retention": 85.17857142857143
        }
      },
      "dim_128": {
        "random_coord": {
          "score": 89.93506493506493,
          "retention": 98.92857142857142
        },
        "pca": {
          "score": 90.74675324675324,
          "retention": 99.82142857142857
        },
        "random_proj": {
          "score": 89.44805194805194,
          "retention": 98.39285714285714
        },
        "learnable_proj": {
          "score": 79.05844155844156,
          "retention": 86.96428571428572
        }
      },
      "dim_256": {
        "random_coord": {
          "score": 90.42207792207793,
          "retention": 99.46428571428572
        },
        "pca": {
          "score": 91.3961038961039,
          "retention": 100.53571428571428
        },
        "random_proj": {
          "score": 91.07142857142857,
          "retention": 100.17857142857143
        },
        "learnable_proj": {
          "score": 77.75974025974025,
          "retention": 85.53571428571428
        }
      }
    },
    "TwentyNewsgroupsClustering": {
      "baseline": 52.55567347500073,
      "scalar_quant_int8": {
        "score": 54.44770337934717,
        "retention": 103.60004882298088
      },
      "dim_64": {
        "random_coord": {
          "score": 36.07323127742734,
          "retention": 68.63812961047178
        },
        "pca": {
          "score": 54.71902831080473,
          "retention": 104.11631074775028
        },
        "random_proj": {
          "score": 35.90695659968783,
          "retention": 68.32175144091298
        },
        "learnable_proj": {
          "score": 44.06417074759907,
          "retention": 83.84284290174527
        }
      },
      "dim_128": {
        "random_coord": {
          "score": 41.79878856867904,
          "retention": 79.53240022423375
        },
        "pca": {
          "score": 53.85116433063948,
          "retention": 102.4649876406873
        },
        "random_proj": {
          "score": 42.568406475611,
          "retention": 80.99678619066619
        },
        "learnable_proj": {
          "score": 43.71077828301211,
          "retention": 83.17042745880539
        }
      },
      "dim_256": {
        "random_coord": {
          "score": 49.127282119755286,
          "retention": 93.47664842145684
        },
        "pca": {
          "score": 52.19204060629619,
          "retention": 99.30809968808123
        },
        "random_proj": {
          "score": 50.64492988069439,
          "retention": 96.36434381301339
        },
        "learnable_proj": {
          "score": 45.852028633712244,
          "retention": 87.24467902694231
        }
      }
    },
    "MedrxivClusteringS2S": {
      "baseline": 28.767588592828037,
      "scalar_quant_int8": {
        "score": 29.355407422535457,
        "retention": 102.04333716679321
      },
      "dim_64": {
        "random_coord": {
          "score": 26.250929079416252,
          "retention": 91.2517536696169
        },
        "pca": {
          "score": 29.536653879695717,
          "retention": 102.67337418423527
        },
        "random_proj": {
          "score": 26.527635242621262,
          "retention": 92.21362144074456
        }
      },
      "dim_128": {
        "random_coord": {
          "score": 27.83194229617823,
          "retention": 96.74756786224664
        },
        "pca": {
          "score": 29.84743413585514,
          "retention": 103.75368807692249
        },
        "random_proj": {
          "score": 27.968921338605547,
          "retention": 97.22372540317265
        }
      },
      "dim_256": {
        "random_coord": {
          "score": 29.28149729487661,
          "retention": 101.78641564060985
        },
        "pca": {
          "score": 29.61399721432561,
          "retention": 102.94222999875835
        },
        "random_proj": {
          "score": 28.801139954479677,
          "retention": 100.1166290373744
        }
      }
    },
    "NFCorpus": {
      "baseline": 35.23001777602102,
      "scalar_quant_int8": {
        "score": 35.101849218044016,
        "retention": 99.63619502325587
      },
      "dim_64": {
        "random_coord": {
          "score": 24.733170971711615,
          "retention": 70.20482115267626
        },
        "pca": {
          "score": 28.02246571747724,
          "retention": 79.54144643250922
        },
        "random_proj": {
          "score": 22.22338225074981,
          "retention": 63.08081475302561
        },
        "learnable_proj": {
          "score": 16.038693787343806,
          "retention": 45.52564772834259
        }
      },
      "dim_128": {
        "random_coord": {
          "score": 30.012193829410133,
          "retention": 85.18926677873449
        },
        "pca": {
          "score": 33.421517597743744,
          "retention": 94.86659305772983
        },
        "random_proj": {
          "score": 30.237299576350836,
          "retention": 85.82822685071584
        },
        "learnable_proj": {
          "score": 19.57563393191606,
          "retention": 55.5652116225727
        }
      },
      "dim_256": {
        "random_coord": {
          "score": 34.14791994831827,
          "retention": 96.92847776977486
        },
        "pca": {
          "score": 35.06233627295814,
          "retention": 99.52403798337845
        },
        "random_proj": {
          "score": 31.547077265990414,
          "retention": 89.54601574871369
        },
        "learnable_proj": {
          "score": 23.54060500725886,
          "retention": 66.81973638764825
        }
      }
    },
    "ArguAna": {
      "baseline": 52.81652159115994,
      "scalar_quant_int8": {
        "score": 52.7461949074233,
        "retention": 99.86684718792914
      },