{
  "model": "bge-m3",
  "model_dim": 1024,
  "target_dims": [
    64,
    128,
    256
  ],
  "methods": {
    "ImdbClassification": {
      "baseline": 92.62,
      "scalar_quant_int8": {
        "score": 92.52,
        "retention": 99.89203195854026
      },
      "dim_64": {
        "random_coord": {
          "score": 88.18,
          "retention": 95.20621895918808
        },
        "pca": {
          "score": 91.44,
          "retention": 98.7259771107752
        },
        "random_proj": {
          "score": 87.12,
          "retention": 94.06175771971496
        },
        "learnable_proj": {
          "score": 92.06,
          "retention": 99.39537896782552
        }
      },
      "dim_128": {
        "random_coord": {
          "score": 90.06,
          "retention": 97.23601813863097
        },
        "pca": {
          "score": 92.0,
          "retention": 99.33059814294968
        },
        "random_proj": {
          "score": 90.36,
          "retention": 97.55992226301015
        },
        "learnable_proj": {
          "score": 92.14,
          "retention": 99.4817534009933
        }
      },
      "dim_256": {
        "random_coord": {
          "score": 91.32000000000001,
          "retention": 98.59641546102354
        },
        "pca": {
          "score": 91.67999999999999,
          "retention": 98.98510041027855
        },
        "random_proj": {
          "score": 92.0,
          "retention": 99.33059814294968
        },
        "learnable_proj": {
          "score": 91.97999999999999,
          "retention": 99.30900453465773
        }
      }
    },
    "Banking77Classification": {
      "baseline": 90.25974025974025,
      "scalar_quant_int8": {
        "score": 89.93506493506493,
        "retention": 99.64028776978418
      },
      "dim_64": {
        "random_coord": {
          "score": 85.87662337662337,
          "retention": 95.14388489208633
        },
        "pca": {
          "score": 88.63636363636364,
          "retention": 98.20143884892087
        },
        "random_proj": {
          "score": 87.01298701298701,
          "retention": 96.40287769784173
        },
        "learnable_proj": {
          "score": 75.64935064935064,
          "retention": 83.81294964028775
        }
      },
      "dim_128": {
        "random_coord": {
          "score": 87.33766233766234,
          "retention": 96.76258992805757
        },
        "pca": {
          "score": 89.77272727272727,
          "retention": 99.46043165467626
        },
        "random_proj": {
          "score": 87.17532467532467,
          "retention": 96.58273381294964
        },
        "learnable_proj": {
          "score": 76.2987012987013,
          "retention": 84.53237410071944
        }
      },
      "dim_256": {
        "random_coord": {
          "score": 88.14935064935064,
          "retention": 97.66187050359711
        },
        "pca": {
          "score": 89.77272727272727,
          "retention": 99.46043165467626
        },
        "random_proj": {
          "score": 89.44805194805194,
          "retention": 99.10071942446042
        },
        "learnable_proj": {
          "score": 76.13636363636364,
          "retention": 84.35251798561151
        }
      }
    },
    "TwentyNewsgroupsClustering": {
      "baseline": 40.00690104429721,
      "scalar_quant_int8": {
        "score": 41.83876824752693,
        "retention": 104.57887803207102
      },
      "dim_64": {
        "random_coord": {
          "score": 24.137763979990375,
          "retention": 60.33400075967917
        },
        "pca": {
          "score": 38.23457563693587,
          "retention": 95.56995078074418
        },
        "random_proj": {
          "score": 21.627512303702602,
          "retention": 54.0594540920722
        },
        "learnable_proj": {
          "score": 36.93466147566561,
          "retention": 92.3207259536801
        }
      },
      "dim_128": {
        "random_coord": {
          "score": 29.328591342084565,
          "retention": 73.308830668016
        },
        "pca": {
          "score": 38.26496328819091,
          "retention": 95.64590680448467
        },
        "random_proj": {
          "score": 30.086622660012356,
          "retention": 75.20358206875176
        },
        "learnable_proj": {
          "score": 37.93223945653333,
          "retention": 94.81424070945478
        }
      },
      "dim_256": {
        "random_coord": {
          "score": 31.14622143407092,
          "retention": 77.85212206160284
        },
        "pca": {
          "score": 36.32651952088972,
          "retention": 90.80063332240498
        },
        "random_proj": {
          "score": 36.79314003772169,
          "retention": 91.96698338864809
        },
        "learnable_proj": {
          "score": 36.22614401026303,
          "retention": 90.54973783186061
        }
      }
    },
    "MedrxivClusteringS2S": {
      "baseline": 23.999035252922685,
      "scalar_quant_int8": {
        "score": 24.809694038928658,
        "retention": 103.3778807250481
      },
      "dim_64": {
        "random_coord": {
          "score": 15.319015894704108,
          "retention": 63.83179879215564
        },
        "pca": {
          "score": 24.567643827003725,
          "retention": 102.36929763254459
        },
        "random_proj": {
          "score": 15.94052592105712,
          "retention": 66.4215280033635
        }
      },
      "dim_128": {
        "random_coord": {
          "score": 19.683827331145313,
          "retention": 82.01924420586094
        },
        "pca": {
          "score": 24.858853063791766,
          "retention": 103.58271822932703
        },
        "random_proj": {
          "score": 19.479584233991197,
          "retention": 81.16819709083475
        }
      },
      "dim_256": {
        "random_coord": {
          "score": 22.98316930102674,
          "retention": 95.76705504538052
        },
        "pca": {
          "score": 24.56119926581041,
          "retention": 102.34244421479093
        },
        "random_proj": {
          "score": 20.46286020047788,
          "retention": 85.26534498083977
        }
      }
    },
    "NFCorpus": {
      "baseline": 30.827114073144713,
      "scalar_quant_int8": {
        "score": 30.963580092850513,
        "retention": 100.44268178779889
      },
      "dim_64": {
        "random_coord": {
          "score": 14.640120207189453,
          "retention": 47.49105015945463
        },
        "pca": {
          "score": 21.698297604092804,
          "retention": 70.3870545669906
        },
        "random_proj": {
          "score": 13.551734243755476,
          "retention": 43.96043759270083
        },
        "learnable_proj": {
          "score": 8.136062242285888,
          "retention": 26.392552423107563
        }
      },
      "dim_128": {
        "random_coord": {
          "score": 21.949464594821595,
          "retention": 71.20181455436027
        },
        "pca": {
          "score": 26.3729644309984,
          "retention": 85.55119486184216
        },
        "random_proj": {
          "score": 19.218817340789233,
          "retention": 62.34387460074265
        },
        "learnable_proj": {
          "score": 9.649316764521325,
          "retention": 31.30139506937305
        }
      },
      "dim_256": {
        "random_coord": {
          "score": 26.77079666173288,
          "retention": 86.84172186281451
        },
        "pca": {
          "score": 29.369686244084033,
          "retention": 95.27225342728293
        },
        "random_proj": {
          "score": 23.874726869346226,
          "retention": 77.44716814132428
        },
        "learnable_proj": {
          "score": 14.956518626760055,
          "retention": 48.51741421941779
        }
      }
    },
    "ArguAna": {
      "baseline": 40.21721409404557,
      "scalar_quant_int8": {
        "score": 40.26177498043854,
        "retention": 100.11080053006347
      },