{
  "model": "stella_en_400M_v5",
  "model_dim": 1024,
  "target_dims": [
    64,
    128,
    256
  ],
  "methods": {
    "ImdbClassification": {
      "baseline": 94.1,
      "scalar_quant_int8": {
        "score": 94.1,
        "retention": 100.0
      },
      "dim_64": {
        "random_coord": {
          "score": 88.72,
          "retention": 94.28267800212541
        },
        "pca": {
          "score": 94.94,
          "retention": 100.89266737513285
        },
        "random_proj": {
          "score": 91.75999999999999,
          "retention": 97.51328374070137
        },
        "learnable_proj": {
          "score": 96.14,
          "retention": 102.16790648246547
        }
      },
      "dim_128": {
        "random_coord": {
          "score": 91.72,
          "retention": 97.47077577045697
        },
        "pca": {
          "score": 94.24,
          "retention": 100.14877789585547
        },
        "random_proj": {
          "score": 92.58,
          "retention": 98.38469713071201
        },
        "learnable_proj": {
          "score": 96.22,
          "retention": 102.25292242295431
        }
      },
      "dim_256": {
        "random_coord": {
          "score": 93.2,
          "retention": 99.04357066950054
        },
        "pca": {
          "score": 93.67999999999999,
          "retention": 99.55366631243358
        },
        "random_proj": {
          "score": 93.4,
          "retention": 99.25611052072266
        },
        "learnable_proj": {
          "score": 96.17999999999999,
          "retention": 102.21041445270988
        }
      }
    },
    "Banking77Classification": {
      "baseline": 91.23376623376623,
      "scalar_quant_int8": {
        "score": 91.23376623376623,
        "retention": 100.0
      },
      "dim_64": {
        "random_coord": {
          "score": 88.14935064935064,
          "retention": 96.61921708185052
        },
        "pca": {
          "score": 89.28571428571429,
          "retention": 97.86476868327402
        },
        "random_proj": {
          "score": 86.36363636363636,
          "retention": 94.66192170818505
        },
        "learnable_proj": {
          "score": 77.1103896103896,
          "retention": 84.51957295373664
        }
      },
      "dim_128": {
        "random_coord": {
          "score": 90.25974025974025,
          "retention": 98.932384341637
        },
        "pca": {
          "score": 90.09740259740259,
          "retention": 98.75444839857651
        },
        "random_proj": {
          "score": 88.47402597402598,
          "retention": 96.97508896797153
        },
        "learnable_proj": {
          "score": 75.64935064935064,
          "retention": 82.91814946619216
        }
      },
      "dim_256": {
        "random_coord": {
          "score": 90.42207792207793,
          "retention": 99.11032028469752
        },
        "pca": {
          "score": 91.3961038961039,
          "retention": 100.1779359430605
        },
        "random_proj": {
          "score": 89.6103896103896,
          "retention": 98.22064056939502
        },
        "learnable_proj": {
          "score": 76.94805194805194,
          "retention": 84.34163701067615
        }
      }
    },
    "TwentyNewsgroupsClustering": {
      "baseline": 53.9800485750497,
      "scalar_quant_int8": {
        "score": 54.68348759936645,
        "retention": 101.30314633440676
      },
      "dim_64": {
        "random_coord": {
          "score": 44.40124975606197,
          "retention": 82.25492738178977
        },
        "pca": {
          "score": 55.10733988230112,
          "retention": 102.088348078613
        },
        "random_proj": {
          "score": 41.43241530789095,
          "retention": 76.75505376822052
        },
        "learnable_proj": {
          "score": 46.87086200877117,
          "retention": 86.82997375151587
        }
      },
      "dim_128": {
        "random_coord": {
          "score": 51.800368453894144,
          "retention": 95.96206343140818
        },
        "pca": {
          "score": 53.842242265970384,
          "retention": 99.74470880868563
        },
        "random_proj": {
          "score": 43.944078346054084,
          "retention": 81.4080007448634
        },
        "learnable_proj": {
          "score": 45.81198728863232,
          "retention": 84.8683698847341
        }
      },
      "dim_256": {
        "random_coord": {
          "score": 51.68131135948491,
          "retention": 95.74150584105384
        },
        "pca": {
          "score": 51.90080516450873,
          "retention": 96.1481260846771
        },
        "random_proj": {
          "score": 54.3097360152058,
          "retention": 100.61075795383499
        },
        "learnable_proj": {
          "score": 46.336837813754215,
          "retention": 85.84067453983678
        }
      }
    },
    "MedrxivClusteringS2S": {
      "baseline": 31.682618157811397,
      "scalar_quant_int8": {
        "score": 32.31835311189325,
        "retention": 102.00657329175024
      },
      "dim_64": {
        "random_coord": {
          "score": 28.739278180652768,
          "retention": 90.7099218805156
        },
        "pca": {
          "score": 31.705615573977898,
          "retention": 100.07258685520229
        },
        "random_proj": {
          "score": 29.476457506495585,
          "retention": 93.03668453053056
        }
      },
      "dim_128": {
        "random_coord": {
          "score": 31.029205507234153,
          "retention": 97.937630509819
        },
        "pca": {
          "score": 31.543614377687966,
          "retention": 99.56126170056069
        },
        "random_proj": {
          "score": 29.831393570210885,
          "retention": 94.15697093472659
        }
      },
      "dim_256": {
        "random_coord": {
          "score": 31.53711886355891,
          "retention": 99.54075987808913
        },
        "pca": {
          "score": 32.98478330471919,
          "retention": 104.11003011311027
        },
        "random_proj": {
          "score": 31.486314763131297,
          "retention": 99.38040665167787
        }
      }
    },
    "NFCorpus": {
      "baseline": 39.90190621183151,
      "scalar_quant_int8": {
        "score": 39.834581454894064,
        "retention": 99.83127433416331
      },
      "dim_64": {
        "random_coord": {
          "score": 24.103247967676637,
          "retention": 60.40625688336079
        },
        "pca": {
          "score": 29.707380262088144,
          "retention": 74.45103024496474
        },
        "random_proj": {
          "score": 25.549467430977252,
          "retention": 64.03069391056174
        },
        "learnable_proj": {
          "score": 10.045705324667871,
          "retention": 25.176003550650343
        }
      },
      "dim_128": {
        "random_coord": {
          "score": 32.245223608766054,
          "retention": 80.8112360286308
        },
        "pca": {
          "score": 34.88610820466934,
          "retention": 87.42967822004726
        },
        "random_proj": {
          "score": 29.57917823584182,
          "retention": 74.12973725819433
        },
        "learnable_proj": {
          "score": 5.439261403399076,
          "retention": 13.631582848506255
        }
      },
      "dim_256": {
        "random_coord": {
          "score": 36.84232069968522,
          "retention": 92.3322322099011
        },
        "pca": {
          "score": 37.5088071938728,
          "retention": 94.00254462718094
        },
        "random_proj": {
          "score": 34.03559353631659,
          "retention": 85.29816434239558
        },
        "learnable_proj": {
          "score": 9.196473184280647,
          "retention": 23.047703875244324
        }
      }
    },
    "ArguAna": {
      "baseline": 43.426879738321134,
      "scalar_quant_int8": {
        "score": 43.37485739528629,
        "retention": 99.88020704377493
      },