{
  "model": "roberta-large-InBedder",
  "model_dim": 1024,
  "methods": {
    "ImdbClassification": {
      "baseline": 87.5,
      "budgets": {
        "64": {
          "random": {
            "score": 79.932,
            "retention": 91.35085714285715
          },
          "magnitude": {
            "score": 77.74,
            "retention": 88.84571428571428
          },
          "gradient": {
            "score": 83.02000000000001,
            "retention": 94.88000000000001
          },
          "hard_concrete_mask": {
            "score": 78.74,
            "retention": 89.98857142857142
          },
          "sigmoid_mask": {
            "score": 83.48,
            "retention": 95.4057142857143
          }
        },
        "128": {
          "random": {
            "score": 83.112,
            "retention": 94.98514285714285
          },
          "magnitude": {
            "score": 80.17999999999999,
            "retention": 91.6342857142857
          },
          "gradient": {
            "score": 85.06,
            "retention": 97.21142857142857
          },
          "hard_concrete_mask": {
            "score": 83.04,
            "retention": 94.90285714285716
          },
          "sigmoid_mask": {
            "score": 85.08,
            "retention": 97.23428571428572
          }
        },
        "256": {
          "random": {
            "score": 85.53999999999999,
            "retention": 97.75999999999999
          },
          "magnitude": {
            "score": 84.7,
            "retention": 96.80000000000001
          },
          "gradient": {
            "score": 85.9,
            "retention": 98.17142857142858
          },
          "hard_concrete_mask": {
            "score": 86.96000000000001,
            "retention": 99.38285714285715
          },
          "sigmoid_mask": {
            "score": 88.98,
            "retention": 101.69142857142856
          }
        }
      }
    },
    "Banking77Classification": {
      "baseline": 72.72727272727273,
      "budgets": {
        "64": {
          "random": {
            "score": 63.21428571428571,
            "retention": 86.91964285714285
          },
          "magnitude": {
            "score": 51.298701298701296,
            "retention": 70.53571428571428
          },
          "gradient": {
            "score": 62.175324675324674,
            "retention": 85.49107142857142
          },
          "hard_concrete_mask": {
            "score": 63.149350649350644,
            "retention": 86.83035714285712
          },
          "sigmoid_mask": {
            "score": 66.23376623376623,
            "retention": 91.07142857142856
          }
        },
        "128": {
          "random": {
            "score": 69.87012987012986,
            "retention": 96.07142857142856
          },
          "magnitude": {
            "score": 60.55194805194806,
            "retention": 83.25892857142857
          },
          "gradient": {
            "score": 67.85714285714286,
            "retention": 93.30357142857143
          },
          "hard_concrete_mask": {
            "score": 70.61688311688312,
            "retention": 97.09821428571428
          },
          "sigmoid_mask": {
            "score": 72.07792207792207,
            "retention": 99.10714285714283
          }
        },
        "256": {
          "random": {
            "score": 72.43506493506494,
            "retention": 99.59821428571429
          },
          "magnitude": {
            "score": 66.07142857142857,
            "retention": 90.84821428571428
          },
          "gradient": {
            "score": 73.7012987012987,
            "retention": 101.3392857142857
          },
          "hard_concrete_mask": {
            "score": 70.61688311688312,
            "retention": 97.09821428571428
          },
          "sigmoid_mask": {
            "score": 73.86363636363636,
            "retention": 101.56249999999997
          }
        }
      }
    },
    "TwentyNewsgroupsClustering": {
      "baseline": 21.72161336454631,
      "budgets": {
        "64": {
          "random": {
            "score": 16.490100737086248,
            "retention": 75.91563508814286
          },
          "magnitude": {
            "score": 11.854471847912102,
            "retention": 54.57454586343384
          },
          "gradient": {
            "score": 14.665731527464434,
            "retention": 67.51676904166621
          },
          "hard_concrete_mask": {
            "score": 24.53158330346948,
            "retention": 112.93628558691482
          },
          "sigmoid_mask": {
            "score": 25.983898008154117,
            "retention": 119.62232073684105
          }
        },
        "128": {
          "random": {
            "score": 18.9739167966302,
            "retention": 87.3504029290897
          },
          "magnitude": {
            "score": 13.961205861461131,
            "retention": 64.27333746879226
          },
          "gradient": {
            "score": 17.53821010988168,
            "retention": 80.74082627079294
          },
          "hard_concrete_mask": {
            "score": 26.169254968118562,
            "retention": 120.47565035307932
          },
          "sigmoid_mask": {
            "score": 26.1232788364191,
            "retention": 120.2639895941483
          }
        },
        "256": {
          "random": {
            "score": 21.657123234783647,
            "retention": 99.70310617042874
          },
          "magnitude": {
            "score": 16.324435168487124,
            "retention": 75.15295891939418
          },
          "gradient": {
            "score": 18.725296847812025,
            "retention": 86.20582888366465
          },
          "hard_concrete_mask": {
            "score": 27.056731915807696,
            "retention": 124.56133649800287
          },
          "sigmoid_mask": {
            "score": 27.28673417461457,
            "retention": 125.62020010517065
          }
        }
      }
    },
    "MedrxivClusteringS2S": {
      "baseline": 19.960177304768038,
      "budgets": {
        "64": {
          "random": {
            "score": 17.95335783206239,
            "retention": 89.9458835356825
          },
          "magnitude": {
            "score": 14.815561039110897,
            "retention": 74.22559836465878
          },
          "gradient": {
            "score": 15.941477623424834,
            "retention": 79.86641290814973
          }
        },
        "128": {
          "random": {
            "score": 19.09218129786481,
            "retention": 95.65136123968256
          },
          "magnitude": {
            "score": 16.609538372751448,
            "retention": 83.21338091913543
          },
          "gradient": {
            "score": 17.904885955038555,
            "retention": 89.7030406175875
          }
        },
        "256": {
          "random": {
            "score": 20.082224827077297,
            "retention": 100.61145510105317
          },
          "magnitude": {
            "score": 18.31732617888805,
            "retention": 91.76935604931951
          },
          "gradient": {
            "score": 18.963223665819285,
            "retention": 95.00528665789656
          }
        }
      }
    },
    "NFCorpus": {
      "baseline": 4.249091085327179,
      "budgets": {
        "64": {
          "random": {
            "score": 3.164861968602099,
            "retention": 74.48326959925373
          },
          "magnitude": {
            "score": 0.9923904406026888,
            "retention": 23.355358138345835
          },
          "hard_concrete_mask": {
            "score": 1.1460949820526734,
            "retention": 26.97270919915863
          },
          "sigmoid_mask": {
            "score": 1.0030278828732766,
            "retention": 23.605704437283055
          }
        },
        "128": {
          "random": {
            "score": 4.280858370885208,