{
  "model": "stella_en_400M_v5",
  "model_dim": 1024,
  "methods": {
    "ImdbClassification": {
      "baseline": 94.1,
      "budgets": {
        "64": {
          "random": {
            "score": 90.864,
            "retention": 96.56110520722636
          },
          "magnitude": {
            "score": 90.06,
            "retention": 95.7066950053135
          },
          "gradient": {
            "score": 92.54,
            "retention": 98.3421891604676
          },
          "hard_concrete_mask": {
            "score": 93.34,
            "retention": 99.19234856535601
          },
          "sigmoid_mask": {
            "score": 94.04,
            "retention": 99.93623804463338
          }
        },
        "128": {
          "random": {
            "score": 92.96000000000001,
            "retention": 98.78852284803402
          },
          "magnitude": {
            "score": 92.92,
            "retention": 98.74601487778959
          },
          "gradient": {
            "score": 93.72,
            "retention": 99.596174282678
          },
          "hard_concrete_mask": {
            "score": 94.39999999999999,
            "retention": 100.31880977683316
          },
          "sigmoid_mask": {
            "score": 95.04,
            "retention": 100.99893730074389
          }
        },
        "256": {
          "random": {
            "score": 93.61600000000001,
            "retention": 99.48565356004254
          },
          "magnitude": {
            "score": 93.82000000000001,
            "retention": 99.70244420828907
          },
          "gradient": {
            "score": 93.72,
            "retention": 99.596174282678
          },
          "hard_concrete_mask": {
            "score": 94.98,
            "retention": 100.93517534537726
          },
          "sigmoid_mask": {
            "score": 94.0,
            "retention": 99.89373007438896
          }
        }
      }
    },
    "Banking77Classification": {
      "baseline": 91.23376623376623,
      "budgets": {
        "64": {
          "random": {
            "score": 89.02597402597402,
            "retention": 97.58007117437722
          },
          "magnitude": {
            "score": 89.44805194805194,
            "retention": 98.04270462633451
          },
          "gradient": {
            "score": 90.5844155844156,
            "retention": 99.28825622775803
          },
          "hard_concrete_mask": {
            "score": 87.82467532467533,
            "retention": 96.26334519572954
          },
          "sigmoid_mask": {
            "score": 86.85064935064936,
            "retention": 95.19572953736656
          }
        },
        "128": {
          "random": {
            "score": 89.25324675324674,
            "retention": 97.82918149466191
          },
          "magnitude": {
            "score": 88.96103896103897,
            "retention": 97.50889679715303
          },
          "gradient": {
            "score": 90.09740259740259,
            "retention": 98.75444839857651
          },
          "hard_concrete_mask": {
            "score": 89.77272727272727,
            "retention": 98.39857651245552
          },
          "sigmoid_mask": {
            "score": 88.7987012987013,
            "retention": 97.33096085409252
          }
        },
        "256": {
          "random": {
            "score": 89.38311688311688,
            "retention": 97.97153024911033
          },
          "magnitude": {
            "score": 88.7987012987013,
            "retention": 97.33096085409252
          },
          "gradient": {
            "score": 89.6103896103896,
            "retention": 98.22064056939502
          },
          "hard_concrete_mask": {
            "score": 90.25974025974025,
            "retention": 98.932384341637
          },
          "sigmoid_mask": {
            "score": 89.44805194805194,
            "retention": 98.04270462633451
          }
        }
      }
    },
    "TwentyNewsgroupsClustering": {
      "baseline": 53.9800485750497,
      "budgets": {
        "64": {
          "random": {
            "score": 41.61040871490732,
            "retention": 77.08479301765617
          },
          "magnitude": {
            "score": 39.873480028258996,
            "retention": 73.86706955778666
          },
          "gradient": {
            "score": 46.162370837905684,
            "retention": 85.5174681321842
          },
          "hard_concrete_mask": {
            "score": 45.75188838230262,
            "retention": 84.75703447856799
          },
          "sigmoid_mask": {
            "score": 47.12356461428864,
            "retention": 87.29811450386464
          }
        },
        "128": {
          "random": {
            "score": 48.968626443684244,
            "retention": 90.71615853698619
          },
          "magnitude": {
            "score": 49.21190598851021,
            "retention": 91.16684272725277
          },
          "gradient": {
            "score": 54.895981870254005,
            "retention": 101.6967996868896
          },
          "hard_concrete_mask": {
            "score": 50.00423230738619,
            "retention": 92.63465600232678
          },
          "sigmoid_mask": {
            "score": 50.217525310564405,
            "retention": 93.02978903538003
          }
        },
        "256": {
          "random": {
            "score": 52.02929063044767,
            "retention": 96.38615007563425
          },
          "magnitude": {
            "score": 52.22511812533378,
            "retention": 96.74892762040405
          },
          "gradient": {
            "score": 55.158501283097586,
            "retention": 102.18312643125813
          },
          "hard_concrete_mask": {
            "score": 54.16380154264978,
            "retention": 100.34040904454653
          },
          "sigmoid_mask": {
            "score": 52.08767180099311,
            "retention": 96.49430331388906
          }
        }
      }
    },
    "MedrxivClusteringS2S": {
      "baseline": 31.682618157811397,
      "budgets": {
        "64": {
          "random": {
            "score": 28.847889085237718,
            "retention": 91.0527310007845
          },
          "magnitude": {
            "score": 28.23401554261759,
            "retention": 89.11515898712572
          },
          "gradient": {
            "score": 29.13745712845514,
            "retention": 91.96669600763803
          }
        },
        "128": {
          "random": {
            "score": 30.327511895524673,
            "retention": 95.72287158991429
          },
          "magnitude": {
            "score": 30.17794810321699,
            "retention": 95.25080267325247
          },
          "gradient": {
            "score": 30.112936364747934,
            "retention": 95.04560581059033
          }
        },
        "256": {
          "random": {
            "score": 31.52320973152996,
            "retention": 99.49685841780051
          },
          "magnitude": {
            "score": 31.460301615617198,
            "retention": 99.29830122912557
          },
          "gradient": {
            "score": 30.90241895274491,
            "retention": 97.53745349838101
          }
        }
      }
    },
    "NFCorpus": {
      "baseline": 39.90190621183151,
      "budgets": {
        "64": {
          "random": {
            "score": 25.18263422220013,
            "retention": 63.1113563560357
          },
          "magnitude": {
            "score": 20.315274925572716,
            "retention": 50.913043646894586
          },
          "hard_concrete_mask": {
            "score": 22.951072376189387,
            "retention": 57.518736709836816
          },
          "sigmoid_mask": {
            "score": 24.208612163834157,
            "retention": 60.67031493511943
          }
        },
        "128": {
          "random": {
            "score": 32.31470626335677,
            "retention": 80.9853697008966
          },