{
  "model": "bge-m3",
  "model_dim": 1024,
  "methods": {
    "ImdbClassification": {
      "baseline": 92.62,
      "budgets": {
        "64": {
          "random": {
            "score": 87.56,
            "retention": 94.53681710213776
          },
          "magnitude": {
            "score": 87.32,
            "retention": 94.27769380263442
          },
          "gradient": {
            "score": 89.42,
            "retention": 96.5450226732887
          },
          "hard_concrete_mask": {
            "score": 88.24,
            "retention": 95.2709997840639
          },
          "sigmoid_mask": {
            "score": 89.75999999999999,
            "retention": 96.91211401425177
          }
        },
        "128": {
          "random": {
            "score": 90.728,
            "retention": 97.95724465558193
          },
          "magnitude": {
            "score": 90.8,
            "retention": 98.03498164543294
          },
          "gradient": {
            "score": 91.12,
            "retention": 98.38047937810408
          },
          "hard_concrete_mask": {
            "score": 90.52,
            "retention": 97.7326711293457
          },
          "sigmoid_mask": {
            "score": 90.98,
            "retention": 98.22932412006045
          }
        },
        "256": {
          "random": {
            "score": 91.812,
            "retention": 99.12761822500539
          },
          "magnitude": {
            "score": 92.36,
            "retention": 99.7192830922047
          },
          "gradient": {
            "score": 91.62,
            "retention": 98.92031958540272
          },
          "hard_concrete_mask": {
            "score": 92.72,
            "retention": 100.10796804145971
          },
          "sigmoid_mask": {
            "score": 92.14,
            "retention": 99.4817534009933
          }
        }
      }
    },
    "Banking77Classification": {
      "baseline": 90.25974025974025,
      "budgets": {
        "64": {
          "random": {
            "score": 85.87662337662339,
            "retention": 95.14388489208635
          },
          "magnitude": {
            "score": 85.87662337662337,
            "retention": 95.14388489208633
          },
          "gradient": {
            "score": 86.52597402597402,
            "retention": 95.86330935251799
          },
          "hard_concrete_mask": {
            "score": 84.57792207792207,
            "retention": 93.70503597122301
          },
          "sigmoid_mask": {
            "score": 85.55194805194806,
            "retention": 94.78417266187051
          }
        },
        "128": {
          "random": {
            "score": 88.18181818181819,
            "retention": 97.69784172661872
          },
          "magnitude": {
            "score": 87.33766233766234,
            "retention": 96.76258992805757
          },
          "gradient": {
            "score": 88.63636363636364,
            "retention": 98.20143884892087
          },
          "hard_concrete_mask": {
            "score": 87.66233766233766,
            "retention": 97.12230215827338
          },
          "sigmoid_mask": {
            "score": 88.31168831168831,
            "retention": 97.84172661870505
          }
        },
        "256": {
          "random": {
            "score": 89.12337662337663,
            "retention": 98.74100719424462
          },
          "magnitude": {
            "score": 88.63636363636364,
            "retention": 98.20143884892087
          },
          "gradient": {
            "score": 88.63636363636364,
            "retention": 98.20143884892087
          },
          "hard_concrete_mask": {
            "score": 88.7987012987013,
            "retention": 98.38129496402878
          },
          "sigmoid_mask": {
            "score": 89.44805194805194,
            "retention": 99.10071942446042
          }
        }
      }
    },
    "TwentyNewsgroupsClustering": {
      "baseline": 40.00690104429721,
      "budgets": {
        "64": {
          "random": {
            "score": 23.478761558277697,
            "retention": 58.686778894174005
          },
          "magnitude": {
            "score": 21.47139993766259,
            "retention": 53.669240499004445
          },
          "gradient": {
            "score": 28.72004933108253,
            "retention": 71.78773806869611
          },
          "hard_concrete_mask": {
            "score": 30.553962522964007,
            "retention": 76.37173019008262
          },
          "sigmoid_mask": {
            "score": 26.24918078005513,
            "retention": 65.61163223062694
          }
        },
        "128": {
          "random": {
            "score": 29.938770384475113,
            "retention": 74.83401513985233
          },
          "magnitude": {
            "score": 28.599738957978538,
            "retention": 71.4870140186859
          },
          "gradient": {
            "score": 32.97093436370775,
            "retention": 82.41311749490679
          },
          "hard_concrete_mask": {
            "score": 36.725223085153345,
            "retention": 91.79722029579281
          },
          "sigmoid_mask": {
            "score": 31.897889560216232,
            "retention": 79.73096822695074
          }
        },
        "256": {
          "random": {
            "score": 33.90493037329594,
            "retention": 84.74770474162713
          },
          "magnitude": {
            "score": 31.85026249646586,
            "retention": 79.61192110631113
          },
          "gradient": {
            "score": 36.4067517499026,
            "retention": 91.00117929552107
          },
          "hard_concrete_mask": {
            "score": 39.826354933957674,
            "retention": 99.54871258301254
          },
          "sigmoid_mask": {
            "score": 36.571685599690575,
            "retention": 91.41344279377444
          }
        }
      }
    },
    "MedrxivClusteringS2S": {
      "baseline": 23.999035252922685,
      "budgets": {
        "64": {
          "random": {
            "score": 16.53554711940573,
            "retention": 68.9008826610727
          },
          "magnitude": {
            "score": 15.34321242203357,
            "retention": 63.932621708887325
          },
          "gradient": {
            "score": 19.179197459807508,
            "retention": 79.9165352176888
          }
        },
        "128": {
          "random": {
            "score": 20.395081417580958,
            "retention": 84.98292203265618
          },
          "magnitude": {
            "score": 20.299242105118985,
            "retention": 84.58357551121509
          },
          "gradient": {
            "score": 21.82067755644375,
            "retention": 90.923144728438
          }
        },
        "256": {
          "random": {
            "score": 22.720685357913034,
            "retention": 94.6733279836573
          },
          "magnitude": {
            "score": 22.71950825214947,
            "retention": 94.6684231791468
          },
          "gradient": {
            "score": 23.25139703871358,
            "retention": 96.88471554656326
          }
        }
      }
    },
    "NFCorpus": {
      "baseline": 30.827114073144713,
      "budgets": {
        "64": {
          "random": {
            "score": 11.913230696798497,
            "retention": 38.6452999412514
          },
          "magnitude": {
            "score": 9.67137764054588,
            "retention": 31.372958291192028
          },
          "hard_concrete_mask": {
            "score": 10.423411002174142,
            "retention": 33.812477474998474
          },
          "sigmoid_mask": {
            "score": 10.125301518451154,
            "retention": 32.845440849332995
          }
        },
        "128": {
          "random": {
            "score": 20.23578870075314,
            "retention": 65.64282550983813
          },