{
  "model": "gte-large-en-v1.5",
  "model_dim": 1024,
  "methods": {
    "ImdbClassification": {
      "baseline": 95.14,
      "budgets": {
        "64": {
          "random": {
            "score": 94.148,
            "retention": 98.9573260458272
          },
          "magnitude": {
            "score": 92.92,
            "retention": 97.66659659449233
          },
          "gradient": {
            "score": 94.34,
            "retention": 99.15913390792517
          },
          "hard_concrete_mask": {
            "score": 94.54,
            "retention": 99.36935043094388
          },
          "sigmoid_mask": {
            "score": 94.72,
            "retention": 99.5585453016607
          }
        },
        "128": {
          "random": {
            "score": 94.772,
            "retention": 99.61320159764558
          },
          "magnitude": {
            "score": 94.08,
            "retention": 98.88585242800085
          },
          "gradient": {
            "score": 94.76,
            "retention": 99.60058860626447
          },
          "hard_concrete_mask": {
            "score": 94.86,
            "retention": 99.70569686777381
          },
          "sigmoid_mask": {
            "score": 94.86,
            "retention": 99.70569686777381
          }
        },
        "256": {
          "random": {
            "score": 95.02799999999999,
            "retention": 99.88227874710951
          },
          "magnitude": {
            "score": 95.12,
            "retention": 99.97897834769813
          },
          "gradient": {
            "score": 94.78,
            "retention": 99.62161025856634
          },
          "hard_concrete_mask": {
            "score": 95.34,
            "retention": 100.21021652301872
          },
          "sigmoid_mask": {
            "score": 95.04,
            "retention": 99.89489173849066
          }
        }
      }
    },
    "Banking77Classification": {
      "baseline": 90.9090909090909,
      "budgets": {
        "64": {
          "random": {
            "score": 89.02597402597402,
            "retention": 97.92857142857143
          },
          "magnitude": {
            "score": 89.12337662337663,
            "retention": 98.03571428571429
          },
          "gradient": {
            "score": 89.93506493506493,
            "retention": 98.92857142857142
          },
          "hard_concrete_mask": {
            "score": 90.25974025974025,
            "retention": 99.28571428571429
          },
          "sigmoid_mask": {
            "score": 88.47402597402598,
            "retention": 97.32142857142858
          }
        },
        "128": {
          "random": {
            "score": 90.09740259740259,
            "retention": 99.10714285714285
          },
          "magnitude": {
            "score": 90.74675324675324,
            "retention": 99.82142857142857
          },
          "gradient": {
            "score": 89.44805194805194,
            "retention": 98.39285714285714
          },
          "hard_concrete_mask": {
            "score": 90.42207792207793,
            "retention": 99.46428571428572
          },
          "sigmoid_mask": {
            "score": 90.25974025974025,
            "retention": 99.28571428571429
          }
        },
        "256": {
          "random": {
            "score": 90.9090909090909,
            "retention": 100.0
          },
          "magnitude": {
            "score": 90.74675324675324,
            "retention": 99.82142857142857
          },
          "gradient": {
            "score": 90.9090909090909,
            "retention": 100.0
          },
          "hard_concrete_mask": {
            "score": 92.20779220779221,
            "retention": 101.42857142857142
          },
          "sigmoid_mask": {
            "score": 89.77272727272727,
            "retention": 98.75
          }
        }
      }
    },
    "TwentyNewsgroupsClustering": {
      "baseline": 52.55567347500073,
      "budgets": {
        "64": {
          "random": {
            "score": 34.17250549637781,
            "retention": 65.02153475900697
          },
          "magnitude": {
            "score": 37.54714086181622,
            "retention": 71.442602442677
          },
          "gradient": {
            "score": 38.844242981768595,
            "retention": 73.91065590710339
          },
          "hard_concrete_mask": {
            "score": 40.89982517929508,
            "retention": 77.82190289836166
          },
          "sigmoid_mask": {
            "score": 41.45045467863989,
            "retention": 78.86960995439763
          }
        },
        "128": {
          "random": {
            "score": 45.25101961426882,
            "retention": 86.10111263400225
          },
          "magnitude": {
            "score": 46.553766558901,
            "retention": 88.57990675553864
          },
          "gradient": {
            "score": 48.59686325465409,
            "retention": 92.46739703139806
          },
          "hard_concrete_mask": {
            "score": 48.72485739434346,
            "retention": 92.71093713130803
          },
          "sigmoid_mask": {
            "score": 47.27875687399651,
            "retention": 89.95937783289124
          }
        },
        "256": {
          "random": {
            "score": 50.96032670132389,
            "retention": 96.96446326687126
          },
          "magnitude": {
            "score": 51.8351922277005,
            "retention": 98.62910852499503
          },
          "gradient": {
            "score": 52.642066609212016,
            "retention": 100.16438403030337
          },
          "hard_concrete_mask": {
            "score": 49.06252850145122,
            "retention": 93.35343885335024
          },
          "sigmoid_mask": {
            "score": 49.68226525873305,
            "retention": 94.5326393398146
          }
        }
      }
    },
    "MedrxivClusteringS2S": {
      "baseline": 28.767588592828037,
      "budgets": {
        "64": {
          "random": {
            "score": 26.320286857460083,
            "retention": 91.49285061738513
          },
          "magnitude": {
            "score": 26.637494611729046,
            "retention": 92.5955073563933
          },
          "gradient": {
            "score": 27.311043345077497,
            "retention": 94.93685317748994
          }
        },
        "128": {
          "random": {
            "score": 28.291736778284058,
            "retention": 98.34587520949665
          },
          "magnitude": {
            "score": 28.210775671697558,
            "retention": 98.06444353396621
          },
          "gradient": {
            "score": 28.632581953850817,
            "retention": 99.53069879826188
          }
        },
        "256": {
          "random": {
            "score": 29.203746784701007,
            "retention": 101.51614442922654
          },
          "magnitude": {
            "score": 28.966024864281785,
            "retention": 100.68979111966034
          },
          "gradient": {
            "score": 28.820166360510164,
            "retention": 100.18276737903307
          }
        }
      }
    },
    "NFCorpus": {
      "baseline": 35.23001777602102,
      "budgets": {
        "64": {
          "random": {
            "score": 24.280117347461633,
            "retention": 68.91883365437207
          },
          "magnitude": {
            "score": 21.018581666500243,
            "retention": 59.661002160510805
          },
          "hard_concrete_mask": {
            "score": 19.429022712673767,
            "retention": 55.149057364081
          },
          "sigmoid_mask": {
            "score": 17.88037971789455,
            "retention": 50.75325204651091
          }
        },
        "128": {
          "random": {
            "score": 29.442476833401066,
            "retention": 83.57213164235418
          },
          "magnitude": {
            "score": 26.074349270349106,