{
  "model": "roberta-large",
  "model_dim": 1024,
  "target_dims": [
    64,
    128,
    256
  ],
  "methods": {
    "ImdbClassification": {
      "baseline": 83.6,
      "scalar_quant_int8": {
        "score": 80.42,
        "retention": 96.19617224880383
      },
      "dim_64": {
        "random_coord": {
          "score": 79.94,
          "retention": 95.622009569378
        },
        "pca": {
          "score": 83.24000000000001,
          "retention": 99.56937799043064
        },
        "random_proj": {
          "score": 75.44,
          "retention": 90.23923444976076
        },
        "learnable_proj": {
          "score": 92.16,
          "retention": 110.23923444976076
        }
      },
      "dim_128": {
        "random_coord": {
          "score": 81.38,
          "retention": 97.3444976076555
        },
        "pca": {
          "score": 83.64,
          "retention": 100.04784688995217
        },
        "random_proj": {
          "score": 78.97999999999999,
          "retention": 94.47368421052632
        },
        "learnable_proj": {
          "score": 92.67999999999999,
          "retention": 110.86124401913875
        }
      },
      "dim_256": {
        "random_coord": {
          "score": 83.16,
          "retention": 99.47368421052632
        },
        "pca": {
          "score": 83.72,
          "retention": 100.14354066985646
        },
        "random_proj": {
          "score": 81.10000000000001,
          "retention": 97.00956937799045
        },
        "learnable_proj": {
          "score": 92.32000000000001,
          "retention": 110.43062200956939
        }
      }
    },
    "Banking77Classification": {
      "baseline": 64.93506493506493,
      "scalar_quant_int8": {
        "score": 58.44155844155844,
        "retention": 90.00000000000001
      },
      "dim_64": {
        "random_coord": {
          "score": 56.65584415584416,
          "retention": 87.25
        },
        "pca": {
          "score": 62.33766233766234,
          "retention": 96.00000000000001
        },
        "random_proj": {
          "score": 51.298701298701296,
          "retention": 79.0
        },
        "learnable_proj": {
          "score": 57.467532467532465,
          "retention": 88.5
        }
      },
      "dim_128": {
        "random_coord": {
          "score": 59.9025974025974,
          "retention": 92.25000000000001
        },
        "pca": {
          "score": 65.09740259740259,
          "retention": 100.25
        },
        "random_proj": {
          "score": 58.27922077922077,
          "retention": 89.75
        },
        "learnable_proj": {
          "score": 56.81818181818182,
          "retention": 87.50000000000001
        }
      },
      "dim_256": {
        "random_coord": {
          "score": 62.175324675324674,
          "retention": 95.75
        },
        "pca": {
          "score": 67.04545454545455,
          "retention": 103.25000000000001
        },
        "random_proj": {
          "score": 61.850649350649356,
          "retention": 95.25000000000001
        },
        "learnable_proj": {
          "score": 58.76623376623377,
          "retention": 90.50000000000001
        }
      }
    },
    "TwentyNewsgroupsClustering": {
      "baseline": 20.1849599230919,
      "scalar_quant_int8": {
        "score": 23.426311002260295,
        "retention": 116.0582487729403
      },
      "dim_64": {
        "random_coord": {
          "score": 17.960162381576925,
          "retention": 88.97794422187695
        },
        "pca": {
          "score": 23.812723984982632,
          "retention": 117.97260968420609
        },
        "random_proj": {
          "score": 17.027488326947296,
          "retention": 84.35730559696377
        },
        "learnable_proj": {
          "score": 28.76714136599179,
          "retention": 142.5177036545995
        }
      },
      "dim_128": {
        "random_coord": {
          "score": 19.838369903590785,
          "retention": 98.28292936512294
        },
        "pca": {
          "score": 24.345927915955357,
          "retention": 120.61419992270208
        },
        "random_proj": {
          "score": 19.893396910232212,
          "retention": 98.55554326602287
        },
        "learnable_proj": {
          "score": 28.537673346320435,
          "retention": 141.38087692546225
        }
      },
      "dim_256": {
        "random_coord": {
          "score": 22.065926343285224,
          "retention": 109.31865323171372
        },
        "pca": {
          "score": 22.680115401284628,
          "retention": 112.36145866873004
        },
        "random_proj": {
          "score": 20.859078026655332,
          "retention": 103.3397049393803
        },
        "learnable_proj": {
          "score": 28.707159186180597,
          "retention": 142.22054091541284
        }
      }
    },
    "MedrxivClusteringS2S": {
      "baseline": 19.16785323113885,
      "scalar_quant_int8": {
        "score": 18.87295777556961,
        "retention": 98.46151025880054
      },
      "dim_64": {
        "random_coord": {
          "score": 17.500200955850236,
          "retention": 91.29974413316431
        },
        "pca": {
          "score": 19.093648189665586,
          "retention": 99.6128672283826
        },
        "random_proj": {
          "score": 17.356689429255198,
          "retention": 90.55103469312175
        }
      },
      "dim_128": {
        "random_coord": {
          "score": 17.154279724170163,
          "retention": 89.4950494315265
        },
        "pca": {
          "score": 19.250341804044705,
          "retention": 100.43034852109494
        },
        "random_proj": {
          "score": 18.922725847042308,
          "retention": 98.72115368820582
        }
      },
      "dim_256": {
        "random_coord": {
          "score": 18.837459021603514,
          "retention": 98.27631083381524
        },
        "pca": {
          "score": 19.60921376867677,
          "retention": 102.30260808143561
        },
        "random_proj": {
          "score": 18.940530870042544,
          "retention": 98.81404370977229
        }
      }
    },
    "NFCorpus": {
      "baseline": 2.743666110691744,
      "scalar_quant_int8": {
        "score": 2.4248894859671157,
        "retention": 88.3813623136433
      },
      "dim_64": {
        "random_coord": {
          "score": 2.923075941765348,
          "retention": 106.53905482064545
        },
        "pca": {
          "score": 2.3621589348444867,
          "retention": 86.09498530595364
        },
        "random_proj": {
          "score": 2.7015044104195614,
          "retention": 98.4633079036883
        },
        "learnable_proj": {
          "score": 1.8649923619938897,
          "retention": 67.97446506796997
        }
      },
      "dim_128": {
        "random_coord": {
          "score": 2.7609519816405768,
          "retention": 100.63002822688489
        },
        "pca": {
          "score": 2.52870167323809,
          "retention": 92.16506569017407
        },
        "random_proj": {
          "score": 2.23865744170943,
          "retention": 81.59365430748463
        },
        "learnable_proj": {
          "score": 1.695076721990741,
          "retention": 61.7814505702872
        }
      },
      "dim_256": {
        "random_coord": {
          "score": 2.9688811891532376,
          "retention": 108.2085454051372
        },
        "pca": {
          "score": 2.511334655283032,
          "retention": 91.53207985099414
        },
        "random_proj": {
          "score": 2.3307410480518196,
          "retention": 84.94987924985465
        },
        "learnable_proj": {
          "score": 1.3501625313907755,
          "retention": 49.21016176601631
        }
      }
    },
    "ArguAna": {
      "baseline": 21.712148887587464,
      "scalar_quant_int8": {
        "score": 18.711007270730473,
        "retention": 86.17759286565733
      },