{
  "model": "gte-large-en-v1.5",
  "target_dim": 256,
  "n_tasks": 36,
  "scores": {
    "NFCorpus": 31.874000000000002,
    "BIOSSES": 84.2851,
    "TwitterURLCorpus": 83.65310000000001,
    "MassiveScenarioClassification": 79.805,
    "MindSmallReranking": 30.092299999999998,
    "EmotionClassification": 44.17,
    "MedrxivClusteringS2S": 31.728299999999997,
    "MTOPIntentClassification": 80.5449,
    "STS17": 38.1386,
    "SciDocsRR": 84.6026,
    "AmazonCounterfactualClassification": 67.9254,
    "SICK-R": 78.061,
    "STS13": 84.3357,
    "ToxicConversationsClassification": 77.24119999999999,
    "SprintDuplicateQuestions": 93.6946,
    "SummEval": 30.818,
    "ImdbClassification": 91.04560000000001,
    "TwentyNewsgroupsClustering": 46.9054,
    "STSBenchmark": 81.5694,
    "BiorxivClusteringS2S": 36.607800000000005,
    "STS15": 84.75789999999999,
    "ArguAna": 70.307,
    "STS16": 78.6998,
    "SciFact": 78.969,
    "Banking77Classification": 86.82140000000001,
    "TwitterSemEval2015": 74.384,
    "CQADupstackEnglishRetrieval": 43.774,
    "TweetSentimentExtractionClassification": 61.33840000000001,
    "SCIDOCS": 23.855,
    "MassiveIntentClassification": 77.5118,
    "StackOverflowDupQuestions": 51.9266,
    "MTOPDomainClassification": 95.5814,
    "STS14": 78.6425,
    "STS12": 73.3428,
    "AmazonReviewsClassification": 50.804,
    "AskUbuntuDupQuestions": 61.650000000000006
  }
}