{
  "model": "stella_en_400M_v5",
  "target_dim": 256,
  "n_tasks": 36,
  "scores": {
    "AmazonCounterfactualClassification": 71.6191904047976,
    "AmazonReviewsClassification": 42.062,
    "Banking77Classification": 86.75974025974025,
    "EmotionClassification": 51.585000000000015,
    "ImdbClassification": 85.60719999999999,
    "MTOPDomainClassification": 95.43775649794802,
    "MTOPIntentClassification": 80.63155494756043,
    "MassiveIntentClassification": 77.71687962340282,
    "MassiveScenarioClassification": 81.33154001344988,
    "ToxicConversationsClassification": 64.31640625,
    "TweetSentimentExtractionClassification": 57.031692133559694,
    "BiorxivClusteringS2S": 37.408266533447495,
    "MedrxivClusteringS2S": 34.456195476170805,
    "TwentyNewsgroupsClustering": 49.65790340270143,
    "SprintDuplicateQuestions": 93.09806082016163,
    "TwitterSemEval2015": 76.0796224303567,
    "TwitterURLCorpus": 86.65939075013887,
    "AskUbuntuDupQuestions": 60.99810158246122,
    "MindSmallReranking": 32.30838803786931,
    "SciDocsRR": 85.91879250964668,
    "StackOverflowDupQuestions": 50.00353508236075,
    "ArguAna": 53.236000000000004,
    "CQADupstackEnglishRetrieval": 42.925000000000004,
    "NFCorpus": 37.012,
    "SCIDOCS": 20.501,
    "SciFact": 74.82600000000001,
    "BIOSSES": 85.89713794745035,
    "SICK-R": 80.38617829937085,
    "STS12": 74.28134104837875,
    "STS13": 83.95001176252231,
    "STS14": 79.67456332559067,
    "STS15": 86.00627792995846,
    "STS16": 84.41352904636774,
    "STS17": 15.289543830135056,
    "STSBenchmark": 85.29892768926635,
    "SummEval": 30.616870140133877
  }
}