{
  "model": "gte-large-en-v1.5",
  "model_dim": 1024,
  "win_size": 2,
  "ood_pairs": {
    "retrieval": {
      "source": [
        "NFCorpus"
      ],
      "target": [
        "ArguAna",
        "SciFact"
      ],
      "budgets": {
        "64": {
          "ArguAna": {
            "baseline": 52.81652159115994,
            "source_opt_score": 48.732613600145584,
            "source_opt_retention": 92.26774526609891,
            "random_mean": 47.38295637958206,
            "random_retention": 89.71237588564085,
            "oracle_score": 47.8182653505414,
            "oracle_retention": 90.53656679758497
          },
          "SciFact": {
            "baseline": 81.83517924363409,
            "source_opt_score": 65.84633509371744,
            "source_opt_retention": 80.46213829102061,
            "random_mean": 65.22139197141298,
            "random_retention": 79.69847756701348,
            "oracle_score": 70.55738433330315,
            "oracle_retention": 86.21889141739952
          }
        },
        "128": {
          "ArguAna": {
            "baseline": 52.81652159115994,
            "source_opt_score": 50.70346565905383,
            "source_opt_retention": 95.99925199833726,
            "random_mean": 50.19005098420559,
            "random_retention": 95.02717989025247,
            "oracle_score": 50.7425665324971,
            "oracle_retention": 96.07328351776584
          },
          "SciFact": {
            "baseline": 81.83517924363409,
            "source_opt_score": 76.24991613856264,
            "source_opt_retention": 93.17498518767412,
            "random_mean": 75.09768263391514,
            "random_retention": 91.76699229843375,
            "oracle_score": 76.47194488874925,
            "oracle_retention": 93.44629729603477
          }
        },
        "256": {
          "ArguAna": {
            "baseline": 52.81652159115994,
            "source_opt_score": 51.997855144030645,
            "source_opt_retention": 98.44998038025602,
            "random_mean": 51.78436283402507,
            "random_retention": 98.04576536651814,
            "oracle_score": 51.907637491383085,
            "oracle_retention": 98.27916706288931
          },
          "SciFact": {
            "baseline": 81.83517924363409,
            "source_opt_score": 79.56818112140192,
            "source_opt_retention": 97.2298000160994,
            "random_mean": 79.04577297438405,
            "random_retention": 96.59143378797326,
            "oracle_score": 80.03172343309994,
            "oracle_retention": 97.79623405581476
          }
        }
      }
    },
    "classification": {
      "source": [
        "ImdbClassification"
      ],
      "target": [
        "Banking77Classification"
      ],
      "budgets": {
        "64": {
          "Banking77Classification": {
            "baseline": 90.9090909090909,
            "source_opt_score": 90.09740259740259,
            "source_opt_retention": 99.10714285714285,
            "random_mean": 89.02597402597402,
            "random_retention": 97.92857142857143,
            "oracle_score": 87.66233766233766,
            "oracle_retention": 96.42857142857143
          }
        },
        "128": {
          "Banking77Classification": {
            "baseline": 90.9090909090909,
            "source_opt_score": 90.74675324675324,
            "source_opt_retention": 99.82142857142857,
            "random_mean": 90.09740259740259,
            "random_retention": 99.10714285714285,
            "oracle_score": 90.25974025974025,
            "oracle_retention": 99.28571428571429
          }
        },
        "256": {
          "Banking77Classification": {
            "baseline": 90.9090909090909,
            "source_opt_score": 90.5844155844156,
            "source_opt_retention": 99.64285714285715,
            "random_mean": 90.9090909090909,
            "random_retention": 100.0,
            "oracle_score": 91.23376623376623,
            "oracle_retention": 100.35714285714286
          }
        }
      }
    },
    "sts": {
      "source": [
        "STSBenchmark"
      ],
      "target": [
        "BIOSSES"
      ],
      "budgets": {
        "64": {
          "BIOSSES": {
            "baseline": 85.18627837653882,
            "source_opt_score": 83.53081896902621,
            "source_opt_retention": 98.0566595476854,
            "random_mean": 78.52841582925063,
            "random_retention": 92.18434861321299,
            "oracle_score": 86.33449731057051,
            "oracle_retention": 101.34789188577574
          }
        },
        "128": {
          "BIOSSES": {
            "baseline": 85.18627837653882,
            "source_opt_score": 83.52599958210477,
            "source_opt_retention": 98.0510020791197,
            "random_mean": 82.20018624001825,
            "random_retention": 96.4946324766983,
            "oracle_score": 88.13212863226542,
            "oracle_retention": 103.4581276607782
          }
        },
        "256": {
          "BIOSSES": {
            "baseline": 85.18627837653882,
            "source_opt_score": 84.3591510961477,
            "source_opt_retention": 99.02903695741341,
            "random_mean": 84.07167466628417,
            "random_retention": 98.69156895747,
            "oracle_score": 89.55565504418402,
            "oracle_retention": 105.12920243836896
          }
        }
      }
    }
  },
  "total_time_s": 4059.6001632213593
}