{
  "model": "stella_en_400M_v5",
  "model_dim": 1024,
  "tasks": {
    "NFCorpus": {
      "methods": {
        "64": {
          "full": {
            "recall_at_10": 0.1959403773620543,
            "ndcg_at_10": 0.42111399073304606,
            "build_time_s": 0.043871164321899414,
            "latency_p50_ms": 0.5573081970214844,
            "throughput_qps": 1794.3392997706972,
            "memory_mb": 14.19140625,
            "n_corpus": 3633,
            "n_queries": 100,
            "dim": 1024
          },
          "random_coord": {
            "recall_at_10": 0.10788556859714847,
            "ndcg_at_10": 0.250884071179078,
            "build_time_s": 0.00214385986328125,
            "latency_p50_ms": 0.13431072235107422,
            "throughput_qps": 7445.421947669259,
            "memory_mb": 0.886962890625,
            "n_corpus": 3633,
            "n_queries": 100,
            "dim": 64
          },
          "pca": {
            "recall_at_10": 0.004729661257834444,
            "ndcg_at_10": 0.02174766518077038,
            "build_time_s": 0.00044536590576171875,
            "latency_p50_ms": 1.020216941833496,
            "throughput_qps": 980.1836834848449,
            "memory_mb": 0.886962890625,
            "n_corpus": 3633,
            "n_queries": 100,
            "dim": 64
          },
          "random_proj": {
            "recall_at_10": 0.11108693441535417,
            "ndcg_at_10": 0.2727942264575231,
            "build_time_s": 0.0004277229309082031,
            "latency_p50_ms": 1.0403037071228027,
            "throughput_qps": 961.2577492064584,
            "memory_mb": 0.886962890625,
            "n_corpus": 3633,
            "n_queries": 100,
            "dim": 64
          }
        },
        "128": {
          "full": {
            "recall_at_10": 0.1959403773620543,
            "ndcg_at_10": 0.4212665659208409,
            "build_time_s": 0.010602712631225586,
            "latency_p50_ms": 1.1728310585021973,
            "throughput_qps": 852.6377202843546,
            "memory_mb": 14.19140625,
            "n_corpus": 3633,
            "n_queries": 100,
            "dim": 1024
          },
          "random_coord": {
            "recall_at_10": 0.14329822007778475,
            "ndcg_at_10": 0.32999201046124194,
            "build_time_s": 0.0008893013000488281,
            "latency_p50_ms": 0.6104254722595215,
            "throughput_qps": 1638.201624022091,
            "memory_mb": 1.77392578125,
            "n_corpus": 3633,
            "n_queries": 100,
            "dim": 128
          },
          "pca": {
            "recall_at_10": 0.0033273268231655676,
            "ndcg_at_10": 0.015585564926204973,
            "build_time_s": 0.0011281967163085938,
            "latency_p50_ms": 1.2241649627685547,
            "throughput_qps": 816.8833698184056,
            "memory_mb": 1.77392578125,
            "n_corpus": 3633,
            "n_queries": 100,
            "dim": 128
          },
          "random_proj": {
            "recall_at_10": 0.13566730537783292,
            "ndcg_at_10": 0.32387705823777624,
            "build_time_s": 0.001093149185180664,
            "latency_p50_ms": 0.8261990547180176,
            "throughput_qps": 1210.3620722990306,
            "memory_mb": 1.77392578125,
            "n_corpus": 3633,
            "n_queries": 100,
            "dim": 128
          }
        },
        "256": {
          "full": {
            "recall_at_10": 0.1959403773620543,
            "ndcg_at_10": 0.4212665659208409,
            "build_time_s": 0.019942760467529297,
            "latency_p50_ms": 1.5825700759887695,
            "throughput_qps": 631.883551428339,
            "memory_mb": 14.19140625,
            "n_corpus": 3633,
            "n_queries": 100,
            "dim": 1024
          },
          "random_coord": {
            "recall_at_10": 0.18094364395559848,
            "ndcg_at_10": 0.3863776283346162,
            "build_time_s": 0.005715131759643555,
            "latency_p50_ms": 1.3857793807983398,
            "throughput_qps": 721.6155860422065,
            "memory_mb": 3.5478515625,
            "n_corpus": 3633,
            "n_queries": 100,
            "dim": 256
          },
          "pca": {
            "recall_at_10": 0.0019728417323947533,
            "ndcg_at_10": 0.012348692470778038,
            "build_time_s": 0.008228063583374023,
            "latency_p50_ms": 1.8587946891784668,
            "throughput_qps": 537.9830305206924,
            "memory_mb": 3.5478515625,
            "n_corpus": 3633,
            "n_queries": 100,
            "dim": 256
          },
          "random_proj": {
            "recall_at_10": 0.17242721528952493,
            "ndcg_at_10": 0.36939021498076174,
            "build_time_s": 0.0019550323486328125,
            "latency_p50_ms": 1.5545320510864258,
            "throughput_qps": 643.2804002343494,
            "memory_mb": 3.5478515625,
            "n_corpus": 3633,
            "n_queries": 100,
            "dim": 256
          }
        }
      }
    },
    "ArguAna": {
      "methods": {
        "64": {
          "full": {
            "recall_at_10": 0.89,
            "ndcg_at_10": 0.4574327514902711,
            "build_time_s": 0.01303553581237793,
            "latency_p50_ms": 0.8132314682006836,
            "throughput_qps": 1229.6622045535835,
            "memory_mb": 19.53125,
            "n_corpus": 5000,
            "n_queries": 100,
            "dim": 1024
          },
          "random_coord": {
            "recall_at_10": 0.84,
            "ndcg_at_10": 0.41403434539800466,
            "build_time_s": 0.0013315677642822266,
            "latency_p50_ms": 0.09743452072143555,
            "throughput_qps": 10263.302909437933,
            "memory_mb": 1.220703125,
            "n_corpus": 5000,
            "n_queries": 100,
            "dim": 64
          },
          "pca": {
            "recall_at_10": 0.0,
            "ndcg_at_10": 0.0,
            "build_time_s": 0.0008897781372070312,
            "latency_p50_ms": 1.0097885131835938,
            "throughput_qps": 990.3063730119753,
            "memory_mb": 1.220703125,
            "n_corpus": 5000,
            "n_queries": 100,
            "dim": 64
          },
          "random_proj": {
            "recall_at_10": 0.75,
            "ndcg_at_10": 0.3756516589559894,
            "build_time_s": 0.0010004043579101562,
            "latency_p50_ms": 1.0323452949523926,
            "throughput_qps": 968.668143197297,
            "memory_mb": 1.220703125,
            "n_corpus": 5000,
            "n_queries": 100,
            "dim": 64
          }
        },
        "128": {
          "full": {
            "recall_at_10": 0.89,
            "ndcg_at_10": 0.4574327514902711,
            "build_time_s": 0.03377652168273926,
            "latency_p50_ms": 0.6375384330749512,
            "throughput_qps": 1568.5328885614597,
            "memory_mb": 19.53125,
            "n_corpus": 5000,
            "n_queries": 100,
            "dim": 1024
          },
          "random_coord": {
            "recall_at_10": 0.87,
            "ndcg_at_10": 0.43491419432121403,
            "build_time_s": 0.0023653507232666016,
            "latency_p50_ms": 0.4791688919067383,
            "throughput_qps": 2086.9468300012936,
            "memory_mb": 2.44140625,
            "n_corpus": 5000,
            "n_queries": 100,
            "dim": 128
          },
          "pca": {
            "recall_at_10": 0.0,
            "ndcg_at_10": 0.0,
            "build_time_s": 0.011578083038330078,
            "latency_p50_ms": 0.05466938018798828,
            "throughput_qps": 18291.774967291756,
            "memory_mb": 2.44140625,
            "n_corpus": 5000,
            "n_queries": 100,
            "dim": 128
          },
          "random_proj": {
            "recall_at_10": 0.85,
            "ndcg_at_10": 0.41434332217627484,
            "build_time_s": 0.0024824142456054688,