{
  "model": "roberta-large",
  "model_dim": 1024,
  "tasks": {
    "NFCorpus": {
      "methods": {
        "64": {
          "full": {
            "recall_at_10": 0.0015034790934997603,
            "ndcg_at_10": 0.019992480939830727,
            "build_time_s": 0.019473791122436523,
            "latency_p50_ms": 0.1760268211364746,
            "throughput_qps": 5680.952445449743,
            "memory_mb": 14.19140625,
            "n_corpus": 3633,
            "n_queries": 100,
            "dim": 1024
          },
          "random_coord": {
            "recall_at_10": 0.005784286850536094,
            "ndcg_at_10": 0.026338518192606672,
            "build_time_s": 0.0013623237609863281,
            "latency_p50_ms": 0.01750946044921875,
            "throughput_qps": 57111.9825708061,
            "memory_mb": 0.886962890625,
            "n_corpus": 3633,
            "n_queries": 100,
            "dim": 64
          },
          "pca": {
            "recall_at_10": 0.0018719743470074707,
            "ndcg_at_10": 0.014834673456205556,
            "build_time_s": 0.0002894401550292969,
            "latency_p50_ms": 0.43256521224975586,
            "throughput_qps": 2311.7901571396287,
            "memory_mb": 0.886962890625,
            "n_corpus": 3633,
            "n_queries": 100,
            "dim": 64
          },
          "random_proj": {
            "recall_at_10": 0.002450549380790576,
            "ndcg_at_10": 0.01698207602881882,
            "build_time_s": 0.0005366802215576172,
            "latency_p50_ms": 0.22881507873535156,
            "throughput_qps": 4370.341349560288,
            "memory_mb": 0.886962890625,
            "n_corpus": 3633,
            "n_queries": 100,
            "dim": 64
          }
        },
        "128": {
          "full": {
            "recall_at_10": 0.0015034790934997603,
            "ndcg_at_10": 0.019992480939830727,
            "build_time_s": 0.008996248245239258,
            "latency_p50_ms": 0.509793758392334,
            "throughput_qps": 1961.5775664919115,
            "memory_mb": 14.19140625,
            "n_corpus": 3633,
            "n_queries": 100,
            "dim": 1024
          },
          "random_coord": {
            "recall_at_10": 0.003807577816285751,
            "ndcg_at_10": 0.025264282969545134,
            "build_time_s": 0.0006806850433349609,
            "latency_p50_ms": 0.028965473175048828,
            "throughput_qps": 34523.86204625895,
            "memory_mb": 1.77392578125,
            "n_corpus": 3633,
            "n_queries": 100,
            "dim": 128
          },
          "pca": {
            "recall_at_10": 0.0025470407437727426,
            "ndcg_at_10": 0.01914839581513117,
            "build_time_s": 0.0005691051483154297,
            "latency_p50_ms": 0.44868946075439453,
            "throughput_qps": 2228.71292389768,
            "memory_mb": 1.77392578125,
            "n_corpus": 3633,
            "n_queries": 100,
            "dim": 128
          },
          "random_proj": {
            "recall_at_10": 0.006185607168286649,
            "ndcg_at_10": 0.01808457308907834,
            "build_time_s": 0.0010650157928466797,
            "latency_p50_ms": 0.671684741973877,
            "throughput_qps": 1488.7936817818795,
            "memory_mb": 1.77392578125,
            "n_corpus": 3633,
            "n_queries": 100,
            "dim": 128
          }
        },
        "256": {
          "full": {
            "recall_at_10": 0.0015034790934997603,
            "ndcg_at_10": 0.019992480939830727,
            "build_time_s": 0.005765676498413086,
            "latency_p50_ms": 0.16882658004760742,
            "throughput_qps": 5923.237915013204,
            "memory_mb": 14.19140625,
            "n_corpus": 3633,
            "n_queries": 100,
            "dim": 1024
          },
          "random_coord": {
            "recall_at_10": 0.013907483934805995,
            "ndcg_at_10": 0.021792475861485795,
            "build_time_s": 0.0011811256408691406,
            "latency_p50_ms": 0.050580501556396484,
            "throughput_qps": 19770.46429413151,
            "memory_mb": 3.5478515625,
            "n_corpus": 3633,
            "n_queries": 100,
            "dim": 256
          },
          "pca": {
            "recall_at_10": 0.0034389599929404847,
            "ndcg_at_10": 0.017980994519805216,
            "build_time_s": 0.0017075538635253906,
            "latency_p50_ms": 0.291903018951416,
            "throughput_qps": 3425.7953329576176,
            "memory_mb": 3.5478515625,
            "n_corpus": 3633,
            "n_queries": 100,
            "dim": 256
          },
          "random_proj": {
            "recall_at_10": 0.003370768375283062,
            "ndcg_at_10": 0.019730670668337794,
            "build_time_s": 0.0016834735870361328,
            "latency_p50_ms": 0.6560206413269043,
            "throughput_qps": 1524.3422798059275,
            "memory_mb": 3.5478515625,
            "n_corpus": 3633,
            "n_queries": 100,
            "dim": 256
          }
        }
      }
    },
    "ArguAna": {
      "methods": {
        "64": {
          "full": {
            "recall_at_10": 0.51,
            "ndcg_at_10": 0.25348714528033645,
            "build_time_s": 0.023064136505126953,
            "latency_p50_ms": 0.22073030471801758,
            "throughput_qps": 4530.415528024108,
            "memory_mb": 19.53125,
            "n_corpus": 5000,
            "n_queries": 100,
            "dim": 1024
          },
          "random_coord": {
            "recall_at_10": 0.34,
            "ndcg_at_10": 0.1598499947640146,
            "build_time_s": 0.0005476474761962891,
            "latency_p50_ms": 0.026106834411621094,
            "throughput_qps": 38304.14611872146,
            "memory_mb": 1.220703125,
            "n_corpus": 5000,
            "n_queries": 100,
            "dim": 64
          },
          "pca": {
            "recall_at_10": 0.01,
            "ndcg_at_10": 0.003868528072345416,
            "build_time_s": 0.0002753734588623047,
            "latency_p50_ms": 0.7490873336791992,
            "throughput_qps": 1334.95782806582,
            "memory_mb": 1.220703125,
            "n_corpus": 5000,
            "n_queries": 100,
            "dim": 64
          },
          "random_proj": {
            "recall_at_10": 0.41,
            "ndcg_at_10": 0.19731697441132542,
            "build_time_s": 0.0006320476531982422,
            "latency_p50_ms": 0.7724905014038086,
            "throughput_qps": 1294.5142991179175,
            "memory_mb": 1.220703125,
            "n_corpus": 5000,
            "n_queries": 100,
            "dim": 64
          }
        },
        "128": {
          "full": {
            "recall_at_10": 0.51,
            "ndcg_at_10": 0.25348714528033645,
            "build_time_s": 0.007945775985717773,
            "latency_p50_ms": 0.23303985595703125,
            "throughput_qps": 4291.111474873138,
            "memory_mb": 19.53125,
            "n_corpus": 5000,
            "n_queries": 100,
            "dim": 1024
          },
          "random_coord": {
            "recall_at_10": 0.46,
            "ndcg_at_10": 0.21559019272271332,
            "build_time_s": 0.0010540485382080078,
            "latency_p50_ms": 0.037689208984375,
            "throughput_qps": 26532.793522267206,
            "memory_mb": 2.44140625,
            "n_corpus": 5000,
            "n_queries": 100,
            "dim": 128
          },
          "pca": {
            "recall_at_10": 0.01,
            "ndcg_at_10": 0.005,
            "build_time_s": 0.0009908676147460938,
            "latency_p50_ms": 0.4229569435119629,
            "throughput_qps": 2364.3068528362296,
            "memory_mb": 2.44140625,
            "n_corpus": 5000,
            "n_queries": 100,
            "dim": 128
          },
          "random_proj": {
            "recall_at_10": 0.45,
            "ndcg_at_10": 0.2160643089223992,