{
  "inbedder_mechanism": {
    "GTE-Large": {
      "mean_entropy": 0.9926774776447694,
      "std_entropy": 0.01586910152035633,
      "min_entropy": 0.9348337427118392,
      "max_entropy": 0.9999999917926681,
      "gini_coefficient": 0.01654821259882096,
      "chunk_cv": 0.029367009692622563,
      "top_10pct_concentration": 0.1049208367771062,
      "top_25pct_concentration": 0.25967393213096296,
      "top_50pct_concentration": 0.5115838338915375,
      "cross_task_cv_mean": 0.8053237916172407,
      "mean_opt_random_gap": -0.5676637744393679,
      "n_tasks_with_positive_gap": 1,
      "top_gap_tasks": [
        [
          "STS17",
          0.22390836071995002,
          0.9175081817421028,
          0.6935998210221528
        ],
        [
          "SummEval",
          -0.10951822692868363,
          0.888236844632819,
          0.9977550715615027
        ],
        [
          "AmazonCounterfactualClassification",
          -0.16564743904328938,
          0.7922717674863106,
          0.9579192065295999
        ],
        [
          "ImdbClassification",
          -0.1934594872064579,
          0.7993948672390758,
          0.9928543544455337
        ],
        [
          "ToxicConversationsClassification",
          -0.19879664179104473,
          0.7705119174535486,
          0.9693085592445934
        ],
        [
          "TweetSentimentExtractionClassification",
          -0.27915822664398593,
          0.7000754006446126,
          0.9792336272885985
        ],
        [
          "AskUbuntuDupQuestions",
          -0.30555376765607867,
          0.6864814006678187,
          0.9920351683238974
        ],
        [
          "EmotionClassification",
          -0.3884705882352939,
          0.5553475935828878,
          0.9438181818181817
        ],
        [
          "TwitterURLCorpus",
          -0.4244936566638202,
          0.5694712157856445,
          0.9939648724494647
        ],
        [
          "AmazonReviewsClassification",
          -0.43038296998449377,
          0.5199751486007532,
          0.950358118585247
        ]
      ]
    },
    "Stella": {
      "mean_entropy": 0.9919158511326734,
      "std_entropy": 0.017094836452554156,
      "min_entropy": 0.9277000563828659,
      "max_entropy": 0.9999999917926681,
      "gini_coefficient": 0.016674678226553368,
      "chunk_cv": 0.029641667636452627,
      "top_10pct_concentration": 0.10480261652467329,
      "top_25pct_concentration": 0.2594668912724304,
      "top_50pct_concentration": 0.5118343073003748,
      "cross_task_cv_mean": 0.7883827988440562,
      "mean_opt_random_gap": -0.5758483927093546,
      "n_tasks_with_positive_gap": 0,
      "top_gap_tasks": [
        [
          "SummEval",
          -0.09630229234633947,
          0.9145167622039692,
          1.0108190545503086
        ],
        [
          "ToxicConversationsClassification",
          -0.12466518682944872,
          0.8431927487976323,
          0.967857935627081
        ],
        [
          "AmazonCounterfactualClassification",
          -0.18105251218178198,
          0.7728058808174226,
          0.9538583929992046
        ],
        [
          "STS17",
          -0.21954800061687363,
          0.7155750615534957,
          0.9351230621703693
        ],
        [
          "ImdbClassification",
          -0.24821626187348178,
          0.7194612308805338,
          0.9676774927540156
        ],
        [
          "TweetSentimentExtractionClassification",
          -0.2824913327749079,
          0.6546997882637628,
          0.9371911210386707
        ],
        [
          "AskUbuntuDupQuestions",
          -0.29964895942794845,
          0.6873429377797856,
          0.9869918972077341
        ],
        [
          "AmazonReviewsClassification",
          -0.3464829469460543,
          0.605848751671868,
          0.9523316986179223
        ],
        [
          "TwitterURLCorpus",
          -0.4140206783057099,
          0.5810870263369167,
          0.9951077046426265
        ],
        [
          "STS12",
          -0.4594429732901557,
          0.5285007545152104,
          0.9879437278053661
        ]
      ]
    },
    "Roberta-InBedder": {
      "mean_entropy": 0.9884553062203018,
      "std_entropy": 0.02412561901403605,
      "min_entropy": 0.8974408871594293,
      "max_entropy": 0.9999999917926681,
      "gini_coefficient": 0.02181613997968366,
      "chunk_cv": 0.038759188544543556,
      "top_10pct_concentration": 0.10632033054740467,
      "top_25pct_concentration": 0.26227319686776096,
      "top_50pct_concentration": 0.5154177154891119,
      "cross_task_cv_mean": 0.8736976868448652,
      "mean_opt_random_gap": -0.5379970244970689,
      "n_tasks_with_positive_gap": 1,
      "top_gap_tasks": [
        [
          "STS17",
          1.2911004535664659,
          0.9052510676932443,
          -0.3858493858732215
        ],
        [
          "SummEval",
          -0.058050135469695396,
          0.9629282427909431,
          1.0209783782606385
        ],
        [
          "ImdbClassification",
          -0.1330488032444268,
          0.835358271368858,
          0.9684070746132848
        ],
        [
          "ToxicConversationsClassification",
          -0.1365241711210633,
          0.8298078138543773,
          0.9663319849754406
        ],
        [
          "AskUbuntuDupQuestions",
          -0.1797127020566872,
          0.8295684205563346,
          1.0092811226130218
        ],
        [
          "AmazonCounterfactualClassification",
          -0.20275919529045439,
          0.7581827138269923,
          0.9609419091174467
        ],
        [
          "AmazonReviewsClassification",
          -0.25278229417464326,
          0.7149903289975923,
          0.9677726231722356
        ],
        [
          "TweetSentimentExtractionClassification",
          -0.277557681746194,
          0.687063754853377,
          0.964621436599571
        ],
        [
          "EmotionClassification",
          -0.3991892117062531,
          0.535190332646631,
          0.9343795443528841
        ],
        [
          "STS12",
          -0.4127323063279503,
          0.5497417199703231,
          0.9624740262982734
        ]
      ]
    }
  },
  "magnitude_diagnosis": {}
}