{
  "dataset_revision": "c22ab2a51041ffd869aaddef7af8d8215647e41a",
  "task_name": "ArguAna",
  "mteb_version": "1.38.54",
  "scores": {
    "test": [
      {
        "ndcg_at_1": 0.13727,
        "ndcg_at_3": 0.21799,
        "ndcg_at_5": 0.24925,
        "ndcg_at_10": 0.28417,
        "ndcg_at_20": 0.30815,
        "ndcg_at_100": 0.34141,
        "ndcg_at_1000": 0.36298,
        "map_at_1": 0.13727,
        "map_at_3": 0.1982,
        "map_at_5": 0.21566,
        "map_at_10": 0.23019,
        "map_at_20": 0.2368,
        "map_at_100": 0.24158,
        "map_at_1000": 0.2423,
        "recall_at_1": 0.13727,
        "recall_at_3": 0.27525,
        "recall_at_5": 0.35064,
        "recall_at_10": 0.45804,
        "recall_at_20": 0.55263,
        "recall_at_100": 0.72973,
        "recall_at_1000": 0.90469,
        "precision_at_1": 0.13727,
        "precision_at_3": 0.09175,
        "precision_at_5": 0.07013,
        "precision_at_10": 0.0458,
        "precision_at_20": 0.02763,
        "precision_at_100": 0.0073,
        "precision_at_1000": 0.0009,
        "mrr_at_1": 0.140825,
        "mrr_at_3": 0.199028,
        "mrr_at_5": 0.216738,
        "mrr_at_10": 0.231458,
        "mrr_at_20": 0.238,
        "mrr_at_100": 0.242782,
        "mrr_at_1000": 0.243501,
        "nauc_ndcg_at_1_max": -0.014182,
        "nauc_ndcg_at_1_std": -0.029378,
        "nauc_ndcg_at_1_diff1": 0.127674,
        "nauc_ndcg_at_3_max": 0.009342,
        "nauc_ndcg_at_3_std": 0.009722,
        "nauc_ndcg_at_3_diff1": 0.108567,
        "nauc_ndcg_at_5_max": 0.023974,
        "nauc_ndcg_at_5_std": 0.018815,
        "nauc_ndcg_at_5_diff1": 0.103581,
        "nauc_ndcg_at_10_max": 0.035145,
        "nauc_ndcg_at_10_std": 0.030682,
        "nauc_ndcg_at_10_diff1": 0.104651,
        "nauc_ndcg_at_20_max": 0.055601,
        "nauc_ndcg_at_20_std": 0.039278,
        "nauc_ndcg_at_20_diff1": 0.114991,
        "nauc_ndcg_at_100_max": 0.059085,
        "nauc_ndcg_at_100_std": 0.034131,
        "nauc_ndcg_at_100_diff1": 0.114522,
        "nauc_ndcg_at_1000_max": 0.052879,
        "nauc_ndcg_at_1000_std": 0.021444,
        "nauc_ndcg_at_1000_diff1": 0.109386,
        "nauc_map_at_1_max": -0.014182,
        "nauc_map_at_1_std": -0.029378,
        "nauc_map_at_1_diff1": 0.127674,
        "nauc_map_at_3_max": 0.004558,
        "nauc_map_at_3_std": 0.002467,
        "nauc_map_at_3_diff1": 0.110446,
        "nauc_map_at_5_max": 0.013287,
        "nauc_map_at_5_std": 0.007823,
        "nauc_map_at_5_diff1": 0.107316,
        "nauc_map_at_10_max": 0.018233,
        "nauc_map_at_10_std": 0.013041,
        "nauc_map_at_10_diff1": 0.107981,
        "nauc_map_at_20_max": 0.024146,
        "nauc_map_at_20_std": 0.01542,
        "nauc_map_at_20_diff1": 0.11088,
        "nauc_map_at_100_max": 0.02463,
        "nauc_map_at_100_std": 0.014488,
        "nauc_map_at_100_diff1": 0.111334,
        "nauc_map_at_1000_max": 0.024431,
        "nauc_map_at_1000_std": 0.014108,
        "nauc_map_at_1000_diff1": 0.111157,
        "nauc_recall_at_1_max": -0.014182,
        "nauc_recall_at_1_std": -0.029378,
        "nauc_recall_at_1_diff1": 0.127674,
        "nauc_recall_at_3_max": 0.020648,
        "nauc_recall_at_3_std": 0.026641,
        "nauc_recall_at_3_diff1": 0.104768,
        "nauc_recall_at_5_max": 0.049785,
        "nauc_recall_at_5_std": 0.044607,
        "nauc_recall_at_5_diff1": 0.095322,
        "nauc_recall_at_10_max": 0.078599,
        "nauc_recall_at_10_std": 0.075286,
        "nauc_recall_at_10_diff1": 0.097316,
        "nauc_recall_at_20_max": 0.152065,
        "nauc_recall_at_20_std": 0.108327,
        "nauc_recall_at_20_diff1": 0.133284,
        "nauc_recall_at_100_max": 0.20744,
        "nauc_recall_at_100_std": 0.104836,
        "nauc_recall_at_100_diff1": 0.129658,
        "nauc_recall_at_1000_max": 0.282039,
        "nauc_recall_at_1000_std": -0.077489,
        "nauc_recall_at_1000_diff1": 0.043072,
        "nauc_precision_at_1_max": -0.014182,
        "nauc_precision_at_1_std": -0.029378,
        "nauc_precision_at_1_diff1": 0.127674,
        "nauc_precision_at_3_max": 0.020648,
        "nauc_precision_at_3_std": 0.026641,
        "nauc_precision_at_3_diff1": 0.104768,
        "nauc_precision_at_5_max": 0.049785,
        "nauc_precision_at_5_std": 0.044607,
        "nauc_precision_at_5_diff1": 0.095322,
        "nauc_precision_at_10_max": 0.078599,
        "nauc_precision_at_10_std": 0.075286,
        "nauc_precision_at_10_diff1": 0.097316,
        "nauc_precision_at_20_max": 0.152065,
        "nauc_precision_at_20_std": 0.108327,
        "nauc_precision_at_20_diff1": 0.133284,
        "nauc_precision_at_100_max": 0.20744,
        "nauc_precision_at_100_std": 0.104836,
        "nauc_precision_at_100_diff1": 0.129658,
        "nauc_precision_at_1000_max": 0.282039,
        "nauc_precision_at_1000_std": -0.077489,
        "nauc_precision_at_1000_diff1": 0.043072,
        "nauc_mrr_at_1_max": -0.002328,
        "nauc_mrr_at_1_std": -0.032007,
        "nauc_mrr_at_1_diff1": 0.109222,
        "nauc_mrr_at_3_max": 0.002029,
        "nauc_mrr_at_3_std": 0.000482,
        "nauc_mrr_at_3_diff1": 0.097707,
        "nauc_mrr_at_5_max": 0.012316,
        "nauc_mrr_at_5_std": 0.006929,
        "nauc_mrr_at_5_diff1": 0.096345,
        "nauc_mrr_at_10_max": 0.018111,
        "nauc_mrr_at_10_std": 0.012093,
        "nauc_mrr_at_10_diff1": 0.097487,
        "nauc_mrr_at_20_max": 0.023801,
        "nauc_mrr_at_20_std": 0.014409,
        "nauc_mrr_at_20_diff1": 0.100446,
        "nauc_mrr_at_100_max": 0.024269,
        "nauc_mrr_at_100_std": 0.013472,
        "nauc_mrr_at_100_diff1": 0.100796,
        "nauc_mrr_at_1000_max": 0.02407,
        "nauc_mrr_at_1000_std": 0.013092,
        "nauc_mrr_at_1000_diff1": 0.100597,
        "main_score": 0.28417,
        "hf_subset": "default",
        "languages": [
          "eng-Latn"
        ]
      }
    ]
  },
  "evaluation_time": 50.2488489151001,
  "kg_co2_emissions": null
}