{
  "dataset_revision": "ad9991cb51e31e31e430383c75ffb2885547b5f0",
  "task_name": "CQADupstackEnglishRetrieval",
  "mteb_version": "1.38.54",
  "scores": {
    "test": [
      {
        "ndcg_at_1": 0.03631,
        "ndcg_at_3": 0.04721,
        "ndcg_at_5": 0.05352,
        "ndcg_at_10": 0.05991,
        "ndcg_at_20": 0.0657,
        "ndcg_at_100": 0.08055,
        "ndcg_at_1000": 0.10747,
        "map_at_1": 0.02904,
        "map_at_3": 0.04024,
        "map_at_5": 0.04394,
        "map_at_10": 0.04654,
        "map_at_20": 0.04808,
        "map_at_100": 0.04995,
        "map_at_1000": 0.05076,
        "recall_at_1": 0.02904,
        "recall_at_3": 0.05384,
        "recall_at_5": 0.06935,
        "recall_at_10": 0.0886,
        "recall_at_20": 0.11032,
        "recall_at_100": 0.18537,
        "recall_at_1000": 0.38282,
        "precision_at_1": 0.03631,
        "precision_at_3": 0.02378,
        "precision_at_5": 0.01885,
        "precision_at_10": 0.01248,
        "precision_at_20": 0.00796,
        "precision_at_100": 0.003,
        "precision_at_1000": 0.00072,
        "mrr_at_1": 0.036306,
        "mrr_at_3": 0.050955,
        "mrr_at_5": 0.05535,
        "mrr_at_10": 0.058594,
        "mrr_at_20": 0.060653,
        "mrr_at_100": 0.062878,
        "mrr_at_1000": 0.06372,
        "nauc_ndcg_at_1_max": 0.263977,
        "nauc_ndcg_at_1_std": -0.143406,
        "nauc_ndcg_at_1_diff1": 0.374926,
        "nauc_ndcg_at_3_max": 0.21253,
        "nauc_ndcg_at_3_std": -0.132553,
        "nauc_ndcg_at_3_diff1": 0.241781,
        "nauc_ndcg_at_5_max": 0.199391,
        "nauc_ndcg_at_5_std": -0.128241,
        "nauc_ndcg_at_5_diff1": 0.225718,
        "nauc_ndcg_at_10_max": 0.193547,
        "nauc_ndcg_at_10_std": -0.140005,
        "nauc_ndcg_at_10_diff1": 0.196517,
        "nauc_ndcg_at_20_max": 0.167369,
        "nauc_ndcg_at_20_std": -0.13006,
        "nauc_ndcg_at_20_diff1": 0.182307,
        "nauc_ndcg_at_100_max": 0.152051,
        "nauc_ndcg_at_100_std": -0.127234,
        "nauc_ndcg_at_100_diff1": 0.162855,
        "nauc_ndcg_at_1000_max": 0.143177,
        "nauc_ndcg_at_1000_std": -0.112599,
        "nauc_ndcg_at_1000_diff1": 0.153066,
        "nauc_map_at_1_max": 0.254685,
        "nauc_map_at_1_std": -0.138614,
        "nauc_map_at_1_diff1": 0.36367,
        "nauc_map_at_3_max": 0.223158,
        "nauc_map_at_3_std": -0.12782,
        "nauc_map_at_3_diff1": 0.270467,
        "nauc_map_at_5_max": 0.214535,
        "nauc_map_at_5_std": -0.126327,
        "nauc_map_at_5_diff1": 0.258457,
        "nauc_map_at_10_max": 0.212684,
        "nauc_map_at_10_std": -0.133075,
        "nauc_map_at_10_diff1": 0.242563,
        "nauc_map_at_20_max": 0.203029,
        "nauc_map_at_20_std": -0.129276,
        "nauc_map_at_20_diff1": 0.23631,
        "nauc_map_at_100_max": 0.19881,
        "nauc_map_at_100_std": -0.12906,
        "nauc_map_at_100_diff1": 0.231519,
        "nauc_map_at_1000_max": 0.197935,
        "nauc_map_at_1000_std": -0.128753,
        "nauc_map_at_1000_diff1": 0.230529,
        "nauc_recall_at_1_max": 0.254685,
        "nauc_recall_at_1_std": -0.138614,
        "nauc_recall_at_1_diff1": 0.36367,
        "nauc_recall_at_3_max": 0.184034,
        "nauc_recall_at_3_std": -0.115411,
        "nauc_recall_at_3_diff1": 0.197854,
        "nauc_recall_at_5_max": 0.170029,
        "nauc_recall_at_5_std": -0.112061,
        "nauc_recall_at_5_diff1": 0.176479,
        "nauc_recall_at_10_max": 0.163965,
        "nauc_recall_at_10_std": -0.141173,
        "nauc_recall_at_10_diff1": 0.126256,
        "nauc_recall_at_20_max": 0.105216,
        "nauc_recall_at_20_std": -0.115016,
        "nauc_recall_at_20_diff1": 0.097331,
        "nauc_recall_at_100_max": 0.091058,
        "nauc_recall_at_100_std": -0.114221,
        "nauc_recall_at_100_diff1": 0.080773,
        "nauc_recall_at_1000_max": 0.083028,
        "nauc_recall_at_1000_std": -0.063167,
        "nauc_recall_at_1000_diff1": 0.071113,
        "nauc_precision_at_1_max": 0.263977,
        "nauc_precision_at_1_std": -0.143406,
        "nauc_precision_at_1_diff1": 0.374926,
        "nauc_precision_at_3_max": 0.203498,
        "nauc_precision_at_3_std": -0.148362,
        "nauc_precision_at_3_diff1": 0.194725,
        "nauc_precision_at_5_max": 0.180424,
        "nauc_precision_at_5_std": -0.14197,
        "nauc_precision_at_5_diff1": 0.171555,
        "nauc_precision_at_10_max": 0.165581,
        "nauc_precision_at_10_std": -0.157296,
        "nauc_precision_at_10_diff1": 0.115592,
        "nauc_precision_at_20_max": 0.110808,
        "nauc_precision_at_20_std": -0.142549,
        "nauc_precision_at_20_diff1": 0.107553,
        "nauc_precision_at_100_max": 0.062693,
        "nauc_precision_at_100_std": -0.120593,
        "nauc_precision_at_100_diff1": 0.069577,
        "nauc_precision_at_1000_max": -0.003111,
        "nauc_precision_at_1000_std": -0.054274,
        "nauc_precision_at_1000_diff1": 0.027046,
        "nauc_mrr_at_1_max": 0.263977,
        "nauc_mrr_at_1_std": -0.143406,
        "nauc_mrr_at_1_diff1": 0.374926,
        "nauc_mrr_at_3_max": 0.223486,
        "nauc_mrr_at_3_std": -0.151973,
        "nauc_mrr_at_3_diff1": 0.260509,
        "nauc_mrr_at_5_max": 0.213403,
        "nauc_mrr_at_5_std": -0.146642,
        "nauc_mrr_at_5_diff1": 0.245782,
        "nauc_mrr_at_10_max": 0.207774,
        "nauc_mrr_at_10_std": -0.149603,
        "nauc_mrr_at_10_diff1": 0.227975,
        "nauc_mrr_at_20_max": 0.197135,
        "nauc_mrr_at_20_std": -0.146285,
        "nauc_mrr_at_20_diff1": 0.223786,
        "nauc_mrr_at_100_max": 0.192811,
        "nauc_mrr_at_100_std": -0.14381,
        "nauc_mrr_at_100_diff1": 0.217997,
        "nauc_mrr_at_1000_max": 0.192219,
        "nauc_mrr_at_1000_std": -0.143309,
        "nauc_mrr_at_1000_diff1": 0.217533,
        "main_score": 0.05991,
        "hf_subset": "default",
        "languages": [
          "eng-Latn"
        ]
      }
    ]
  },
  "evaluation_time": 118.39651560783386,
  "kg_co2_emissions": null
}