{
  "dataset_revision": "ec0fa4fe99da2ff19ca1214b7966684033a58814",
  "task_name": "NFCorpus",
  "mteb_version": "1.38.54",
  "scores": {
    "test": [
      {
        "ndcg_at_1": 0.00619,
        "ndcg_at_3": 0.01083,
        "ndcg_at_5": 0.01255,
        "ndcg_at_10": 0.01348,
        "ndcg_at_20": 0.01549,
        "ndcg_at_100": 0.02658,
        "ndcg_at_1000": 0.11398,
        "map_at_1": 0.00063,
        "map_at_3": 0.00116,
        "map_at_5": 0.00147,
        "map_at_10": 0.00174,
        "map_at_20": 0.00216,
        "map_at_100": 0.00333,
        "map_at_1000": 0.00785,
        "recall_at_1": 0.00063,
        "recall_at_3": 0.00213,
        "recall_at_5": 0.00342,
        "recall_at_10": 0.0052,
        "recall_at_20": 0.01068,
        "recall_at_100": 0.04017,
        "recall_at_1000": 0.34022,
        "precision_at_1": 0.00619,
        "precision_at_3": 0.01238,
        "precision_at_5": 0.01424,
        "precision_at_10": 0.01362,
        "precision_at_20": 0.01316,
        "precision_at_100": 0.01381,
        "precision_at_1000": 0.01198,
        "mrr_at_1": 0.006192,
        "mrr_at_3": 0.01548,
        "mrr_at_5": 0.022755,
        "mrr_at_10": 0.029466,
        "mrr_at_20": 0.034885,
        "mrr_at_100": 0.040672,
        "mrr_at_1000": 0.042738,
        "nauc_ndcg_at_1_max": 0.397248,
        "nauc_ndcg_at_1_std": -0.573853,
        "nauc_ndcg_at_1_diff1": -0.317908,
        "nauc_ndcg_at_3_max": 0.113232,
        "nauc_ndcg_at_3_std": -0.342703,
        "nauc_ndcg_at_3_diff1": -0.172079,
        "nauc_ndcg_at_5_max": 0.045814,
        "nauc_ndcg_at_5_std": -0.282915,
        "nauc_ndcg_at_5_diff1": -0.15107,
        "nauc_ndcg_at_10_max": 0.018936,
        "nauc_ndcg_at_10_std": -0.310212,
        "nauc_ndcg_at_10_diff1": -0.169349,
        "nauc_ndcg_at_20_max": 0.008685,
        "nauc_ndcg_at_20_std": -0.274217,
        "nauc_ndcg_at_20_diff1": -0.154746,
        "nauc_ndcg_at_100_max": 0.047095,
        "nauc_ndcg_at_100_std": -0.239942,
        "nauc_ndcg_at_100_diff1": -0.124523,
        "nauc_ndcg_at_1000_max": 0.135608,
        "nauc_ndcg_at_1000_std": -0.064109,
        "nauc_ndcg_at_1000_diff1": 0.063928,
        "nauc_map_at_1_max": 0.980743,
        "nauc_map_at_1_std": -0.573853,
        "nauc_map_at_1_diff1": -0.317908,
        "nauc_map_at_3_max": 0.81785,
        "nauc_map_at_3_std": -0.484198,
        "nauc_map_at_3_diff1": -0.182698,
        "nauc_map_at_5_max": 0.618504,
        "nauc_map_at_5_std": -0.414289,
        "nauc_map_at_5_diff1": -0.168433,
        "nauc_map_at_10_max": 0.490948,
        "nauc_map_at_10_std": -0.384362,
        "nauc_map_at_10_diff1": -0.151868,
        "nauc_map_at_20_max": 0.362622,
        "nauc_map_at_20_std": -0.351297,
        "nauc_map_at_20_diff1": -0.148815,
        "nauc_map_at_100_max": 0.2793,
        "nauc_map_at_100_std": -0.321671,
        "nauc_map_at_100_diff1": -0.140371,
        "nauc_map_at_1000_max": 0.13813,
        "nauc_map_at_1000_std": -0.261533,
        "nauc_map_at_1000_diff1": -0.107178,
        "nauc_recall_at_1_max": 0.980743,
        "nauc_recall_at_1_std": -0.573853,
        "nauc_recall_at_1_diff1": -0.317908,
        "nauc_recall_at_3_max": 0.758039,
        "nauc_recall_at_3_std": -0.429437,
        "nauc_recall_at_3_diff1": -0.097038,
        "nauc_recall_at_5_max": 0.430787,
        "nauc_recall_at_5_std": -0.32127,
        "nauc_recall_at_5_diff1": -0.102284,
        "nauc_recall_at_10_max": 0.222035,
        "nauc_recall_at_10_std": -0.272279,
        "nauc_recall_at_10_diff1": -0.065173,
        "nauc_recall_at_20_max": 0.016004,
        "nauc_recall_at_20_std": -0.199836,
        "nauc_recall_at_20_diff1": -0.087163,
        "nauc_recall_at_100_max": 0.10707,
        "nauc_recall_at_100_std": -0.183042,
        "nauc_recall_at_100_diff1": -0.096286,
        "nauc_recall_at_1000_max": 0.090081,
        "nauc_recall_at_1000_std": -0.017989,
        "nauc_recall_at_1000_diff1": 0.034755,
        "nauc_precision_at_1_max": 0.397248,
        "nauc_precision_at_1_std": -0.573853,
        "nauc_precision_at_1_diff1": -0.317908,
        "nauc_precision_at_3_max": 0.03392,
        "nauc_precision_at_3_std": -0.246212,
        "nauc_precision_at_3_diff1": -0.12071,
        "nauc_precision_at_5_max": -0.048406,
        "nauc_precision_at_5_std": -0.163955,
        "nauc_precision_at_5_diff1": -0.080226,
        "nauc_precision_at_10_max": -0.105894,
        "nauc_precision_at_10_std": -0.214951,
        "nauc_precision_at_10_diff1": -0.092266,
        "nauc_precision_at_20_max": -0.117473,
        "nauc_precision_at_20_std": -0.192703,
        "nauc_precision_at_20_diff1": -0.086918,
        "nauc_precision_at_100_max": -0.141191,
        "nauc_precision_at_100_std": -0.231328,
        "nauc_precision_at_100_diff1": -0.134123,
        "nauc_precision_at_1000_max": -0.120202,
        "nauc_precision_at_1000_std": -0.164028,
        "nauc_precision_at_1000_diff1": -0.095916,
        "nauc_mrr_at_1_max": 0.397248,
        "nauc_mrr_at_1_std": -0.573853,
        "nauc_mrr_at_1_diff1": -0.317908,
        "nauc_mrr_at_3_max": 0.155799,
        "nauc_mrr_at_3_std": -0.294947,
        "nauc_mrr_at_3_diff1": -0.155104,
        "nauc_mrr_at_5_max": 0.057683,
        "nauc_mrr_at_5_std": -0.233924,
        "nauc_mrr_at_5_diff1": -0.117877,
        "nauc_mrr_at_10_max": 0.011987,
        "nauc_mrr_at_10_std": -0.225887,
        "nauc_mrr_at_10_diff1": -0.097927,
        "nauc_mrr_at_20_max": 0.007002,
        "nauc_mrr_at_20_std": -0.203666,
        "nauc_mrr_at_20_diff1": -0.081456,
        "nauc_mrr_at_100_max": 0.01523,
        "nauc_mrr_at_100_std": -0.201625,
        "nauc_mrr_at_100_diff1": -0.075886,
        "nauc_mrr_at_1000_max": 0.02298,
        "nauc_mrr_at_1000_std": -0.196514,
        "nauc_mrr_at_1000_diff1": -0.069017,
        "main_score": 0.01348,
        "hf_subset": "default",
        "languages": [
          "eng-Latn"
        ]
      }
    ]
  },
  "evaluation_time": 27.075397729873657,
  "kg_co2_emissions": null
}