{
  "dataset_revision": "f8c2fcf00f625baaa80f62ec5bd9e1fff3b8ae88",
  "task_name": "SCIDOCS",
  "mteb_version": "1.38.54",
  "scores": {
    "test": [
      {
        "ndcg_at_1": 0.012,
        "ndcg_at_3": 0.00941,
        "ndcg_at_5": 0.00836,
        "ndcg_at_10": 0.01082,
        "ndcg_at_20": 0.01315,
        "ndcg_at_100": 0.02278,
        "ndcg_at_1000": 0.04917,
        "map_at_1": 0.0025,
        "map_at_3": 0.00387,
        "map_at_5": 0.00454,
        "map_at_10": 0.00516,
        "map_at_20": 0.00574,
        "map_at_100": 0.00673,
        "map_at_1000": 0.00745,
        "recall_at_1": 0.0025,
        "recall_at_3": 0.0053,
        "recall_at_5": 0.00748,
        "recall_at_10": 0.01213,
        "recall_at_20": 0.01772,
        "recall_at_100": 0.04988,
        "recall_at_1000": 0.184,
        "precision_at_1": 0.012,
        "precision_at_3": 0.00867,
        "precision_at_5": 0.0072,
        "precision_at_10": 0.0059,
        "precision_at_20": 0.0043,
        "precision_at_100": 0.00243,
        "precision_at_1000": 0.00091,
        "mrr_at_1": 0.012,
        "mrr_at_3": 0.017167,
        "mrr_at_5": 0.018767,
        "mrr_at_10": 0.02139,
        "mrr_at_20": 0.022446,
        "mrr_at_100": 0.024938,
        "mrr_at_1000": 0.025953,
        "nauc_ndcg_at_1_max": -0.017329,
        "nauc_ndcg_at_1_std": -0.427846,
        "nauc_ndcg_at_1_diff1": 0.06511,
        "nauc_ndcg_at_3_max": 0.02332,
        "nauc_ndcg_at_3_std": -0.348904,
        "nauc_ndcg_at_3_diff1": 0.063085,
        "nauc_ndcg_at_5_max": 0.041153,
        "nauc_ndcg_at_5_std": -0.366062,
        "nauc_ndcg_at_5_diff1": 0.061763,
        "nauc_ndcg_at_10_max": 0.021378,
        "nauc_ndcg_at_10_std": -0.35742,
        "nauc_ndcg_at_10_diff1": 0.011216,
        "nauc_ndcg_at_20_max": 0.031452,
        "nauc_ndcg_at_20_std": -0.379338,
        "nauc_ndcg_at_20_diff1": 0.001049,
        "nauc_ndcg_at_100_max": 0.041572,
        "nauc_ndcg_at_100_std": -0.388884,
        "nauc_ndcg_at_100_diff1": -0.041416,
        "nauc_ndcg_at_1000_max": 0.013783,
        "nauc_ndcg_at_1000_std": -0.409866,
        "nauc_ndcg_at_1000_diff1": -0.040718,
        "nauc_map_at_1_max": -0.027121,
        "nauc_map_at_1_std": -0.433721,
        "nauc_map_at_1_diff1": 0.046896,
        "nauc_map_at_3_max": 0.039983,
        "nauc_map_at_3_std": -0.372827,
        "nauc_map_at_3_diff1": 0.030041,
        "nauc_map_at_5_max": 0.064399,
        "nauc_map_at_5_std": -0.38367,
        "nauc_map_at_5_diff1": 0.035073,
        "nauc_map_at_10_max": 0.051809,
        "nauc_map_at_10_std": -0.379094,
        "nauc_map_at_10_diff1": 0.011582,
        "nauc_map_at_20_max": 0.058101,
        "nauc_map_at_20_std": -0.388214,
        "nauc_map_at_20_diff1": 0.003872,
        "nauc_map_at_100_max": 0.049853,
        "nauc_map_at_100_std": -0.393366,
        "nauc_map_at_100_diff1": -0.01145,
        "nauc_map_at_1000_max": 0.045918,
        "nauc_map_at_1000_std": -0.401708,
        "nauc_map_at_1000_diff1": -0.018294,
        "nauc_recall_at_1_max": -0.027121,
        "nauc_recall_at_1_std": -0.433721,
        "nauc_recall_at_1_diff1": 0.046896,
        "nauc_recall_at_3_max": 0.024477,
        "nauc_recall_at_3_std": -0.320071,
        "nauc_recall_at_3_diff1": 0.065364,
        "nauc_recall_at_5_max": 0.050221,
        "nauc_recall_at_5_std": -0.355139,
        "nauc_recall_at_5_diff1": 0.063598,
        "nauc_recall_at_10_max": 0.015454,
        "nauc_recall_at_10_std": -0.342962,
        "nauc_recall_at_10_diff1": -0.018891,
        "nauc_recall_at_20_max": 0.032937,
        "nauc_recall_at_20_std": -0.386343,
        "nauc_recall_at_20_diff1": -0.028185,
        "nauc_recall_at_100_max": 0.050006,
        "nauc_recall_at_100_std": -0.397657,
        "nauc_recall_at_100_diff1": -0.070101,
        "nauc_recall_at_1000_max": 0.00069,
        "nauc_recall_at_1000_std": -0.3972,
        "nauc_recall_at_1000_diff1": -0.046761,
        "nauc_precision_at_1_max": -0.017329,
        "nauc_precision_at_1_std": -0.427846,
        "nauc_precision_at_1_diff1": 0.06511,
        "nauc_precision_at_3_max": 0.029989,
        "nauc_precision_at_3_std": -0.315174,
        "nauc_precision_at_3_diff1": 0.074126,
        "nauc_precision_at_5_max": 0.066519,
        "nauc_precision_at_5_std": -0.347889,
        "nauc_precision_at_5_diff1": 0.083199,
        "nauc_precision_at_10_max": 0.023257,
        "nauc_precision_at_10_std": -0.337582,
        "nauc_precision_at_10_diff1": -0.010364,
        "nauc_precision_at_20_max": 0.040453,
        "nauc_precision_at_20_std": -0.383471,
        "nauc_precision_at_20_diff1": -0.019749,
        "nauc_precision_at_100_max": 0.052269,
        "nauc_precision_at_100_std": -0.394883,
        "nauc_precision_at_100_diff1": -0.073051,
        "nauc_precision_at_1000_max": -0.000933,
        "nauc_precision_at_1000_std": -0.393368,
        "nauc_precision_at_1000_diff1": -0.043469,
        "nauc_mrr_at_1_max": -0.017329,
        "nauc_mrr_at_1_std": -0.427846,
        "nauc_mrr_at_1_diff1": 0.06511,
        "nauc_mrr_at_3_max": -0.0116,
        "nauc_mrr_at_3_std": -0.362844,
        "nauc_mrr_at_3_diff1": 0.077042,
        "nauc_mrr_at_5_max": 0.001829,
        "nauc_mrr_at_5_std": -0.364549,
        "nauc_mrr_at_5_diff1": 0.081749,
        "nauc_mrr_at_10_max": -0.006211,
        "nauc_mrr_at_10_std": -0.359743,
        "nauc_mrr_at_10_diff1": 0.049343,
        "nauc_mrr_at_20_max": -0.001225,
        "nauc_mrr_at_20_std": -0.365953,
        "nauc_mrr_at_20_diff1": 0.044878,
        "nauc_mrr_at_100_max": 0.007738,
        "nauc_mrr_at_100_std": -0.365468,
        "nauc_mrr_at_100_diff1": 0.028721,
        "nauc_mrr_at_1000_max": 0.006784,
        "nauc_mrr_at_1000_std": -0.366842,
        "nauc_mrr_at_1000_diff1": 0.028561,
        "main_score": 0.01082,
        "hf_subset": "default",
        "languages": [
          "eng-Latn"
        ]
      }
    ]
  },
  "evaluation_time": 122.887197971344,
  "kg_co2_emissions": null
}