{
  "dataset_revision": "0228b52cf27578f30900b9e5271d331663a030d7",
  "task_name": "SciFact",
  "mteb_version": "1.38.54",
  "scores": {
    "test": [
      {
        "ndcg_at_1": 0.09,
        "ndcg_at_3": 0.10243,
        "ndcg_at_5": 0.11106,
        "ndcg_at_10": 0.12604,
        "ndcg_at_20": 0.13962,
        "ndcg_at_100": 0.17249,
        "ndcg_at_1000": 0.20909,
        "map_at_1": 0.08028,
        "map_at_3": 0.09458,
        "map_at_5": 0.09992,
        "map_at_10": 0.10634,
        "map_at_20": 0.10999,
        "map_at_100": 0.11426,
        "map_at_1000": 0.1155,
        "recall_at_1": 0.08028,
        "recall_at_3": 0.11444,
        "recall_at_5": 0.13611,
        "recall_at_10": 0.17972,
        "recall_at_20": 0.23306,
        "recall_at_100": 0.41,
        "recall_at_1000": 0.70339,
        "precision_at_1": 0.09,
        "precision_at_3": 0.04222,
        "precision_at_5": 0.03,
        "precision_at_10": 0.02,
        "precision_at_20": 0.013,
        "precision_at_100": 0.00463,
        "precision_at_1000": 0.00079,
        "mrr_at_1": 0.09,
        "mrr_at_3": 0.105556,
        "mrr_at_5": 0.110056,
        "mrr_at_10": 0.116646,
        "mrr_at_20": 0.120178,
        "mrr_at_100": 0.124403,
        "mrr_at_1000": 0.125549,
        "nauc_ndcg_at_1_max": 0.014777,
        "nauc_ndcg_at_1_std": -0.064852,
        "nauc_ndcg_at_1_diff1": 0.43239,
        "nauc_ndcg_at_3_max": 0.091071,
        "nauc_ndcg_at_3_std": -0.068136,
        "nauc_ndcg_at_3_diff1": 0.332348,
        "nauc_ndcg_at_5_max": 0.099916,
        "nauc_ndcg_at_5_std": -0.06325,
        "nauc_ndcg_at_5_diff1": 0.335674,
        "nauc_ndcg_at_10_max": 0.10876,
        "nauc_ndcg_at_10_std": -0.063224,
        "nauc_ndcg_at_10_diff1": 0.291266,
        "nauc_ndcg_at_20_max": 0.110352,
        "nauc_ndcg_at_20_std": -0.052351,
        "nauc_ndcg_at_20_diff1": 0.272275,
        "nauc_ndcg_at_100_max": 0.122245,
        "nauc_ndcg_at_100_std": -0.057384,
        "nauc_ndcg_at_100_diff1": 0.255469,
        "nauc_ndcg_at_1000_max": 0.11797,
        "nauc_ndcg_at_1000_std": -0.076184,
        "nauc_ndcg_at_1000_diff1": 0.254605,
        "nauc_map_at_1_max": 0.014704,
        "nauc_map_at_1_std": -0.058918,
        "nauc_map_at_1_diff1": 0.436193,
        "nauc_map_at_3_max": 0.078501,
        "nauc_map_at_3_std": -0.071086,
        "nauc_map_at_3_diff1": 0.352649,
        "nauc_map_at_5_max": 0.082569,
        "nauc_map_at_5_std": -0.068468,
        "nauc_map_at_5_diff1": 0.352711,
        "nauc_map_at_10_max": 0.088362,
        "nauc_map_at_10_std": -0.068014,
        "nauc_map_at_10_diff1": 0.33085,
        "nauc_map_at_20_max": 0.089496,
        "nauc_map_at_20_std": -0.064154,
        "nauc_map_at_20_diff1": 0.324702,
        "nauc_map_at_100_max": 0.091209,
        "nauc_map_at_100_std": -0.064759,
        "nauc_map_at_100_diff1": 0.322426,
        "nauc_map_at_1000_max": 0.090882,
        "nauc_map_at_1000_std": -0.066218,
        "nauc_map_at_1000_diff1": 0.322249,
        "nauc_recall_at_1_max": 0.014704,
        "nauc_recall_at_1_std": -0.058918,
        "nauc_recall_at_1_diff1": 0.436193,
        "nauc_recall_at_3_max": 0.128715,
        "nauc_recall_at_3_std": -0.073393,
        "nauc_recall_at_3_diff1": 0.250545,
        "nauc_recall_at_5_max": 0.139979,
        "nauc_recall_at_5_std": -0.056297,
        "nauc_recall_at_5_diff1": 0.278295,
        "nauc_recall_at_10_max": 0.151882,
        "nauc_recall_at_10_std": -0.055714,
        "nauc_recall_at_10_diff1": 0.190838,
        "nauc_recall_at_20_max": 0.145313,
        "nauc_recall_at_20_std": -0.028508,
        "nauc_recall_at_20_diff1": 0.1468,
        "nauc_recall_at_100_max": 0.180274,
        "nauc_recall_at_100_std": -0.048522,
        "nauc_recall_at_100_diff1": 0.108194,
        "nauc_recall_at_1000_max": 0.164558,
        "nauc_recall_at_1000_std": -0.143616,
        "nauc_recall_at_1000_diff1": 0.052813,
        "nauc_precision_at_1_max": 0.014777,
        "nauc_precision_at_1_std": -0.064852,
        "nauc_precision_at_1_diff1": 0.43239,
        "nauc_precision_at_3_max": 0.123227,
        "nauc_precision_at_3_std": -0.056505,
        "nauc_precision_at_3_diff1": 0.287702,
        "nauc_precision_at_5_max": 0.128209,
        "nauc_precision_at_5_std": -0.046743,
        "nauc_precision_at_5_diff1": 0.298364,
        "nauc_precision_at_10_max": 0.127679,
        "nauc_precision_at_10_std": -0.053531,
        "nauc_precision_at_10_diff1": 0.213449,
        "nauc_precision_at_20_max": 0.139593,
        "nauc_precision_at_20_std": -0.03415,
        "nauc_precision_at_20_diff1": 0.17037,
        "nauc_precision_at_100_max": 0.15572,
        "nauc_precision_at_100_std": -0.046521,
        "nauc_precision_at_100_diff1": 0.108508,
        "nauc_precision_at_1000_max": 0.164675,
        "nauc_precision_at_1000_std": -0.078762,
        "nauc_precision_at_1000_diff1": 0.078957,
        "nauc_mrr_at_1_max": 0.014777,
        "nauc_mrr_at_1_std": -0.064852,
        "nauc_mrr_at_1_diff1": 0.43239,
        "nauc_mrr_at_3_max": 0.073415,
        "nauc_mrr_at_3_std": -0.062657,
        "nauc_mrr_at_3_diff1": 0.368276,
        "nauc_mrr_at_5_max": 0.08042,
        "nauc_mrr_at_5_std": -0.057778,
        "nauc_mrr_at_5_diff1": 0.374656,
        "nauc_mrr_at_10_max": 0.086468,
        "nauc_mrr_at_10_std": -0.059297,
        "nauc_mrr_at_10_diff1": 0.350058,
        "nauc_mrr_at_20_max": 0.08644,
        "nauc_mrr_at_20_std": -0.054371,
        "nauc_mrr_at_20_diff1": 0.343942,
        "nauc_mrr_at_100_max": 0.08865,
        "nauc_mrr_at_100_std": -0.056307,
        "nauc_mrr_at_100_diff1": 0.339752,
        "nauc_mrr_at_1000_max": 0.088391,
        "nauc_mrr_at_1000_std": -0.057626,
        "nauc_mrr_at_1000_diff1": 0.339758,
        "main_score": 0.12604,
        "hf_subset": "default",
        "languages": [
          "eng-Latn"
        ]
      }
    ]
  },
  "evaluation_time": 35.9132080078125,
  "kg_co2_emissions": null
}