{
  "dataset_revision": "a0d554a64d88156834ff5ae9920b964011b16384",
  "task_name": "STS12",
  "mteb_version": "1.38.54",
  "scores": {
    "test": [
      {
        "pearson": 0.412306,
        "spearman": 0.436007,
        "cosine_pearson": 0.412306,
        "cosine_spearman": 0.436007,
        "manhattan_pearson": 0.380397,
        "manhattan_spearman": 0.387874,
        "euclidean_pearson": 0.363689,
        "euclidean_spearman": 0.383751,
        "main_score": 0.436007,
        "hf_subset": "default",
        "languages": [
          "eng-Latn"
        ]
      }
    ]
  },
  "evaluation_time": 10.355433225631714,
  "kg_co2_emissions": null
}