{
  "dataset_revision": "c22ab2a51041ffd869aaddef7af8d8215647e41a",
  "task_name": "ArguAna",
  "mteb_version": "1.38.54",
  "scores": {
    "test": [
      {
        "ndcg_at_1": 0.27596,
        "ndcg_at_3": 0.43637,
        "ndcg_at_5": 0.49373,
        "ndcg_at_10": 0.54795,
        "ndcg_at_20": 0.57343,
        "ndcg_at_100": 0.58072,
        "ndcg_at_1000": 0.58114,
        "map_at_1": 0.27596,
        "map_at_3": 0.39628,
        "map_at_5": 0.42825,
        "map_at_10": 0.451,
        "map_at_20": 0.45825,
        "map_at_100": 0.45937,
        "map_at_1000": 0.4594,
        "recall_at_1": 0.27596,
        "recall_at_3": 0.55263,
        "recall_at_5": 0.69132,
        "recall_at_10": 0.85704,
        "recall_at_20": 0.9559,
        "recall_at_100": 0.9936,
        "recall_at_1000": 0.99644,
        "precision_at_1": 0.27596,
        "precision_at_3": 0.18421,
        "precision_at_5": 0.13826,
        "precision_at_10": 0.0857,
        "precision_at_20": 0.0478,
        "precision_at_100": 0.00994,
        "precision_at_1000": 0.001,
        "mrr_at_1": 0.28165,
        "mrr_at_3": 0.398174,
        "mrr_at_5": 0.430322,
        "mrr_at_10": 0.453189,
        "mrr_at_20": 0.460438,
        "mrr_at_100": 0.461559,
        "mrr_at_1000": 0.461584,
        "nauc_ndcg_at_1_max": -0.14378,
        "nauc_ndcg_at_1_std": -0.14109,
        "nauc_ndcg_at_1_diff1": 0.148869,
        "nauc_ndcg_at_3_max": -0.114371,
        "nauc_ndcg_at_3_std": -0.135706,
        "nauc_ndcg_at_3_diff1": 0.084993,
        "nauc_ndcg_at_5_max": -0.115495,
        "nauc_ndcg_at_5_std": -0.142284,
        "nauc_ndcg_at_5_diff1": 0.07089,
        "nauc_ndcg_at_10_max": -0.121154,
        "nauc_ndcg_at_10_std": -0.157345,
        "nauc_ndcg_at_10_diff1": 0.084743,
        "nauc_ndcg_at_20_max": -0.110951,
        "nauc_ndcg_at_20_std": -0.14708,
        "nauc_ndcg_at_20_diff1": 0.095856,
        "nauc_ndcg_at_100_max": -0.117472,
        "nauc_ndcg_at_100_std": -0.143722,
        "nauc_ndcg_at_100_diff1": 0.094762,
        "nauc_ndcg_at_1000_max": -0.117528,
        "nauc_ndcg_at_1000_std": -0.143783,
        "nauc_ndcg_at_1000_diff1": 0.095408,
        "nauc_map_at_1_max": -0.14378,
        "nauc_map_at_1_std": -0.14109,
        "nauc_map_at_1_diff1": 0.148869,
        "nauc_map_at_3_max": -0.120194,
        "nauc_map_at_3_std": -0.137393,
        "nauc_map_at_3_diff1": 0.099911,
        "nauc_map_at_5_max": -0.121224,
        "nauc_map_at_5_std": -0.141666,
        "nauc_map_at_5_diff1": 0.092787,
        "nauc_map_at_10_max": -0.123198,
        "nauc_map_at_10_std": -0.146746,
        "nauc_map_at_10_diff1": 0.098934,
        "nauc_map_at_20_max": -0.120798,
        "nauc_map_at_20_std": -0.144335,
        "nauc_map_at_20_diff1": 0.101701,
        "nauc_map_at_100_max": -0.12153,
        "nauc_map_at_100_std": -0.14412,
        "nauc_map_at_100_diff1": 0.101723,
        "nauc_map_at_1000_max": -0.121535,
        "nauc_map_at_1000_std": -0.144122,
        "nauc_map_at_1000_diff1": 0.101754,
        "nauc_recall_at_1_max": -0.14378,
        "nauc_recall_at_1_std": -0.14109,
        "nauc_recall_at_1_diff1": 0.148869,
        "nauc_recall_at_3_max": -0.097834,
        "nauc_recall_at_3_std": -0.130601,
        "nauc_recall_at_3_diff1": 0.041484,
        "nauc_recall_at_5_max": -0.096016,
        "nauc_recall_at_5_std": -0.144393,
        "nauc_recall_at_5_diff1": -0.007789,
        "nauc_recall_at_10_max": -0.116563,
        "nauc_recall_at_10_std": -0.240626,
        "nauc_recall_at_10_diff1": 0.003769,
        "nauc_recall_at_20_max": 0.106882,
        "nauc_recall_at_20_std": -0.187023,
        "nauc_recall_at_20_diff1": 0.076277,
        "nauc_recall_at_100_max": 0.094822,
        "nauc_recall_at_100_std": 0.331659,
        "nauc_recall_at_100_diff1": -0.33132,
        "nauc_recall_at_1000_max": 0.242175,
        "nauc_recall_at_1000_std": 0.683989,
        "nauc_recall_at_1000_diff1": -0.380037,
        "nauc_precision_at_1_max": -0.14378,
        "nauc_precision_at_1_std": -0.14109,
        "nauc_precision_at_1_diff1": 0.148869,
        "nauc_precision_at_3_max": -0.097834,
        "nauc_precision_at_3_std": -0.130601,
        "nauc_precision_at_3_diff1": 0.041484,
        "nauc_precision_at_5_max": -0.096016,
        "nauc_precision_at_5_std": -0.144393,
        "nauc_precision_at_5_diff1": -0.007789,
        "nauc_precision_at_10_max": -0.116563,
        "nauc_precision_at_10_std": -0.240626,
        "nauc_precision_at_10_diff1": 0.003769,
        "nauc_precision_at_20_max": 0.106882,
        "nauc_precision_at_20_std": -0.187023,
        "nauc_precision_at_20_diff1": 0.076277,
        "nauc_precision_at_100_max": 0.094822,
        "nauc_precision_at_100_std": 0.331659,
        "nauc_precision_at_100_diff1": -0.33132,
        "nauc_precision_at_1000_max": 0.242175,
        "nauc_precision_at_1000_std": 0.683989,
        "nauc_precision_at_1000_diff1": -0.380037,
        "nauc_mrr_at_1_max": -0.144959,
        "nauc_mrr_at_1_std": -0.135117,
        "nauc_mrr_at_1_diff1": 0.130469,
        "nauc_mrr_at_3_max": -0.129421,
        "nauc_mrr_at_3_std": -0.135435,
        "nauc_mrr_at_3_diff1": 0.081595,
        "nauc_mrr_at_5_max": -0.12903,
        "nauc_mrr_at_5_std": -0.139813,
        "nauc_mrr_at_5_diff1": 0.076127,
        "nauc_mrr_at_10_max": -0.130871,
        "nauc_mrr_at_10_std": -0.144354,
        "nauc_mrr_at_10_diff1": 0.081615,
        "nauc_mrr_at_20_max": -0.128687,
        "nauc_mrr_at_20_std": -0.141907,
        "nauc_mrr_at_20_diff1": 0.083946,
        "nauc_mrr_at_100_max": -0.129445,
        "nauc_mrr_at_100_std": -0.141683,
        "nauc_mrr_at_100_diff1": 0.083901,
        "nauc_mrr_at_1000_max": -0.12945,
        "nauc_mrr_at_1000_std": -0.141686,
        "nauc_mrr_at_1000_diff1": 0.08393,
        "main_score": 0.54795,
        "hf_subset": "default",
        "languages": [
          "eng-Latn"
        ]
      }
    ]
  },
  "evaluation_time": 133.6495921611786,
  "kg_co2_emissions": null
}