{
  "dataset_revision": "ad9991cb51e31e31e430383c75ffb2885547b5f0",
  "task_name": "CQADupstackEnglishRetrieval",
  "mteb_version": "1.38.54",
  "scores": {
    "test": [
      {
        "ndcg_at_1": 0.34268,
        "ndcg_at_3": 0.39012,
        "ndcg_at_5": 0.41124,
        "ndcg_at_10": 0.42982,
        "ndcg_at_20": 0.44797,
        "ndcg_at_100": 0.47385,
        "ndcg_at_1000": 0.49876,
        "map_at_1": 0.27427,
        "map_at_3": 0.34785,
        "map_at_5": 0.36526,
        "map_at_10": 0.37568,
        "map_at_20": 0.38253,
        "map_at_100": 0.38796,
        "map_at_1000": 0.38935,
        "recall_at_1": 0.27427,
        "recall_at_3": 0.41354,
        "recall_at_5": 0.47084,
        "recall_at_10": 0.5284,
        "recall_at_20": 0.59463,
        "recall_at_100": 0.71148,
        "recall_at_1000": 0.87447,
        "precision_at_1": 0.34268,
        "precision_at_3": 0.19214,
        "precision_at_5": 0.13631,
        "precision_at_10": 0.08096,
        "precision_at_20": 0.04799,
        "precision_at_100": 0.01306,
        "precision_at_1000": 0.00182,
        "mrr_at_1": 0.342675,
        "mrr_at_3": 0.407325,
        "mrr_at_5": 0.420892,
        "mrr_at_10": 0.429054,
        "mrr_at_20": 0.433609,
        "mrr_at_100": 0.436353,
        "mrr_at_1000": 0.436903,
        "nauc_ndcg_at_1_max": 0.316365,
        "nauc_ndcg_at_1_std": 0.089642,
        "nauc_ndcg_at_1_diff1": 0.568475,
        "nauc_ndcg_at_3_max": 0.304567,
        "nauc_ndcg_at_3_std": 0.10895,
        "nauc_ndcg_at_3_diff1": 0.514245,
        "nauc_ndcg_at_5_max": 0.301965,
        "nauc_ndcg_at_5_std": 0.109701,
        "nauc_ndcg_at_5_diff1": 0.509774,
        "nauc_ndcg_at_10_max": 0.293892,
        "nauc_ndcg_at_10_std": 0.119311,
        "nauc_ndcg_at_10_diff1": 0.50486,
        "nauc_ndcg_at_20_max": 0.295795,
        "nauc_ndcg_at_20_std": 0.127558,
        "nauc_ndcg_at_20_diff1": 0.494154,
        "nauc_ndcg_at_100_max": 0.303365,
        "nauc_ndcg_at_100_std": 0.149202,
        "nauc_ndcg_at_100_diff1": 0.493025,
        "nauc_ndcg_at_1000_max": 0.308036,
        "nauc_ndcg_at_1000_std": 0.15248,
        "nauc_ndcg_at_1000_diff1": 0.495872,
        "nauc_map_at_1_max": 0.246979,
        "nauc_map_at_1_std": 0.029683,
        "nauc_map_at_1_diff1": 0.55543,
        "nauc_map_at_3_max": 0.276317,
        "nauc_map_at_3_std": 0.074982,
        "nauc_map_at_3_diff1": 0.527867,
        "nauc_map_at_5_max": 0.284499,
        "nauc_map_at_5_std": 0.081943,
        "nauc_map_at_5_diff1": 0.523527,
        "nauc_map_at_10_max": 0.284594,
        "nauc_map_at_10_std": 0.08806,
        "nauc_map_at_10_diff1": 0.521212,
        "nauc_map_at_20_max": 0.287752,
        "nauc_map_at_20_std": 0.09288,
        "nauc_map_at_20_diff1": 0.517306,
        "nauc_map_at_100_max": 0.291423,
        "nauc_map_at_100_std": 0.099173,
        "nauc_map_at_100_diff1": 0.516718,
        "nauc_map_at_1000_max": 0.292319,
        "nauc_map_at_1000_std": 0.100305,
        "nauc_map_at_1000_diff1": 0.516654,
        "nauc_recall_at_1_max": 0.246979,
        "nauc_recall_at_1_std": 0.029683,
        "nauc_recall_at_1_diff1": 0.55543,
        "nauc_recall_at_3_max": 0.263875,
        "nauc_recall_at_3_std": 0.109892,
        "nauc_recall_at_3_diff1": 0.476114,
        "nauc_recall_at_5_max": 0.26555,
        "nauc_recall_at_5_std": 0.118817,
        "nauc_recall_at_5_diff1": 0.458798,
        "nauc_recall_at_10_max": 0.246436,
        "nauc_recall_at_10_std": 0.152625,
        "nauc_recall_at_10_diff1": 0.437018,
        "nauc_recall_at_20_max": 0.249145,
        "nauc_recall_at_20_std": 0.184894,
        "nauc_recall_at_20_diff1": 0.386393,
        "nauc_recall_at_100_max": 0.279443,
        "nauc_recall_at_100_std": 0.328123,
        "nauc_recall_at_100_diff1": 0.357933,
        "nauc_recall_at_1000_max": 0.331052,
        "nauc_recall_at_1000_std": 0.527587,
        "nauc_recall_at_1000_diff1": 0.324017,
        "nauc_precision_at_1_max": 0.316365,
        "nauc_precision_at_1_std": 0.089642,
        "nauc_precision_at_1_diff1": 0.568475,
        "nauc_precision_at_3_max": 0.339296,
        "nauc_precision_at_3_std": 0.178499,
        "nauc_precision_at_3_diff1": 0.378794,
        "nauc_precision_at_5_max": 0.336524,
        "nauc_precision_at_5_std": 0.193353,
        "nauc_precision_at_5_diff1": 0.308238,
        "nauc_precision_at_10_max": 0.306058,
        "nauc_precision_at_10_std": 0.210634,
        "nauc_precision_at_10_diff1": 0.234892,
        "nauc_precision_at_20_max": 0.293815,
        "nauc_precision_at_20_std": 0.24202,
        "nauc_precision_at_20_diff1": 0.127562,
        "nauc_precision_at_100_max": 0.286879,
        "nauc_precision_at_100_std": 0.295811,
        "nauc_precision_at_100_diff1": 0.003757,
        "nauc_precision_at_1000_max": 0.192493,
        "nauc_precision_at_1000_std": 0.22913,
        "nauc_precision_at_1000_diff1": -0.103925,
        "nauc_mrr_at_1_max": 0.316365,
        "nauc_mrr_at_1_std": 0.089642,
        "nauc_mrr_at_1_diff1": 0.568475,
        "nauc_mrr_at_3_max": 0.322823,
        "nauc_mrr_at_3_std": 0.118701,
        "nauc_mrr_at_3_diff1": 0.530243,
        "nauc_mrr_at_5_max": 0.320927,
        "nauc_mrr_at_5_std": 0.117892,
        "nauc_mrr_at_5_diff1": 0.529715,
        "nauc_mrr_at_10_max": 0.319018,
        "nauc_mrr_at_10_std": 0.122826,
        "nauc_mrr_at_10_diff1": 0.52676,
        "nauc_mrr_at_20_max": 0.31911,
        "nauc_mrr_at_20_std": 0.123794,
        "nauc_mrr_at_20_diff1": 0.524202,
        "nauc_mrr_at_100_max": 0.319536,
        "nauc_mrr_at_100_std": 0.125375,
        "nauc_mrr_at_100_diff1": 0.524553,
        "nauc_mrr_at_1000_max": 0.319642,
        "nauc_mrr_at_1000_std": 0.125335,
        "nauc_mrr_at_1000_diff1": 0.524664,
        "main_score": 0.42982,
        "hf_subset": "default",
        "languages": [
          "eng-Latn"
        ]
      }
    ]
  },
  "evaluation_time": 323.3412535190582,
  "kg_co2_emissions": null
}