{
  "dataset_revision": "ec0fa4fe99da2ff19ca1214b7966684033a58814",
  "task_name": "NFCorpus",
  "mteb_version": "1.38.54",
  "scores": {
    "test": [
      {
        "ndcg_at_1": 0.4613,
        "ndcg_at_3": 0.42208,
        "ndcg_at_5": 0.40037,
        "ndcg_at_10": 0.37189,
        "ndcg_at_20": 0.35058,
        "ndcg_at_100": 0.34812,
        "ndcg_at_1000": 0.43615,
        "map_at_1": 0.06411,
        "map_at_3": 0.09942,
        "map_at_5": 0.11532,
        "map_at_10": 0.13825,
        "map_at_20": 0.15503,
        "map_at_100": 0.17979,
        "map_at_1000": 0.19653,
        "recall_at_1": 0.06411,
        "recall_at_3": 0.1129,
        "recall_at_5": 0.1388,
        "recall_at_10": 0.18443,
        "recall_at_20": 0.22888,
        "recall_at_100": 0.36375,
        "recall_at_1000": 0.67768,
        "precision_at_1": 0.47678,
        "precision_at_3": 0.39525,
        "precision_at_5": 0.34799,
        "precision_at_10": 0.2774,
        "precision_at_20": 0.2096,
        "precision_at_100": 0.09121,
        "precision_at_1000": 0.02226,
        "mrr_at_1": 0.47678,
        "mrr_at_3": 0.54902,
        "mrr_at_5": 0.562642,
        "mrr_at_10": 0.571433,
        "mrr_at_20": 0.574537,
        "mrr_at_100": 0.57633,
        "mrr_at_1000": 0.576702,
        "nauc_ndcg_at_1_max": 0.363926,
        "nauc_ndcg_at_1_std": 0.205683,
        "nauc_ndcg_at_1_diff1": 0.186059,
        "nauc_ndcg_at_3_max": 0.361314,
        "nauc_ndcg_at_3_std": 0.196266,
        "nauc_ndcg_at_3_diff1": 0.109336,
        "nauc_ndcg_at_5_max": 0.362766,
        "nauc_ndcg_at_5_std": 0.226762,
        "nauc_ndcg_at_5_diff1": 0.08329,
        "nauc_ndcg_at_10_max": 0.353274,
        "nauc_ndcg_at_10_std": 0.238028,
        "nauc_ndcg_at_10_diff1": 0.072377,
        "nauc_ndcg_at_20_max": 0.353045,
        "nauc_ndcg_at_20_std": 0.257336,
        "nauc_ndcg_at_20_diff1": 0.078241,
        "nauc_ndcg_at_100_max": 0.387217,
        "nauc_ndcg_at_100_std": 0.295,
        "nauc_ndcg_at_100_diff1": 0.113482,
        "nauc_ndcg_at_1000_max": 0.442628,
        "nauc_ndcg_at_1000_std": 0.336881,
        "nauc_ndcg_at_1000_diff1": 0.11299,
        "nauc_map_at_1_max": 0.07595,
        "nauc_map_at_1_std": -0.112348,
        "nauc_map_at_1_diff1": 0.344822,
        "nauc_map_at_3_max": 0.118554,
        "nauc_map_at_3_std": -0.102002,
        "nauc_map_at_3_diff1": 0.270809,
        "nauc_map_at_5_max": 0.153829,
        "nauc_map_at_5_std": -0.072553,
        "nauc_map_at_5_diff1": 0.253234,
        "nauc_map_at_10_max": 0.206377,
        "nauc_map_at_10_std": -0.017962,
        "nauc_map_at_10_diff1": 0.220635,
        "nauc_map_at_20_max": 0.247293,
        "nauc_map_at_20_std": 0.033712,
        "nauc_map_at_20_diff1": 0.207746,
        "nauc_map_at_100_max": 0.274252,
        "nauc_map_at_100_std": 0.107673,
        "nauc_map_at_100_diff1": 0.173018,
        "nauc_map_at_1000_max": 0.285137,
        "nauc_map_at_1000_std": 0.152171,
        "nauc_map_at_1000_diff1": 0.150676,
        "nauc_recall_at_1_max": 0.07595,
        "nauc_recall_at_1_std": -0.112348,
        "nauc_recall_at_1_diff1": 0.344822,
        "nauc_recall_at_3_max": 0.090767,
        "nauc_recall_at_3_std": -0.115427,
        "nauc_recall_at_3_diff1": 0.249929,
        "nauc_recall_at_5_max": 0.125477,
        "nauc_recall_at_5_std": -0.077826,
        "nauc_recall_at_5_diff1": 0.219009,
        "nauc_recall_at_10_max": 0.189229,
        "nauc_recall_at_10_std": 0.008648,
        "nauc_recall_at_10_diff1": 0.172737,
        "nauc_recall_at_20_max": 0.253998,
        "nauc_recall_at_20_std": 0.081678,
        "nauc_recall_at_20_diff1": 0.183805,
        "nauc_recall_at_100_max": 0.262819,
        "nauc_recall_at_100_std": 0.213682,
        "nauc_recall_at_100_diff1": 0.10509,
        "nauc_recall_at_1000_max": 0.253767,
        "nauc_recall_at_1000_std": 0.264121,
        "nauc_recall_at_1000_diff1": 0.073451,
        "nauc_precision_at_1_max": 0.387176,
        "nauc_precision_at_1_std": 0.203765,
        "nauc_precision_at_1_diff1": 0.193129,
        "nauc_precision_at_3_max": 0.376272,
        "nauc_precision_at_3_std": 0.233711,
        "nauc_precision_at_3_diff1": 0.034304,
        "nauc_precision_at_5_max": 0.368974,
        "nauc_precision_at_5_std": 0.293375,
        "nauc_precision_at_5_diff1": -0.029708,
        "nauc_precision_at_10_max": 0.344929,
        "nauc_precision_at_10_std": 0.323064,
        "nauc_precision_at_10_diff1": -0.080383,
        "nauc_precision_at_20_max": 0.300878,
        "nauc_precision_at_20_std": 0.368762,
        "nauc_precision_at_20_diff1": -0.112481,
        "nauc_precision_at_100_max": 0.187055,
        "nauc_precision_at_100_std": 0.447772,
        "nauc_precision_at_100_diff1": -0.188373,
        "nauc_precision_at_1000_max": 0.065387,
        "nauc_precision_at_1000_std": 0.383532,
        "nauc_precision_at_1000_diff1": -0.208479,
        "nauc_mrr_at_1_max": 0.387176,
        "nauc_mrr_at_1_std": 0.203765,
        "nauc_mrr_at_1_diff1": 0.193129,
        "nauc_mrr_at_3_max": 0.419937,
        "nauc_mrr_at_3_std": 0.241577,
        "nauc_mrr_at_3_diff1": 0.189829,
        "nauc_mrr_at_5_max": 0.422028,
        "nauc_mrr_at_5_std": 0.241706,
        "nauc_mrr_at_5_diff1": 0.178529,
        "nauc_mrr_at_10_max": 0.431055,
        "nauc_mrr_at_10_std": 0.258167,
        "nauc_mrr_at_10_diff1": 0.181655,
        "nauc_mrr_at_20_max": 0.433797,
        "nauc_mrr_at_20_std": 0.258175,
        "nauc_mrr_at_20_diff1": 0.182605,
        "nauc_mrr_at_100_max": 0.432746,
        "nauc_mrr_at_100_std": 0.257289,
        "nauc_mrr_at_100_diff1": 0.181283,
        "nauc_mrr_at_1000_max": 0.432445,
        "nauc_mrr_at_1000_std": 0.25693,
        "nauc_mrr_at_1000_diff1": 0.181834,
        "main_score": 0.37189,
        "hf_subset": "default",
        "languages": [
          "eng-Latn"
        ]
      }
    ]
  },
  "evaluation_time": 80.41873574256897,
  "kg_co2_emissions": null
}