{
  "dataset_revision": "f8c2fcf00f625baaa80f62ec5bd9e1fff3b8ae88",
  "task_name": "SCIDOCS",
  "mteb_version": "1.38.54",
  "scores": {
    "test": [
      {
        "ndcg_at_1": 0.221,
        "ndcg_at_3": 0.19178,
        "ndcg_at_5": 0.17064,
        "ndcg_at_10": 0.20496,
        "ndcg_at_20": 0.23907,
        "ndcg_at_100": 0.30262,
        "ndcg_at_1000": 0.35892,
        "map_at_1": 0.04503,
        "map_at_3": 0.08522,
        "map_at_5": 0.10349,
        "map_at_10": 0.12135,
        "map_at_20": 0.13407,
        "map_at_100": 0.14746,
        "map_at_1000": 0.15098,
        "recall_at_1": 0.04503,
        "recall_at_3": 0.11138,
        "recall_at_5": 0.15592,
        "recall_at_10": 0.2189,
        "recall_at_20": 0.29932,
        "recall_at_100": 0.5047,
        "recall_at_1000": 0.77767,
        "precision_at_1": 0.221,
        "precision_at_3": 0.18333,
        "precision_at_5": 0.1542,
        "precision_at_10": 0.1081,
        "precision_at_20": 0.0738,
        "precision_at_100": 0.02484,
        "precision_at_1000": 0.00383,
        "mrr_at_1": 0.221,
        "mrr_at_3": 0.305667,
        "mrr_at_5": 0.328417,
        "mrr_at_10": 0.341138,
        "mrr_at_20": 0.348337,
        "mrr_at_100": 0.353411,
        "mrr_at_1000": 0.353782,
        "nauc_ndcg_at_1_max": 0.195004,
        "nauc_ndcg_at_1_std": 0.111484,
        "nauc_ndcg_at_1_diff1": 0.137398,
        "nauc_ndcg_at_3_max": 0.234114,
        "nauc_ndcg_at_3_std": 0.146238,
        "nauc_ndcg_at_3_diff1": 0.094086,
        "nauc_ndcg_at_5_max": 0.247089,
        "nauc_ndcg_at_5_std": 0.157836,
        "nauc_ndcg_at_5_diff1": 0.080868,
        "nauc_ndcg_at_10_max": 0.250813,
        "nauc_ndcg_at_10_std": 0.178797,
        "nauc_ndcg_at_10_diff1": 0.08373,
        "nauc_ndcg_at_20_max": 0.256762,
        "nauc_ndcg_at_20_std": 0.212554,
        "nauc_ndcg_at_20_diff1": 0.073972,
        "nauc_ndcg_at_100_max": 0.281224,
        "nauc_ndcg_at_100_std": 0.27153,
        "nauc_ndcg_at_100_diff1": 0.075856,
        "nauc_ndcg_at_1000_max": 0.290395,
        "nauc_ndcg_at_1000_std": 0.272469,
        "nauc_ndcg_at_1000_diff1": 0.073844,
        "nauc_map_at_1_max": 0.18954,
        "nauc_map_at_1_std": 0.109487,
        "nauc_map_at_1_diff1": 0.131921,
        "nauc_map_at_3_max": 0.231565,
        "nauc_map_at_3_std": 0.138761,
        "nauc_map_at_3_diff1": 0.095014,
        "nauc_map_at_5_max": 0.243688,
        "nauc_map_at_5_std": 0.150959,
        "nauc_map_at_5_diff1": 0.079645,
        "nauc_map_at_10_max": 0.251626,
        "nauc_map_at_10_std": 0.167037,
        "nauc_map_at_10_diff1": 0.080989,
        "nauc_map_at_20_max": 0.25649,
        "nauc_map_at_20_std": 0.187109,
        "nauc_map_at_20_diff1": 0.075382,
        "nauc_map_at_100_max": 0.263918,
        "nauc_map_at_100_std": 0.209583,
        "nauc_map_at_100_diff1": 0.073961,
        "nauc_map_at_1000_max": 0.265141,
        "nauc_map_at_1000_std": 0.210769,
        "nauc_map_at_1000_diff1": 0.074362,
        "nauc_recall_at_1_max": 0.18954,
        "nauc_recall_at_1_std": 0.109487,
        "nauc_recall_at_1_diff1": 0.131921,
        "nauc_recall_at_3_max": 0.243041,
        "nauc_recall_at_3_std": 0.158569,
        "nauc_recall_at_3_diff1": 0.073909,
        "nauc_recall_at_5_max": 0.254351,
        "nauc_recall_at_5_std": 0.168955,
        "nauc_recall_at_5_diff1": 0.055154,
        "nauc_recall_at_10_max": 0.245004,
        "nauc_recall_at_10_std": 0.195522,
        "nauc_recall_at_10_diff1": 0.063122,
        "nauc_recall_at_20_max": 0.237687,
        "nauc_recall_at_20_std": 0.250192,
        "nauc_recall_at_20_diff1": 0.038718,
        "nauc_recall_at_100_max": 0.26766,
        "nauc_recall_at_100_std": 0.367127,
        "nauc_recall_at_100_diff1": 0.035933,
        "nauc_recall_at_1000_max": 0.292728,
        "nauc_recall_at_1000_std": 0.398454,
        "nauc_recall_at_1000_diff1": -0.001316,
        "nauc_precision_at_1_max": 0.195004,
        "nauc_precision_at_1_std": 0.111484,
        "nauc_precision_at_1_diff1": 0.137398,
        "nauc_precision_at_3_max": 0.247977,
        "nauc_precision_at_3_std": 0.15954,
        "nauc_precision_at_3_diff1": 0.077183,
        "nauc_precision_at_5_max": 0.259371,
        "nauc_precision_at_5_std": 0.169764,
        "nauc_precision_at_5_diff1": 0.058101,
        "nauc_precision_at_10_max": 0.250641,
        "nauc_precision_at_10_std": 0.194847,
        "nauc_precision_at_10_diff1": 0.063538,
        "nauc_precision_at_20_max": 0.246201,
        "nauc_precision_at_20_std": 0.249757,
        "nauc_precision_at_20_diff1": 0.041733,
        "nauc_precision_at_100_max": 0.273129,
        "nauc_precision_at_100_std": 0.36354,
        "nauc_precision_at_100_diff1": 0.042125,
        "nauc_precision_at_1000_max": 0.296596,
        "nauc_precision_at_1000_std": 0.38175,
        "nauc_precision_at_1000_diff1": 0.007757,
        "nauc_mrr_at_1_max": 0.195004,
        "nauc_mrr_at_1_std": 0.111484,
        "nauc_mrr_at_1_diff1": 0.137398,
        "nauc_mrr_at_3_max": 0.216105,
        "nauc_mrr_at_3_std": 0.137472,
        "nauc_mrr_at_3_diff1": 0.107287,
        "nauc_mrr_at_5_max": 0.225201,
        "nauc_mrr_at_5_std": 0.140445,
        "nauc_mrr_at_5_diff1": 0.106706,
        "nauc_mrr_at_10_max": 0.22333,
        "nauc_mrr_at_10_std": 0.146962,
        "nauc_mrr_at_10_diff1": 0.106569,
        "nauc_mrr_at_20_max": 0.224422,
        "nauc_mrr_at_20_std": 0.150325,
        "nauc_mrr_at_20_diff1": 0.10693,
        "nauc_mrr_at_100_max": 0.224363,
        "nauc_mrr_at_100_std": 0.149838,
        "nauc_mrr_at_100_diff1": 0.107889,
        "nauc_mrr_at_1000_max": 0.224318,
        "nauc_mrr_at_1000_std": 0.149603,
        "nauc_mrr_at_1000_diff1": 0.107848,
        "main_score": 0.20496,
        "hf_subset": "default",
        "languages": [
          "eng-Latn"
        ]
      }
    ]
  },
  "evaluation_time": 365.85190200805664,
  "kg_co2_emissions": null
}