{
  "dataset_revision": "0228b52cf27578f30900b9e5271d331663a030d7",
  "task_name": "SciFact",
  "mteb_version": "1.38.54",
  "scores": {
    "test": [
      {
        "ndcg_at_1": 0.62667,
        "ndcg_at_3": 0.69677,
        "ndcg_at_5": 0.72745,
        "ndcg_at_10": 0.75475,
        "ndcg_at_20": 0.76473,
        "ndcg_at_100": 0.77304,
        "ndcg_at_1000": 0.77462,
        "map_at_1": 0.59494,
        "map_at_3": 0.66907,
        "map_at_5": 0.68996,
        "map_at_10": 0.70291,
        "map_at_20": 0.70625,
        "map_at_100": 0.70731,
        "map_at_1000": 0.70735,
        "recall_at_1": 0.59494,
        "recall_at_3": 0.74656,
        "recall_at_5": 0.822,
        "recall_at_10": 0.90322,
        "recall_at_20": 0.94,
        "recall_at_100": 0.98667,
        "recall_at_1000": 1.0,
        "precision_at_1": 0.62667,
        "precision_at_3": 0.27222,
        "precision_at_5": 0.184,
        "precision_at_10": 0.102,
        "precision_at_20": 0.05333,
        "precision_at_100": 0.01117,
        "precision_at_1000": 0.00113,
        "mrr_at_1": 0.626667,
        "mrr_at_3": 0.688333,
        "mrr_at_5": 0.705333,
        "mrr_at_10": 0.714978,
        "mrr_at_20": 0.717198,
        "mrr_at_100": 0.71804,
        "mrr_at_1000": 0.718083,
        "nauc_ndcg_at_1_max": 0.559545,
        "nauc_ndcg_at_1_std": 0.177498,
        "nauc_ndcg_at_1_diff1": 0.74265,
        "nauc_ndcg_at_3_max": 0.525774,
        "nauc_ndcg_at_3_std": 0.116184,
        "nauc_ndcg_at_3_diff1": 0.704805,
        "nauc_ndcg_at_5_max": 0.531158,
        "nauc_ndcg_at_5_std": 0.120765,
        "nauc_ndcg_at_5_diff1": 0.71398,
        "nauc_ndcg_at_10_max": 0.549445,
        "nauc_ndcg_at_10_std": 0.148047,
        "nauc_ndcg_at_10_diff1": 0.727582,
        "nauc_ndcg_at_20_max": 0.564497,
        "nauc_ndcg_at_20_std": 0.156319,
        "nauc_ndcg_at_20_diff1": 0.725409,
        "nauc_ndcg_at_100_max": 0.552411,
        "nauc_ndcg_at_100_std": 0.147438,
        "nauc_ndcg_at_100_diff1": 0.723288,
        "nauc_ndcg_at_1000_max": 0.552239,
        "nauc_ndcg_at_1000_std": 0.150814,
        "nauc_ndcg_at_1000_diff1": 0.724143,
        "nauc_map_at_1_max": 0.50015,
        "nauc_map_at_1_std": 0.058557,
        "nauc_map_at_1_diff1": 0.748717,
        "nauc_map_at_3_max": 0.511223,
        "nauc_map_at_3_std": 0.082218,
        "nauc_map_at_3_diff1": 0.719456,
        "nauc_map_at_5_max": 0.519031,
        "nauc_map_at_5_std": 0.104971,
        "nauc_map_at_5_diff1": 0.723372,
        "nauc_map_at_10_max": 0.531984,
        "nauc_map_at_10_std": 0.125328,
        "nauc_map_at_10_diff1": 0.727599,
        "nauc_map_at_20_max": 0.537292,
        "nauc_map_at_20_std": 0.130635,
        "nauc_map_at_20_diff1": 0.727096,
        "nauc_map_at_100_max": 0.5358,
        "nauc_map_at_100_std": 0.129263,
        "nauc_map_at_100_diff1": 0.726678,
        "nauc_map_at_1000_max": 0.535788,
        "nauc_map_at_1000_std": 0.129422,
        "nauc_map_at_1000_diff1": 0.726701,
        "nauc_recall_at_1_max": 0.50015,
        "nauc_recall_at_1_std": 0.058557,
        "nauc_recall_at_1_diff1": 0.748717,
        "nauc_recall_at_3_max": 0.485529,
        "nauc_recall_at_3_std": 0.055089,
        "nauc_recall_at_3_diff1": 0.663382,
        "nauc_recall_at_5_max": 0.49982,
        "nauc_recall_at_5_std": 0.068885,
        "nauc_recall_at_5_diff1": 0.666661,
        "nauc_recall_at_10_max": 0.577589,
        "nauc_recall_at_10_std": 0.16187,
        "nauc_recall_at_10_diff1": 0.733636,
        "nauc_recall_at_20_max": 0.763487,
        "nauc_recall_at_20_std": 0.224531,
        "nauc_recall_at_20_diff1": 0.719979,
        "nauc_recall_at_100_max": 0.563025,
        "nauc_recall_at_100_std": -0.15873,
        "nauc_recall_at_100_diff1": 0.625934,
        "nauc_recall_at_1000_max": NaN,
        "nauc_recall_at_1000_std": NaN,
        "nauc_recall_at_1000_diff1": NaN,
        "nauc_precision_at_1_max": 0.559545,
        "nauc_precision_at_1_std": 0.177498,
        "nauc_precision_at_1_diff1": 0.74265,
        "nauc_precision_at_3_max": 0.460727,
        "nauc_precision_at_3_std": 0.286655,
        "nauc_precision_at_3_diff1": 0.398188,
        "nauc_precision_at_5_max": 0.404136,
        "nauc_precision_at_5_std": 0.437102,
        "nauc_precision_at_5_diff1": 0.22722,
        "nauc_precision_at_10_max": 0.361628,
        "nauc_precision_at_10_std": 0.565411,
        "nauc_precision_at_10_diff1": 0.059798,
        "nauc_precision_at_20_max": 0.355705,
        "nauc_precision_at_20_std": 0.623109,
        "nauc_precision_at_20_diff1": -0.061596,
        "nauc_precision_at_100_max": 0.230826,
        "nauc_precision_at_100_std": 0.628485,
        "nauc_precision_at_100_diff1": -0.225167,
        "nauc_precision_at_1000_max": 0.211244,
        "nauc_precision_at_1000_std": 0.674888,
        "nauc_precision_at_1000_diff1": -0.275337,
        "nauc_mrr_at_1_max": 0.559545,
        "nauc_mrr_at_1_std": 0.177498,
        "nauc_mrr_at_1_diff1": 0.74265,
        "nauc_mrr_at_3_max": 0.54757,
        "nauc_mrr_at_3_std": 0.159828,
        "nauc_mrr_at_3_diff1": 0.716271,
        "nauc_mrr_at_5_max": 0.559494,
        "nauc_mrr_at_5_std": 0.171256,
        "nauc_mrr_at_5_diff1": 0.719871,
        "nauc_mrr_at_10_max": 0.559289,
        "nauc_mrr_at_10_std": 0.173779,
        "nauc_mrr_at_10_diff1": 0.725701,
        "nauc_mrr_at_20_max": 0.559994,
        "nauc_mrr_at_20_std": 0.170971,
        "nauc_mrr_at_20_diff1": 0.725165,
        "nauc_mrr_at_100_max": 0.559012,
        "nauc_mrr_at_100_std": 0.170426,
        "nauc_mrr_at_100_diff1": 0.724965,
        "nauc_mrr_at_1000_max": 0.559004,
        "nauc_mrr_at_1000_std": 0.170596,
        "nauc_mrr_at_1000_diff1": 0.724989,
        "main_score": 0.75475,
        "hf_subset": "default",
        "languages": [
          "eng-Latn"
        ]
      }
    ]
  },
  "evaluation_time": 105.0215060710907,
  "kg_co2_emissions": null
}