{
  "dataset_revision": "c22ab2a51041ffd869aaddef7af8d8215647e41a",
  "task_name": "ArguAna",
  "mteb_version": "1.38.54",
  "scores": {
    "test": [
      {
        "ndcg_at_1": 0.1266,
        "ndcg_at_3": 0.21131,
        "ndcg_at_5": 0.2445,
        "ndcg_at_10": 0.27854,
        "ndcg_at_20": 0.30356,
        "ndcg_at_100": 0.33201,
        "ndcg_at_1000": 0.35413,
        "map_at_1": 0.1266,
        "map_at_3": 0.19002,
        "map_at_5": 0.20865,
        "map_at_10": 0.22284,
        "map_at_20": 0.22972,
        "map_at_100": 0.23373,
        "map_at_1000": 0.23446,
        "recall_at_1": 0.1266,
        "recall_at_3": 0.27312,
        "recall_at_5": 0.35277,
        "recall_at_10": 0.45733,
        "recall_at_20": 0.55619,
        "recall_at_100": 0.70839,
        "recall_at_1000": 0.88834,
        "precision_at_1": 0.1266,
        "precision_at_3": 0.09104,
        "precision_at_5": 0.07055,
        "precision_at_10": 0.04573,
        "precision_at_20": 0.02781,
        "precision_at_100": 0.00708,
        "precision_at_1000": 0.00089,
        "mrr_at_1": 0.129445,
        "mrr_at_3": 0.19073,
        "mrr_at_5": 0.209898,
        "mrr_at_10": 0.223905,
        "mrr_at_20": 0.230854,
        "mrr_at_100": 0.234858,
        "mrr_at_1000": 0.23559,
        "nauc_ndcg_at_1_max": -0.05164,
        "nauc_ndcg_at_1_std": 0.001702,
        "nauc_ndcg_at_1_diff1": 0.130181,
        "nauc_ndcg_at_3_max": -0.014248,
        "nauc_ndcg_at_3_std": 0.050498,
        "nauc_ndcg_at_3_diff1": 0.085441,
        "nauc_ndcg_at_5_max": -0.029888,
        "nauc_ndcg_at_5_std": 0.056236,
        "nauc_ndcg_at_5_diff1": 0.069381,
        "nauc_ndcg_at_10_max": -0.027551,
        "nauc_ndcg_at_10_std": 0.091714,
        "nauc_ndcg_at_10_diff1": 0.070047,
        "nauc_ndcg_at_20_max": -0.026503,
        "nauc_ndcg_at_20_std": 0.109808,
        "nauc_ndcg_at_20_diff1": 0.083191,
        "nauc_ndcg_at_100_max": -0.026079,
        "nauc_ndcg_at_100_std": 0.125089,
        "nauc_ndcg_at_100_diff1": 0.083959,
        "nauc_ndcg_at_1000_max": -0.030566,
        "nauc_ndcg_at_1000_std": 0.119583,
        "nauc_ndcg_at_1000_diff1": 0.089017,
        "nauc_map_at_1_max": -0.05164,
        "nauc_map_at_1_std": 0.001702,
        "nauc_map_at_1_diff1": 0.130181,
        "nauc_map_at_3_max": -0.021737,
        "nauc_map_at_3_std": 0.040867,
        "nauc_map_at_3_diff1": 0.093441,
        "nauc_map_at_5_max": -0.031352,
        "nauc_map_at_5_std": 0.044626,
        "nauc_map_at_5_diff1": 0.083747,
        "nauc_map_at_10_max": -0.030398,
        "nauc_map_at_10_std": 0.060473,
        "nauc_map_at_10_diff1": 0.084252,
        "nauc_map_at_20_max": -0.030193,
        "nauc_map_at_20_std": 0.065233,
        "nauc_map_at_20_diff1": 0.088104,
        "nauc_map_at_100_max": -0.030075,
        "nauc_map_at_100_std": 0.067081,
        "nauc_map_at_100_diff1": 0.088106,
        "nauc_map_at_1000_max": -0.030263,
        "nauc_map_at_1000_std": 0.067027,
        "nauc_map_at_1000_diff1": 0.088333,
        "nauc_recall_at_1_max": -0.05164,
        "nauc_recall_at_1_std": 0.001702,
        "nauc_recall_at_1_diff1": 0.130181,
        "nauc_recall_at_3_max": 0.003038,
        "nauc_recall_at_3_std": 0.072682,
        "nauc_recall_at_3_diff1": 0.067276,
        "nauc_recall_at_5_max": -0.027982,
        "nauc_recall_at_5_std": 0.082233,
        "nauc_recall_at_5_diff1": 0.036249,
        "nauc_recall_at_10_max": -0.021713,
        "nauc_recall_at_10_std": 0.171961,
        "nauc_recall_at_10_diff1": 0.037005,
        "nauc_recall_at_20_max": -0.01722,
        "nauc_recall_at_20_std": 0.241791,
        "nauc_recall_at_20_diff1": 0.079622,
        "nauc_recall_at_100_max": -0.013164,
        "nauc_recall_at_100_std": 0.370028,
        "nauc_recall_at_100_diff1": 0.084841,
        "nauc_recall_at_1000_max": -0.069669,
        "nauc_recall_at_1000_std": 0.554113,
        "nauc_recall_at_1000_diff1": 0.175989,
        "nauc_precision_at_1_max": -0.05164,
        "nauc_precision_at_1_std": 0.001702,
        "nauc_precision_at_1_diff1": 0.130181,
        "nauc_precision_at_3_max": 0.003038,
        "nauc_precision_at_3_std": 0.072682,
        "nauc_precision_at_3_diff1": 0.067276,
        "nauc_precision_at_5_max": -0.027982,
        "nauc_precision_at_5_std": 0.082233,
        "nauc_precision_at_5_diff1": 0.036249,
        "nauc_precision_at_10_max": -0.021713,
        "nauc_precision_at_10_std": 0.171961,
        "nauc_precision_at_10_diff1": 0.037005,
        "nauc_precision_at_20_max": -0.01722,
        "nauc_precision_at_20_std": 0.241791,
        "nauc_precision_at_20_diff1": 0.079622,
        "nauc_precision_at_100_max": -0.013164,
        "nauc_precision_at_100_std": 0.370028,
        "nauc_precision_at_100_diff1": 0.084841,
        "nauc_precision_at_1000_max": -0.069669,
        "nauc_precision_at_1000_std": 0.554113,
        "nauc_precision_at_1000_diff1": 0.175989,
        "nauc_mrr_at_1_max": -0.04828,
        "nauc_mrr_at_1_std": 0.000495,
        "nauc_mrr_at_1_diff1": 0.114449,
        "nauc_mrr_at_3_max": -0.026536,
        "nauc_mrr_at_3_std": 0.039171,
        "nauc_mrr_at_3_diff1": 0.080682,
        "nauc_mrr_at_5_max": -0.032872,
        "nauc_mrr_at_5_std": 0.04355,
        "nauc_mrr_at_5_diff1": 0.074538,
        "nauc_mrr_at_10_max": -0.033238,
        "nauc_mrr_at_10_std": 0.059237,
        "nauc_mrr_at_10_diff1": 0.073738,
        "nauc_mrr_at_20_max": -0.032633,
        "nauc_mrr_at_20_std": 0.064103,
        "nauc_mrr_at_20_diff1": 0.077927,
        "nauc_mrr_at_100_max": -0.032535,
        "nauc_mrr_at_100_std": 0.065932,
        "nauc_mrr_at_100_diff1": 0.077839,
        "nauc_mrr_at_1000_max": -0.032728,
        "nauc_mrr_at_1000_std": 0.065875,
        "nauc_mrr_at_1000_diff1": 0.078044,
        "main_score": 0.27854,
        "hf_subset": "default",
        "languages": [
          "eng-Latn"
        ]
      }
    ]
  },
  "evaluation_time": 124.71549129486084,
  "kg_co2_emissions": null
}