{
  "dataset_revision": "ad9991cb51e31e31e430383c75ffb2885547b5f0",
  "task_name": "CQADupstackEnglishRetrieval",
  "mteb_version": "1.38.54",
  "scores": {
    "test": [
      {
        "ndcg_at_1": 0.07834,
        "ndcg_at_3": 0.09599,
        "ndcg_at_5": 0.10477,
        "ndcg_at_10": 0.11428,
        "ndcg_at_20": 0.12278,
        "ndcg_at_100": 0.13747,
        "ndcg_at_1000": 0.16093,
        "map_at_1": 0.06034,
        "map_at_3": 0.08187,
        "map_at_5": 0.08799,
        "map_at_10": 0.09225,
        "map_at_20": 0.09478,
        "map_at_100": 0.09675,
        "map_at_1000": 0.09753,
        "recall_at_1": 0.06034,
        "recall_at_3": 0.10736,
        "recall_at_5": 0.13016,
        "recall_at_10": 0.15867,
        "recall_at_20": 0.19088,
        "recall_at_100": 0.2635,
        "recall_at_1000": 0.43162,
        "precision_at_1": 0.07834,
        "precision_at_3": 0.04926,
        "precision_at_5": 0.03682,
        "precision_at_10": 0.02299,
        "precision_at_20": 0.01404,
        "precision_at_100": 0.00417,
        "precision_at_1000": 0.00078,
        "mrr_at_1": 0.078344,
        "mrr_at_3": 0.103397,
        "mrr_at_5": 0.109289,
        "mrr_at_10": 0.114148,
        "mrr_at_20": 0.116501,
        "mrr_at_100": 0.11868,
        "mrr_at_1000": 0.119378,
        "nauc_ndcg_at_1_max": 0.256493,
        "nauc_ndcg_at_1_std": -0.053067,
        "nauc_ndcg_at_1_diff1": 0.495523,
        "nauc_ndcg_at_3_max": 0.186108,
        "nauc_ndcg_at_3_std": -0.057178,
        "nauc_ndcg_at_3_diff1": 0.39179,
        "nauc_ndcg_at_5_max": 0.176005,
        "nauc_ndcg_at_5_std": -0.058102,
        "nauc_ndcg_at_5_diff1": 0.386619,
        "nauc_ndcg_at_10_max": 0.177648,
        "nauc_ndcg_at_10_std": -0.052642,
        "nauc_ndcg_at_10_diff1": 0.364122,
        "nauc_ndcg_at_20_max": 0.184699,
        "nauc_ndcg_at_20_std": -0.051386,
        "nauc_ndcg_at_20_diff1": 0.35092,
        "nauc_ndcg_at_100_max": 0.186549,
        "nauc_ndcg_at_100_std": -0.053963,
        "nauc_ndcg_at_100_diff1": 0.336968,
        "nauc_ndcg_at_1000_max": 0.194039,
        "nauc_ndcg_at_1000_std": -0.048127,
        "nauc_ndcg_at_1000_diff1": 0.319844,
        "nauc_map_at_1_max": 0.248593,
        "nauc_map_at_1_std": -0.065274,
        "nauc_map_at_1_diff1": 0.53262,
        "nauc_map_at_3_max": 0.193735,
        "nauc_map_at_3_std": -0.065714,
        "nauc_map_at_3_diff1": 0.426611,
        "nauc_map_at_5_max": 0.192491,
        "nauc_map_at_5_std": -0.064275,
        "nauc_map_at_5_diff1": 0.42155,
        "nauc_map_at_10_max": 0.192134,
        "nauc_map_at_10_std": -0.060276,
        "nauc_map_at_10_diff1": 0.408743,
        "nauc_map_at_20_max": 0.19382,
        "nauc_map_at_20_std": -0.05807,
        "nauc_map_at_20_diff1": 0.403831,
        "nauc_map_at_100_max": 0.194347,
        "nauc_map_at_100_std": -0.057894,
        "nauc_map_at_100_diff1": 0.400927,
        "nauc_map_at_1000_max": 0.194661,
        "nauc_map_at_1000_std": -0.057623,
        "nauc_map_at_1000_diff1": 0.39985,
        "nauc_recall_at_1_max": 0.248593,
        "nauc_recall_at_1_std": -0.065274,
        "nauc_recall_at_1_diff1": 0.53262,
        "nauc_recall_at_3_max": 0.140788,
        "nauc_recall_at_3_std": -0.062918,
        "nauc_recall_at_3_diff1": 0.332379,
        "nauc_recall_at_5_max": 0.1332,
        "nauc_recall_at_5_std": -0.059549,
        "nauc_recall_at_5_diff1": 0.32126,
        "nauc_recall_at_10_max": 0.144997,
        "nauc_recall_at_10_std": -0.046351,
        "nauc_recall_at_10_diff1": 0.283406,
        "nauc_recall_at_20_max": 0.157381,
        "nauc_recall_at_20_std": -0.041352,
        "nauc_recall_at_20_diff1": 0.251475,
        "nauc_recall_at_100_max": 0.158311,
        "nauc_recall_at_100_std": -0.054185,
        "nauc_recall_at_100_diff1": 0.216308,
        "nauc_recall_at_1000_max": 0.182601,
        "nauc_recall_at_1000_std": -0.031903,
        "nauc_recall_at_1000_diff1": 0.149781,
        "nauc_precision_at_1_max": 0.256493,
        "nauc_precision_at_1_std": -0.053067,
        "nauc_precision_at_1_diff1": 0.495523,
        "nauc_precision_at_3_max": 0.177387,
        "nauc_precision_at_3_std": -0.037579,
        "nauc_precision_at_3_diff1": 0.326464,
        "nauc_precision_at_5_max": 0.168385,
        "nauc_precision_at_5_std": -0.028141,
        "nauc_precision_at_5_diff1": 0.318667,
        "nauc_precision_at_10_max": 0.173278,
        "nauc_precision_at_10_std": -0.015789,
        "nauc_precision_at_10_diff1": 0.278548,
        "nauc_precision_at_20_max": 0.203823,
        "nauc_precision_at_20_std": -0.008281,
        "nauc_precision_at_20_diff1": 0.255068,
        "nauc_precision_at_100_max": 0.195876,
        "nauc_precision_at_100_std": 0.00061,
        "nauc_precision_at_100_diff1": 0.211012,
        "nauc_precision_at_1000_max": 0.174124,
        "nauc_precision_at_1000_std": 0.026295,
        "nauc_precision_at_1000_diff1": 0.124046,
        "nauc_mrr_at_1_max": 0.256493,
        "nauc_mrr_at_1_std": -0.053067,
        "nauc_mrr_at_1_diff1": 0.495523,
        "nauc_mrr_at_3_max": 0.203113,
        "nauc_mrr_at_3_std": -0.056603,
        "nauc_mrr_at_3_diff1": 0.402026,
        "nauc_mrr_at_5_max": 0.196304,
        "nauc_mrr_at_5_std": -0.054567,
        "nauc_mrr_at_5_diff1": 0.392783,
        "nauc_mrr_at_10_max": 0.197289,
        "nauc_mrr_at_10_std": -0.050673,
        "nauc_mrr_at_10_diff1": 0.382286,
        "nauc_mrr_at_20_max": 0.19938,
        "nauc_mrr_at_20_std": -0.051724,
        "nauc_mrr_at_20_diff1": 0.378064,
        "nauc_mrr_at_100_max": 0.199731,
        "nauc_mrr_at_100_std": -0.052719,
        "nauc_mrr_at_100_diff1": 0.375687,
        "nauc_mrr_at_1000_max": 0.199898,
        "nauc_mrr_at_1000_std": -0.052654,
        "nauc_mrr_at_1000_diff1": 0.374905,
        "main_score": 0.11428,
        "hf_subset": "default",
        "languages": [
          "eng-Latn"
        ]
      }
    ]
  },
  "evaluation_time": 294.1677119731903,
  "kg_co2_emissions": null
}