{
  "dataset_revision": "ec0fa4fe99da2ff19ca1214b7966684033a58814",
  "task_name": "NFCorpus",
  "mteb_version": "1.38.54",
  "scores": {
    "test": [
      {
        "ndcg_at_1": 0.05418,
        "ndcg_at_3": 0.03779,
        "ndcg_at_5": 0.03528,
        "ndcg_at_10": 0.03375,
        "ndcg_at_20": 0.03414,
        "ndcg_at_100": 0.05198,
        "ndcg_at_1000": 0.14613,
        "map_at_1": 0.00211,
        "map_at_3": 0.00485,
        "map_at_5": 0.00572,
        "map_at_10": 0.00679,
        "map_at_20": 0.00752,
        "map_at_100": 0.01007,
        "map_at_1000": 0.01585,
        "recall_at_1": 0.00211,
        "recall_at_3": 0.00735,
        "recall_at_5": 0.01061,
        "recall_at_10": 0.01664,
        "recall_at_20": 0.02468,
        "recall_at_100": 0.08328,
        "recall_at_1000": 0.40971,
        "precision_at_1": 0.06192,
        "precision_at_3": 0.03612,
        "precision_at_5": 0.0322,
        "precision_at_10": 0.02817,
        "precision_at_20": 0.02508,
        "precision_at_100": 0.01972,
        "precision_at_1000": 0.01315,
        "mrr_at_1": 0.06192,
        "mrr_at_3": 0.075851,
        "mrr_at_5": 0.081889,
        "mrr_at_10": 0.090083,
        "mrr_at_20": 0.096484,
        "mrr_at_100": 0.103829,
        "mrr_at_1000": 0.10548,
        "nauc_ndcg_at_1_max": 0.078273,
        "nauc_ndcg_at_1_std": -0.037498,
        "nauc_ndcg_at_1_diff1": 0.021177,
        "nauc_ndcg_at_3_max": 0.090046,
        "nauc_ndcg_at_3_std": -0.048884,
        "nauc_ndcg_at_3_diff1": -0.035607,
        "nauc_ndcg_at_5_max": 0.110821,
        "nauc_ndcg_at_5_std": -0.075437,
        "nauc_ndcg_at_5_diff1": -0.019554,
        "nauc_ndcg_at_10_max": 0.065117,
        "nauc_ndcg_at_10_std": -0.064382,
        "nauc_ndcg_at_10_diff1": -0.055466,
        "nauc_ndcg_at_20_max": 0.064804,
        "nauc_ndcg_at_20_std": -0.093376,
        "nauc_ndcg_at_20_diff1": -0.068432,
        "nauc_ndcg_at_100_max": 0.114255,
        "nauc_ndcg_at_100_std": -0.087157,
        "nauc_ndcg_at_100_diff1": -0.076388,
        "nauc_ndcg_at_1000_max": 0.122874,
        "nauc_ndcg_at_1000_std": -0.118829,
        "nauc_ndcg_at_1000_diff1": -0.047571,
        "nauc_map_at_1_max": 0.199428,
        "nauc_map_at_1_std": -0.169872,
        "nauc_map_at_1_diff1": -0.024621,
        "nauc_map_at_3_max": 0.082469,
        "nauc_map_at_3_std": -0.221306,
        "nauc_map_at_3_diff1": -0.250228,
        "nauc_map_at_5_max": 0.114773,
        "nauc_map_at_5_std": -0.225887,
        "nauc_map_at_5_diff1": -0.181432,
        "nauc_map_at_10_max": 0.095401,
        "nauc_map_at_10_std": -0.188267,
        "nauc_map_at_10_diff1": -0.187761,
        "nauc_map_at_20_max": 0.08903,
        "nauc_map_at_20_std": -0.184467,
        "nauc_map_at_20_diff1": -0.178598,
        "nauc_map_at_100_max": 0.089682,
        "nauc_map_at_100_std": -0.150578,
        "nauc_map_at_100_diff1": -0.150577,
        "nauc_map_at_1000_max": 0.048388,
        "nauc_map_at_1000_std": -0.107107,
        "nauc_map_at_1000_diff1": -0.122727,
        "nauc_recall_at_1_max": 0.199428,
        "nauc_recall_at_1_std": -0.169872,
        "nauc_recall_at_1_diff1": -0.024621,
        "nauc_recall_at_3_max": 0.04935,
        "nauc_recall_at_3_std": -0.248708,
        "nauc_recall_at_3_diff1": -0.31225,
        "nauc_recall_at_5_max": 0.135985,
        "nauc_recall_at_5_std": -0.260643,
        "nauc_recall_at_5_diff1": -0.158148,
        "nauc_recall_at_10_max": 0.068439,
        "nauc_recall_at_10_std": -0.157965,
        "nauc_recall_at_10_diff1": -0.224176,
        "nauc_recall_at_20_max": 0.044646,
        "nauc_recall_at_20_std": -0.143562,
        "nauc_recall_at_20_diff1": -0.171726,
        "nauc_recall_at_100_max": 0.085928,
        "nauc_recall_at_100_std": -0.040278,
        "nauc_recall_at_100_diff1": -0.078736,
        "nauc_recall_at_1000_max": 0.110737,
        "nauc_recall_at_1000_std": -0.052011,
        "nauc_recall_at_1000_diff1": 0.073525,
        "nauc_precision_at_1_max": 0.114562,
        "nauc_precision_at_1_std": -0.090074,
        "nauc_precision_at_1_diff1": 0.018108,
        "nauc_precision_at_3_max": 0.162274,
        "nauc_precision_at_3_std": -0.09621,
        "nauc_precision_at_3_diff1": -0.036583,
        "nauc_precision_at_5_max": 0.179119,
        "nauc_precision_at_5_std": -0.114221,
        "nauc_precision_at_5_diff1": 0.019803,
        "nauc_precision_at_10_max": 0.0767,
        "nauc_precision_at_10_std": -0.060198,
        "nauc_precision_at_10_diff1": -0.02793,
        "nauc_precision_at_20_max": 0.046133,
        "nauc_precision_at_20_std": -0.071945,
        "nauc_precision_at_20_diff1": -0.029038,
        "nauc_precision_at_100_max": -0.053319,
        "nauc_precision_at_100_std": 0.024394,
        "nauc_precision_at_100_diff1": -0.031732,
        "nauc_precision_at_1000_max": -0.146921,
        "nauc_precision_at_1000_std": 0.096916,
        "nauc_precision_at_1000_diff1": -0.006191,
        "nauc_mrr_at_1_max": 0.114562,
        "nauc_mrr_at_1_std": -0.090074,
        "nauc_mrr_at_1_diff1": 0.018108,
        "nauc_mrr_at_3_max": 0.136817,
        "nauc_mrr_at_3_std": -0.096419,
        "nauc_mrr_at_3_diff1": -0.011787,
        "nauc_mrr_at_5_max": 0.138089,
        "nauc_mrr_at_5_std": -0.096956,
        "nauc_mrr_at_5_diff1": 0.007082,
        "nauc_mrr_at_10_max": 0.117513,
        "nauc_mrr_at_10_std": -0.093601,
        "nauc_mrr_at_10_diff1": -0.005334,
        "nauc_mrr_at_20_max": 0.117903,
        "nauc_mrr_at_20_std": -0.102174,
        "nauc_mrr_at_20_diff1": -0.011687,
        "nauc_mrr_at_100_max": 0.117471,
        "nauc_mrr_at_100_std": -0.104114,
        "nauc_mrr_at_100_diff1": -0.014512,
        "nauc_mrr_at_1000_max": 0.118194,
        "nauc_mrr_at_1000_std": -0.10421,
        "nauc_mrr_at_1000_diff1": -0.013679,
        "main_score": 0.03375,
        "hf_subset": "default",
        "languages": [
          "eng-Latn"
        ]
      }
    ]
  },
  "evaluation_time": 72.67745804786682,
  "kg_co2_emissions": null
}