{
  "dataset_revision": "f8c2fcf00f625baaa80f62ec5bd9e1fff3b8ae88",
  "task_name": "SCIDOCS",
  "mteb_version": "1.38.54",
  "scores": {
    "test": [
      {
        "ndcg_at_1": 0.025,
        "ndcg_at_3": 0.02189,
        "ndcg_at_5": 0.01945,
        "ndcg_at_10": 0.02536,
        "ndcg_at_20": 0.03118,
        "ndcg_at_100": 0.05073,
        "ndcg_at_1000": 0.09362,
        "map_at_1": 0.0051,
        "map_at_3": 0.00889,
        "map_at_5": 0.01034,
        "map_at_10": 0.01208,
        "map_at_20": 0.01336,
        "map_at_100": 0.01575,
        "map_at_1000": 0.01716,
        "recall_at_1": 0.0051,
        "recall_at_3": 0.01265,
        "recall_at_5": 0.01765,
        "recall_at_10": 0.02848,
        "recall_at_20": 0.04233,
        "recall_at_100": 0.10705,
        "recall_at_1000": 0.32182,
        "precision_at_1": 0.025,
        "precision_at_3": 0.02067,
        "precision_at_5": 0.0174,
        "precision_at_10": 0.014,
        "precision_at_20": 0.0104,
        "precision_at_100": 0.00525,
        "precision_at_1000": 0.00158,
        "mrr_at_1": 0.025,
        "mrr_at_3": 0.039333,
        "mrr_at_5": 0.043333,
        "mrr_at_10": 0.049338,
        "mrr_at_20": 0.052514,
        "mrr_at_100": 0.056693,
        "mrr_at_1000": 0.058163,
        "nauc_ndcg_at_1_max": 0.162361,
        "nauc_ndcg_at_1_std": -0.026842,
        "nauc_ndcg_at_1_diff1": 0.183504,
        "nauc_ndcg_at_3_max": 0.169214,
        "nauc_ndcg_at_3_std": -0.023668,
        "nauc_ndcg_at_3_diff1": 0.1531,
        "nauc_ndcg_at_5_max": 0.133731,
        "nauc_ndcg_at_5_std": 0.002872,
        "nauc_ndcg_at_5_diff1": 0.124225,
        "nauc_ndcg_at_10_max": 0.076972,
        "nauc_ndcg_at_10_std": -0.002777,
        "nauc_ndcg_at_10_diff1": 0.105025,
        "nauc_ndcg_at_20_max": 0.063571,
        "nauc_ndcg_at_20_std": 0.013809,
        "nauc_ndcg_at_20_diff1": 0.057272,
        "nauc_ndcg_at_100_max": 0.088682,
        "nauc_ndcg_at_100_std": 0.032794,
        "nauc_ndcg_at_100_diff1": 0.027557,
        "nauc_ndcg_at_1000_max": 0.112918,
        "nauc_ndcg_at_1000_std": 0.039317,
        "nauc_ndcg_at_1000_diff1": 0.030146,
        "nauc_map_at_1_max": 0.161108,
        "nauc_map_at_1_std": -0.02721,
        "nauc_map_at_1_diff1": 0.199514,
        "nauc_map_at_3_max": 0.180328,
        "nauc_map_at_3_std": -0.02322,
        "nauc_map_at_3_diff1": 0.206471,
        "nauc_map_at_5_max": 0.17179,
        "nauc_map_at_5_std": -0.006972,
        "nauc_map_at_5_diff1": 0.17186,
        "nauc_map_at_10_max": 0.136889,
        "nauc_map_at_10_std": -0.004056,
        "nauc_map_at_10_diff1": 0.161967,
        "nauc_map_at_20_max": 0.130452,
        "nauc_map_at_20_std": 0.007384,
        "nauc_map_at_20_diff1": 0.131107,
        "nauc_map_at_100_max": 0.136593,
        "nauc_map_at_100_std": 0.022782,
        "nauc_map_at_100_diff1": 0.108502,
        "nauc_map_at_1000_max": 0.136811,
        "nauc_map_at_1000_std": 0.026562,
        "nauc_map_at_1000_diff1": 0.10585,
        "nauc_recall_at_1_max": 0.161108,
        "nauc_recall_at_1_std": -0.02721,
        "nauc_recall_at_1_diff1": 0.199514,
        "nauc_recall_at_3_max": 0.165534,
        "nauc_recall_at_3_std": -0.02626,
        "nauc_recall_at_3_diff1": 0.150046,
        "nauc_recall_at_5_max": 0.110988,
        "nauc_recall_at_5_std": 0.018074,
        "nauc_recall_at_5_diff1": 0.089435,
        "nauc_recall_at_10_max": 0.02618,
        "nauc_recall_at_10_std": -1.5e-05,
        "nauc_recall_at_10_diff1": 0.070847,
        "nauc_recall_at_20_max": 0.014382,
        "nauc_recall_at_20_std": 0.031061,
        "nauc_recall_at_20_diff1": -0.007371,
        "nauc_recall_at_100_max": 0.078421,
        "nauc_recall_at_100_std": 0.054715,
        "nauc_recall_at_100_diff1": -0.030547,
        "nauc_recall_at_1000_max": 0.121505,
        "nauc_recall_at_1000_std": 0.054435,
        "nauc_recall_at_1000_diff1": -0.004532,
        "nauc_precision_at_1_max": 0.162361,
        "nauc_precision_at_1_std": -0.026842,
        "nauc_precision_at_1_diff1": 0.183504,
        "nauc_precision_at_3_max": 0.164614,
        "nauc_precision_at_3_std": -0.028722,
        "nauc_precision_at_3_diff1": 0.13291,
        "nauc_precision_at_5_max": 0.109549,
        "nauc_precision_at_5_std": 0.016956,
        "nauc_precision_at_5_diff1": 0.076352,
        "nauc_precision_at_10_max": 0.026123,
        "nauc_precision_at_10_std": -0.000679,
        "nauc_precision_at_10_diff1": 0.05816,
        "nauc_precision_at_20_max": 0.015365,
        "nauc_precision_at_20_std": 0.029928,
        "nauc_precision_at_20_diff1": -0.018131,
        "nauc_precision_at_100_max": 0.077626,
        "nauc_precision_at_100_std": 0.055178,
        "nauc_precision_at_100_diff1": -0.037471,
        "nauc_precision_at_1000_max": 0.117569,
        "nauc_precision_at_1000_std": 0.053562,
        "nauc_precision_at_1000_diff1": -0.013753,
        "nauc_mrr_at_1_max": 0.162361,
        "nauc_mrr_at_1_std": -0.026842,
        "nauc_mrr_at_1_diff1": 0.183504,
        "nauc_mrr_at_3_max": 0.160553,
        "nauc_mrr_at_3_std": -0.017844,
        "nauc_mrr_at_3_diff1": 0.137458,
        "nauc_mrr_at_5_max": 0.121349,
        "nauc_mrr_at_5_std": -0.003715,
        "nauc_mrr_at_5_diff1": 0.119295,
        "nauc_mrr_at_10_max": 0.086455,
        "nauc_mrr_at_10_std": -0.010264,
        "nauc_mrr_at_10_diff1": 0.104411,
        "nauc_mrr_at_20_max": 0.079643,
        "nauc_mrr_at_20_std": -0.00839,
        "nauc_mrr_at_20_diff1": 0.092525,
        "nauc_mrr_at_100_max": 0.082776,
        "nauc_mrr_at_100_std": -0.009971,
        "nauc_mrr_at_100_diff1": 0.091791,
        "nauc_mrr_at_1000_max": 0.084113,
        "nauc_mrr_at_1000_std": -0.010137,
        "nauc_mrr_at_1000_diff1": 0.092354,
        "main_score": 0.02536,
        "hf_subset": "default",
        "languages": [
          "eng-Latn"
        ]
      }
    ]
  },
  "evaluation_time": 336.9402916431427,
  "kg_co2_emissions": null
}