{
  "dataset_revision": "0228b52cf27578f30900b9e5271d331663a030d7",
  "task_name": "SciFact",
  "mteb_version": "1.38.54",
  "scores": {
    "test": [
      {
        "ndcg_at_1": 0.09,
        "ndcg_at_3": 0.13019,
        "ndcg_at_5": 0.15358,
        "ndcg_at_10": 0.17756,
        "ndcg_at_20": 0.19257,
        "ndcg_at_100": 0.22953,
        "ndcg_at_1000": 0.26807,
        "map_at_1": 0.08833,
        "map_at_3": 0.11815,
        "map_at_5": 0.13143,
        "map_at_10": 0.14149,
        "map_at_20": 0.14574,
        "map_at_100": 0.15047,
        "map_at_1000": 0.15172,
        "recall_at_1": 0.08833,
        "recall_at_3": 0.15972,
        "recall_at_5": 0.21528,
        "recall_at_10": 0.28583,
        "recall_at_20": 0.34306,
        "recall_at_100": 0.545,
        "recall_at_1000": 0.85556,
        "precision_at_1": 0.09,
        "precision_at_3": 0.05778,
        "precision_at_5": 0.04667,
        "precision_at_10": 0.03167,
        "precision_at_20": 0.01917,
        "precision_at_100": 0.00613,
        "precision_at_1000": 0.00097,
        "mrr_at_1": 0.09,
        "mrr_at_3": 0.122778,
        "mrr_at_5": 0.135944,
        "mrr_at_10": 0.147004,
        "mrr_at_20": 0.151005,
        "mrr_at_100": 0.155297,
        "mrr_at_1000": 0.15644,
        "nauc_ndcg_at_1_max": 0.388953,
        "nauc_ndcg_at_1_std": -0.138111,
        "nauc_ndcg_at_1_diff1": 0.436236,
        "nauc_ndcg_at_3_max": 0.294256,
        "nauc_ndcg_at_3_std": -0.098135,
        "nauc_ndcg_at_3_diff1": 0.321505,
        "nauc_ndcg_at_5_max": 0.280112,
        "nauc_ndcg_at_5_std": -0.073267,
        "nauc_ndcg_at_5_diff1": 0.289893,
        "nauc_ndcg_at_10_max": 0.240653,
        "nauc_ndcg_at_10_std": -0.029606,
        "nauc_ndcg_at_10_diff1": 0.25,
        "nauc_ndcg_at_20_max": 0.233078,
        "nauc_ndcg_at_20_std": -0.008745,
        "nauc_ndcg_at_20_diff1": 0.253577,
        "nauc_ndcg_at_100_max": 0.228773,
        "nauc_ndcg_at_100_std": -0.025741,
        "nauc_ndcg_at_100_diff1": 0.228215,
        "nauc_ndcg_at_1000_max": 0.246215,
        "nauc_ndcg_at_1000_std": -0.020409,
        "nauc_ndcg_at_1000_diff1": 0.228896,
        "nauc_map_at_1_max": 0.397624,
        "nauc_map_at_1_std": -0.159585,
        "nauc_map_at_1_diff1": 0.425599,
        "nauc_map_at_3_max": 0.316596,
        "nauc_map_at_3_std": -0.110671,
        "nauc_map_at_3_diff1": 0.344591,
        "nauc_map_at_5_max": 0.304704,
        "nauc_map_at_5_std": -0.091906,
        "nauc_map_at_5_diff1": 0.322993,
        "nauc_map_at_10_max": 0.28576,
        "nauc_map_at_10_std": -0.070869,
        "nauc_map_at_10_diff1": 0.302246,
        "nauc_map_at_20_max": 0.282869,
        "nauc_map_at_20_std": -0.063259,
        "nauc_map_at_20_diff1": 0.304384,
        "nauc_map_at_100_max": 0.282429,
        "nauc_map_at_100_std": -0.065261,
        "nauc_map_at_100_diff1": 0.299435,
        "nauc_map_at_1000_max": 0.28281,
        "nauc_map_at_1000_std": -0.065603,
        "nauc_map_at_1000_diff1": 0.299211,
        "nauc_recall_at_1_max": 0.397624,
        "nauc_recall_at_1_std": -0.159585,
        "nauc_recall_at_1_diff1": 0.425599,
        "nauc_recall_at_3_max": 0.250746,
        "nauc_recall_at_3_std": -0.080941,
        "nauc_recall_at_3_diff1": 0.279641,
        "nauc_recall_at_5_max": 0.229914,
        "nauc_recall_at_5_std": -0.040783,
        "nauc_recall_at_5_diff1": 0.223863,
        "nauc_recall_at_10_max": 0.157744,
        "nauc_recall_at_10_std": 0.046892,
        "nauc_recall_at_10_diff1": 0.146511,
        "nauc_recall_at_20_max": 0.139333,
        "nauc_recall_at_20_std": 0.100434,
        "nauc_recall_at_20_diff1": 0.153763,
        "nauc_recall_at_100_max": 0.115669,
        "nauc_recall_at_100_std": 0.036174,
        "nauc_recall_at_100_diff1": 0.057257,
        "nauc_recall_at_1000_max": 0.1903,
        "nauc_recall_at_1000_std": 0.224446,
        "nauc_recall_at_1000_diff1": -0.102151,
        "nauc_precision_at_1_max": 0.388953,
        "nauc_precision_at_1_std": -0.138111,
        "nauc_precision_at_1_diff1": 0.436236,
        "nauc_precision_at_3_max": 0.237284,
        "nauc_precision_at_3_std": -0.046593,
        "nauc_precision_at_3_diff1": 0.272493,
        "nauc_precision_at_5_max": 0.23177,
        "nauc_precision_at_5_std": -0.021071,
        "nauc_precision_at_5_diff1": 0.223915,
        "nauc_precision_at_10_max": 0.141157,
        "nauc_precision_at_10_std": 0.063977,
        "nauc_precision_at_10_diff1": 0.145709,
        "nauc_precision_at_20_max": 0.12972,
        "nauc_precision_at_20_std": 0.113771,
        "nauc_precision_at_20_diff1": 0.150645,
        "nauc_precision_at_100_max": 0.072327,
        "nauc_precision_at_100_std": 0.046557,
        "nauc_precision_at_100_diff1": 0.056892,
        "nauc_precision_at_1000_max": 0.088611,
        "nauc_precision_at_1000_std": 0.15806,
        "nauc_precision_at_1000_diff1": -0.070771,
        "nauc_mrr_at_1_max": 0.388953,
        "nauc_mrr_at_1_std": -0.138111,
        "nauc_mrr_at_1_diff1": 0.436236,
        "nauc_mrr_at_3_max": 0.309243,
        "nauc_mrr_at_3_std": -0.100495,
        "nauc_mrr_at_3_diff1": 0.333748,
        "nauc_mrr_at_5_max": 0.300575,
        "nauc_mrr_at_5_std": -0.082565,
        "nauc_mrr_at_5_diff1": 0.316499,
        "nauc_mrr_at_10_max": 0.275027,
        "nauc_mrr_at_10_std": -0.058219,
        "nauc_mrr_at_10_diff1": 0.296682,
        "nauc_mrr_at_20_max": 0.271301,
        "nauc_mrr_at_20_std": -0.05316,
        "nauc_mrr_at_20_diff1": 0.298629,
        "nauc_mrr_at_100_max": 0.2725,
        "nauc_mrr_at_100_std": -0.055589,
        "nauc_mrr_at_100_diff1": 0.294293,
        "nauc_mrr_at_1000_max": 0.273225,
        "nauc_mrr_at_1000_std": -0.056005,
        "nauc_mrr_at_1000_diff1": 0.29397,
        "main_score": 0.17756,
        "hf_subset": "default",
        "languages": [
          "eng-Latn"
        ]
      }
    ]
  },
  "evaluation_time": 97.8439588546753,
  "kg_co2_emissions": null
}