{
  "dataset_revision": "c22ab2a51041ffd869aaddef7af8d8215647e41a",
  "task_name": "ArguAna",
  "mteb_version": "1.38.54",
  "scores": {
    "test": [
      {
        "ndcg_at_1": 0.30228,
        "ndcg_at_3": 0.43539,
        "ndcg_at_5": 0.48399,
        "ndcg_at_10": 0.53972,
        "ndcg_at_20": 0.56516,
        "ndcg_at_100": 0.5779,
        "ndcg_at_1000": 0.57915,
        "map_at_1": 0.30228,
        "map_at_3": 0.40209,
        "map_at_5": 0.42886,
        "map_at_10": 0.45218,
        "map_at_20": 0.4594,
        "map_at_100": 0.46132,
        "map_at_1000": 0.46138,
        "recall_at_1": 0.30228,
        "recall_at_3": 0.53201,
        "recall_at_5": 0.65078,
        "recall_at_10": 0.82148,
        "recall_at_20": 0.92034,
        "recall_at_100": 0.98649,
        "recall_at_1000": 0.99573,
        "precision_at_1": 0.30228,
        "precision_at_3": 0.17734,
        "precision_at_5": 0.13016,
        "precision_at_10": 0.08215,
        "precision_at_20": 0.04602,
        "precision_at_100": 0.00986,
        "precision_at_1000": 0.001,
        "mrr_at_1": 0.305121,
        "mrr_at_3": 0.402798,
        "mrr_at_5": 0.429718,
        "mrr_at_10": 0.453256,
        "mrr_at_20": 0.460475,
        "mrr_at_100": 0.462403,
        "mrr_at_1000": 0.462463,
        "nauc_ndcg_at_1_max": -0.055905,
        "nauc_ndcg_at_1_std": -0.125223,
        "nauc_ndcg_at_1_diff1": 0.141068,
        "nauc_ndcg_at_3_max": -0.030477,
        "nauc_ndcg_at_3_std": -0.124839,
        "nauc_ndcg_at_3_diff1": 0.114173,
        "nauc_ndcg_at_5_max": -0.035614,
        "nauc_ndcg_at_5_std": -0.123679,
        "nauc_ndcg_at_5_diff1": 0.100661,
        "nauc_ndcg_at_10_max": -0.021947,
        "nauc_ndcg_at_10_std": -0.1091,
        "nauc_ndcg_at_10_diff1": 0.110713,
        "nauc_ndcg_at_20_max": -0.009608,
        "nauc_ndcg_at_20_std": -0.108161,
        "nauc_ndcg_at_20_diff1": 0.116616,
        "nauc_ndcg_at_100_max": -0.026836,
        "nauc_ndcg_at_100_std": -0.112535,
        "nauc_ndcg_at_100_diff1": 0.114582,
        "nauc_ndcg_at_1000_max": -0.029608,
        "nauc_ndcg_at_1000_std": -0.113732,
        "nauc_ndcg_at_1000_diff1": 0.112537,
        "nauc_map_at_1_max": -0.055905,
        "nauc_map_at_1_std": -0.125223,
        "nauc_map_at_1_diff1": 0.141068,
        "nauc_map_at_3_max": -0.038475,
        "nauc_map_at_3_std": -0.12516,
        "nauc_map_at_3_diff1": 0.117788,
        "nauc_map_at_5_max": -0.041769,
        "nauc_map_at_5_std": -0.124925,
        "nauc_map_at_5_diff1": 0.110226,
        "nauc_map_at_10_max": -0.037289,
        "nauc_map_at_10_std": -0.119218,
        "nauc_map_at_10_diff1": 0.11426,
        "nauc_map_at_20_max": -0.034766,
        "nauc_map_at_20_std": -0.119277,
        "nauc_map_at_20_diff1": 0.115471,
        "nauc_map_at_100_max": -0.036843,
        "nauc_map_at_100_std": -0.119641,
        "nauc_map_at_100_diff1": 0.115266,
        "nauc_map_at_1000_max": -0.036939,
        "nauc_map_at_1000_std": -0.119682,
        "nauc_map_at_1000_diff1": 0.115195,
        "nauc_recall_at_1_max": -0.055905,
        "nauc_recall_at_1_std": -0.125223,
        "nauc_recall_at_1_diff1": 0.141068,
        "nauc_recall_at_3_max": -0.006164,
        "nauc_recall_at_3_std": -0.123798,
        "nauc_recall_at_3_diff1": 0.104746,
        "nauc_recall_at_5_max": -0.01449,
        "nauc_recall_at_5_std": -0.118621,
        "nauc_recall_at_5_diff1": 0.068201,
        "nauc_recall_at_10_max": 0.074312,
        "nauc_recall_at_10_std": -0.042694,
        "nauc_recall_at_10_diff1": 0.09953,
        "nauc_recall_at_20_max": 0.341812,
        "nauc_recall_at_20_std": 0.045112,
        "nauc_recall_at_20_diff1": 0.170386,
        "nauc_recall_at_100_max": 0.355449,
        "nauc_recall_at_100_std": 0.303728,
        "nauc_recall_at_100_diff1": 0.217717,
        "nauc_recall_at_1000_max": -0.041671,
        "nauc_recall_at_1000_std": 0.664022,
        "nauc_recall_at_1000_diff1": -0.461752,
        "nauc_precision_at_1_max": -0.055905,
        "nauc_precision_at_1_std": -0.125223,
        "nauc_precision_at_1_diff1": 0.141068,
        "nauc_precision_at_3_max": -0.006164,
        "nauc_precision_at_3_std": -0.123798,
        "nauc_precision_at_3_diff1": 0.104746,
        "nauc_precision_at_5_max": -0.01449,
        "nauc_precision_at_5_std": -0.118621,
        "nauc_precision_at_5_diff1": 0.068201,
        "nauc_precision_at_10_max": 0.074312,
        "nauc_precision_at_10_std": -0.042694,
        "nauc_precision_at_10_diff1": 0.09953,
        "nauc_precision_at_20_max": 0.341812,
        "nauc_precision_at_20_std": 0.045112,
        "nauc_precision_at_20_diff1": 0.170386,
        "nauc_precision_at_100_max": 0.355449,
        "nauc_precision_at_100_std": 0.303728,
        "nauc_precision_at_100_diff1": 0.217717,
        "nauc_precision_at_1000_max": -0.041671,
        "nauc_precision_at_1000_std": 0.664022,
        "nauc_precision_at_1000_diff1": -0.461752,
        "nauc_mrr_at_1_max": -0.056636,
        "nauc_mrr_at_1_std": -0.118003,
        "nauc_mrr_at_1_diff1": 0.132657,
        "nauc_mrr_at_3_max": -0.042807,
        "nauc_mrr_at_3_std": -0.124646,
        "nauc_mrr_at_3_diff1": 0.108656,
        "nauc_mrr_at_5_max": -0.045923,
        "nauc_mrr_at_5_std": -0.123631,
        "nauc_mrr_at_5_diff1": 0.100987,
        "nauc_mrr_at_10_max": -0.040397,
        "nauc_mrr_at_10_std": -0.117108,
        "nauc_mrr_at_10_diff1": 0.105843,
        "nauc_mrr_at_20_max": -0.037958,
        "nauc_mrr_at_20_std": -0.117122,
        "nauc_mrr_at_20_diff1": 0.106874,
        "nauc_mrr_at_100_max": -0.040057,
        "nauc_mrr_at_100_std": -0.117473,
        "nauc_mrr_at_100_diff1": 0.106608,
        "nauc_mrr_at_1000_max": -0.040154,
        "nauc_mrr_at_1000_std": -0.117513,
        "nauc_mrr_at_1000_diff1": 0.106536,
        "main_score": 0.53972,
        "hf_subset": "default",
        "languages": [
          "eng-Latn"
        ]
      }
    ]
  },
  "evaluation_time": 36.05305862426758,
  "kg_co2_emissions": null
}