{
  "dataset_revision": "ad9991cb51e31e31e430383c75ffb2885547b5f0",
  "task_name": "CQADupstackEnglishRetrieval",
  "mteb_version": "1.38.54",
  "scores": {
    "test": [
      {
        "ndcg_at_1": 0.37134,
        "ndcg_at_3": 0.41421,
        "ndcg_at_5": 0.4307,
        "ndcg_at_10": 0.45406,
        "ndcg_at_20": 0.46936,
        "ndcg_at_100": 0.49636,
        "ndcg_at_1000": 0.51711,
        "map_at_1": 0.29595,
        "map_at_3": 0.36803,
        "map_at_5": 0.38333,
        "map_at_10": 0.3971,
        "map_at_20": 0.40325,
        "map_at_100": 0.40895,
        "map_at_1000": 0.41021,
        "recall_at_1": 0.29595,
        "recall_at_3": 0.43085,
        "recall_at_5": 0.48231,
        "recall_at_10": 0.5527,
        "recall_at_20": 0.6109,
        "recall_at_100": 0.73436,
        "recall_at_1000": 0.86738,
        "precision_at_1": 0.37134,
        "precision_at_3": 0.20212,
        "precision_at_5": 0.14102,
        "precision_at_10": 0.08618,
        "precision_at_20": 0.05006,
        "precision_at_100": 0.01375,
        "precision_at_1000": 0.00184,
        "mrr_at_1": 0.371338,
        "mrr_at_3": 0.43535,
        "mrr_at_5": 0.447357,
        "mrr_at_10": 0.457201,
        "mrr_at_20": 0.460632,
        "mrr_at_100": 0.463249,
        "mrr_at_1000": 0.463709,
        "nauc_ndcg_at_1_max": 0.440712,
        "nauc_ndcg_at_1_std": 0.019579,
        "nauc_ndcg_at_1_diff1": 0.523482,
        "nauc_ndcg_at_3_max": 0.425955,
        "nauc_ndcg_at_3_std": 0.023358,
        "nauc_ndcg_at_3_diff1": 0.459618,
        "nauc_ndcg_at_5_max": 0.424766,
        "nauc_ndcg_at_5_std": 0.025124,
        "nauc_ndcg_at_5_diff1": 0.459456,
        "nauc_ndcg_at_10_max": 0.424701,
        "nauc_ndcg_at_10_std": 0.041379,
        "nauc_ndcg_at_10_diff1": 0.455869,
        "nauc_ndcg_at_20_max": 0.428436,
        "nauc_ndcg_at_20_std": 0.051746,
        "nauc_ndcg_at_20_diff1": 0.457575,
        "nauc_ndcg_at_100_max": 0.437138,
        "nauc_ndcg_at_100_std": 0.071065,
        "nauc_ndcg_at_100_diff1": 0.453432,
        "nauc_ndcg_at_1000_max": 0.439456,
        "nauc_ndcg_at_1000_std": 0.077459,
        "nauc_ndcg_at_1000_diff1": 0.452191,
        "nauc_map_at_1_max": 0.356208,
        "nauc_map_at_1_std": -0.070357,
        "nauc_map_at_1_diff1": 0.554623,
        "nauc_map_at_3_max": 0.391348,
        "nauc_map_at_3_std": -0.030505,
        "nauc_map_at_3_diff1": 0.494575,
        "nauc_map_at_5_max": 0.399364,
        "nauc_map_at_5_std": -0.017612,
        "nauc_map_at_5_diff1": 0.488401,
        "nauc_map_at_10_max": 0.405231,
        "nauc_map_at_10_std": -0.004611,
        "nauc_map_at_10_diff1": 0.484483,
        "nauc_map_at_20_max": 0.410773,
        "nauc_map_at_20_std": 0.00335,
        "nauc_map_at_20_diff1": 0.483771,
        "nauc_map_at_100_max": 0.415574,
        "nauc_map_at_100_std": 0.011043,
        "nauc_map_at_100_diff1": 0.482059,
        "nauc_map_at_1000_max": 0.416421,
        "nauc_map_at_1000_std": 0.012701,
        "nauc_map_at_1000_diff1": 0.481536,
        "nauc_recall_at_1_max": 0.356208,
        "nauc_recall_at_1_std": -0.070357,
        "nauc_recall_at_1_diff1": 0.554623,
        "nauc_recall_at_3_max": 0.376211,
        "nauc_recall_at_3_std": -0.013769,
        "nauc_recall_at_3_diff1": 0.424834,
        "nauc_recall_at_5_max": 0.380897,
        "nauc_recall_at_5_std": 0.014937,
        "nauc_recall_at_5_diff1": 0.406852,
        "nauc_recall_at_10_max": 0.385237,
        "nauc_recall_at_10_std": 0.072134,
        "nauc_recall_at_10_diff1": 0.385241,
        "nauc_recall_at_20_max": 0.397767,
        "nauc_recall_at_20_std": 0.119195,
        "nauc_recall_at_20_diff1": 0.382626,
        "nauc_recall_at_100_max": 0.440689,
        "nauc_recall_at_100_std": 0.24688,
        "nauc_recall_at_100_diff1": 0.346677,
        "nauc_recall_at_1000_max": 0.491392,
        "nauc_recall_at_1000_std": 0.424591,
        "nauc_recall_at_1000_diff1": 0.311757,
        "nauc_precision_at_1_max": 0.440712,
        "nauc_precision_at_1_std": 0.019579,
        "nauc_precision_at_1_diff1": 0.523482,
        "nauc_precision_at_3_max": 0.445691,
        "nauc_precision_at_3_std": 0.159046,
        "nauc_precision_at_3_diff1": 0.265289,
        "nauc_precision_at_5_max": 0.432178,
        "nauc_precision_at_5_std": 0.2104,
        "nauc_precision_at_5_diff1": 0.19384,
        "nauc_precision_at_10_max": 0.40229,
        "nauc_precision_at_10_std": 0.28896,
        "nauc_precision_at_10_diff1": 0.101621,
        "nauc_precision_at_20_max": 0.391053,
        "nauc_precision_at_20_std": 0.354665,
        "nauc_precision_at_20_diff1": 0.039546,
        "nauc_precision_at_100_max": 0.303388,
        "nauc_precision_at_100_std": 0.413253,
        "nauc_precision_at_100_diff1": -0.093364,
        "nauc_precision_at_1000_max": 0.174537,
        "nauc_precision_at_1000_std": 0.366702,
        "nauc_precision_at_1000_diff1": -0.181974,
        "nauc_mrr_at_1_max": 0.440712,
        "nauc_mrr_at_1_std": 0.019579,
        "nauc_mrr_at_1_diff1": 0.523482,
        "nauc_mrr_at_3_max": 0.444134,
        "nauc_mrr_at_3_std": 0.041814,
        "nauc_mrr_at_3_diff1": 0.46548,
        "nauc_mrr_at_5_max": 0.4457,
        "nauc_mrr_at_5_std": 0.047395,
        "nauc_mrr_at_5_diff1": 0.463532,
        "nauc_mrr_at_10_max": 0.44583,
        "nauc_mrr_at_10_std": 0.055772,
        "nauc_mrr_at_10_diff1": 0.462182,
        "nauc_mrr_at_20_max": 0.445121,
        "nauc_mrr_at_20_std": 0.057219,
        "nauc_mrr_at_20_diff1": 0.462486,
        "nauc_mrr_at_100_max": 0.445742,
        "nauc_mrr_at_100_std": 0.058031,
        "nauc_mrr_at_100_diff1": 0.462386,
        "nauc_mrr_at_1000_max": 0.445731,
        "nauc_mrr_at_1000_std": 0.058019,
        "nauc_mrr_at_1000_diff1": 0.462455,
        "main_score": 0.45406,
        "hf_subset": "default",
        "languages": [
          "eng-Latn"
        ]
      }
    ]
  },
  "evaluation_time": 87.88009285926819,
  "kg_co2_emissions": null
}