{
  "dataset_revision": "ec0fa4fe99da2ff19ca1214b7966684033a58814",
  "task_name": "NFCorpus",
  "mteb_version": "1.38.54",
  "scores": {
    "test": [
      {
        "ndcg_at_1": 0.44118,
        "ndcg_at_3": 0.38741,
        "ndcg_at_5": 0.37372,
        "ndcg_at_10": 0.34581,
        "ndcg_at_20": 0.32688,
        "ndcg_at_100": 0.32072,
        "ndcg_at_1000": 0.4093,
        "map_at_1": 0.05553,
        "map_at_3": 0.09256,
        "map_at_5": 0.10929,
        "map_at_10": 0.13028,
        "map_at_20": 0.14423,
        "map_at_100": 0.16487,
        "map_at_1000": 0.17934,
        "recall_at_1": 0.05553,
        "recall_at_3": 0.1052,
        "recall_at_5": 0.13252,
        "recall_at_10": 0.17561,
        "recall_at_20": 0.21251,
        "recall_at_100": 0.32468,
        "recall_at_1000": 0.64827,
        "precision_at_1": 0.4613,
        "precision_at_3": 0.36223,
        "precision_at_5": 0.32755,
        "precision_at_10": 0.25851,
        "precision_at_20": 0.19551,
        "precision_at_100": 0.08279,
        "precision_at_1000": 0.021,
        "mrr_at_1": 0.458204,
        "mrr_at_3": 0.52064,
        "mrr_at_5": 0.534107,
        "mrr_at_10": 0.540866,
        "mrr_at_20": 0.544993,
        "mrr_at_100": 0.546945,
        "mrr_at_1000": 0.547453,
        "nauc_ndcg_at_1_max": 0.545067,
        "nauc_ndcg_at_1_std": 0.242887,
        "nauc_ndcg_at_1_diff1": 0.365262,
        "nauc_ndcg_at_3_max": 0.541338,
        "nauc_ndcg_at_3_std": 0.259543,
        "nauc_ndcg_at_3_diff1": 0.302622,
        "nauc_ndcg_at_5_max": 0.554042,
        "nauc_ndcg_at_5_std": 0.299165,
        "nauc_ndcg_at_5_diff1": 0.266581,
        "nauc_ndcg_at_10_max": 0.545306,
        "nauc_ndcg_at_10_std": 0.314511,
        "nauc_ndcg_at_10_diff1": 0.254203,
        "nauc_ndcg_at_20_max": 0.523261,
        "nauc_ndcg_at_20_std": 0.321823,
        "nauc_ndcg_at_20_diff1": 0.243746,
        "nauc_ndcg_at_100_max": 0.530456,
        "nauc_ndcg_at_100_std": 0.341533,
        "nauc_ndcg_at_100_diff1": 0.242517,
        "nauc_ndcg_at_1000_max": 0.564142,
        "nauc_ndcg_at_1000_std": 0.375139,
        "nauc_ndcg_at_1000_diff1": 0.244708,
        "nauc_map_at_1_max": 0.25708,
        "nauc_map_at_1_std": -0.080042,
        "nauc_map_at_1_diff1": 0.445865,
        "nauc_map_at_3_max": 0.259789,
        "nauc_map_at_3_std": -0.05798,
        "nauc_map_at_3_diff1": 0.359236,
        "nauc_map_at_5_max": 0.300329,
        "nauc_map_at_5_std": -0.02019,
        "nauc_map_at_5_diff1": 0.327365,
        "nauc_map_at_10_max": 0.344107,
        "nauc_map_at_10_std": 0.046076,
        "nauc_map_at_10_diff1": 0.278362,
        "nauc_map_at_20_max": 0.378053,
        "nauc_map_at_20_std": 0.09968,
        "nauc_map_at_20_diff1": 0.258084,
        "nauc_map_at_100_max": 0.417848,
        "nauc_map_at_100_std": 0.175481,
        "nauc_map_at_100_diff1": 0.242946,
        "nauc_map_at_1000_max": 0.430495,
        "nauc_map_at_1000_std": 0.206311,
        "nauc_map_at_1000_diff1": 0.233617,
        "nauc_recall_at_1_max": 0.25708,
        "nauc_recall_at_1_std": -0.080042,
        "nauc_recall_at_1_diff1": 0.445865,
        "nauc_recall_at_3_max": 0.205874,
        "nauc_recall_at_3_std": -0.068962,
        "nauc_recall_at_3_diff1": 0.318395,
        "nauc_recall_at_5_max": 0.244013,
        "nauc_recall_at_5_std": -0.030851,
        "nauc_recall_at_5_diff1": 0.275981,
        "nauc_recall_at_10_max": 0.263591,
        "nauc_recall_at_10_std": 0.038653,
        "nauc_recall_at_10_diff1": 0.204176,
        "nauc_recall_at_20_max": 0.292119,
        "nauc_recall_at_20_std": 0.103979,
        "nauc_recall_at_20_diff1": 0.177342,
        "nauc_recall_at_100_max": 0.33235,
        "nauc_recall_at_100_std": 0.233159,
        "nauc_recall_at_100_diff1": 0.135414,
        "nauc_recall_at_1000_max": 0.230957,
        "nauc_recall_at_1000_std": 0.222503,
        "nauc_recall_at_1000_diff1": 0.070743,
        "nauc_precision_at_1_max": 0.558688,
        "nauc_precision_at_1_std": 0.245131,
        "nauc_precision_at_1_diff1": 0.361176,
        "nauc_precision_at_3_max": 0.524272,
        "nauc_precision_at_3_std": 0.315369,
        "nauc_precision_at_3_diff1": 0.203372,
        "nauc_precision_at_5_max": 0.531082,
        "nauc_precision_at_5_std": 0.389634,
        "nauc_precision_at_5_diff1": 0.111192,
        "nauc_precision_at_10_max": 0.507482,
        "nauc_precision_at_10_std": 0.428696,
        "nauc_precision_at_10_diff1": 0.063075,
        "nauc_precision_at_20_max": 0.437015,
        "nauc_precision_at_20_std": 0.446517,
        "nauc_precision_at_20_diff1": 0.019407,
        "nauc_precision_at_100_max": 0.33156,
        "nauc_precision_at_100_std": 0.451128,
        "nauc_precision_at_100_diff1": -0.037975,
        "nauc_precision_at_1000_max": 0.178646,
        "nauc_precision_at_1000_std": 0.297319,
        "nauc_precision_at_1000_diff1": -0.051446,
        "nauc_mrr_at_1_max": 0.556593,
        "nauc_mrr_at_1_std": 0.229709,
        "nauc_mrr_at_1_diff1": 0.369493,
        "nauc_mrr_at_3_max": 0.57398,
        "nauc_mrr_at_3_std": 0.272112,
        "nauc_mrr_at_3_diff1": 0.377335,
        "nauc_mrr_at_5_max": 0.584191,
        "nauc_mrr_at_5_std": 0.287649,
        "nauc_mrr_at_5_diff1": 0.371199,
        "nauc_mrr_at_10_max": 0.5861,
        "nauc_mrr_at_10_std": 0.286618,
        "nauc_mrr_at_10_diff1": 0.368573,
        "nauc_mrr_at_20_max": 0.590163,
        "nauc_mrr_at_20_std": 0.292227,
        "nauc_mrr_at_20_diff1": 0.370494,
        "nauc_mrr_at_100_max": 0.588852,
        "nauc_mrr_at_100_std": 0.291679,
        "nauc_mrr_at_100_diff1": 0.370337,
        "nauc_mrr_at_1000_max": 0.5885,
        "nauc_mrr_at_1000_std": 0.29127,
        "nauc_mrr_at_1000_diff1": 0.370295,
        "main_score": 0.34581,
        "hf_subset": "default",
        "languages": [
          "eng-Latn"
        ]
      }
    ]
  },
  "evaluation_time": 21.324777126312256,
  "kg_co2_emissions": null
}