{
  "dataset_revision": "f8c2fcf00f625baaa80f62ec5bd9e1fff3b8ae88",
  "task_name": "SCIDOCS",
  "mteb_version": "1.38.54",
  "scores": {
    "test": [
      {
        "ndcg_at_1": 0.257,
        "ndcg_at_3": 0.20331,
        "ndcg_at_5": 0.17847,
        "ndcg_at_10": 0.21601,
        "ndcg_at_20": 0.2485,
        "ndcg_at_100": 0.30603,
        "ndcg_at_1000": 0.36384,
        "map_at_1": 0.05208,
        "map_at_3": 0.09259,
        "map_at_5": 0.11201,
        "map_at_10": 0.13166,
        "map_at_20": 0.14394,
        "map_at_100": 0.15544,
        "map_at_1000": 0.15887,
        "recall_at_1": 0.05208,
        "recall_at_3": 0.11362,
        "recall_at_5": 0.15732,
        "recall_at_10": 0.22637,
        "recall_at_20": 0.30303,
        "recall_at_100": 0.49053,
        "recall_at_1000": 0.77223,
        "precision_at_1": 0.257,
        "precision_at_3": 0.18667,
        "precision_at_5": 0.1552,
        "precision_at_10": 0.1118,
        "precision_at_20": 0.0747,
        "precision_at_100": 0.02417,
        "precision_at_1000": 0.0038,
        "mrr_at_1": 0.257,
        "mrr_at_3": 0.330667,
        "mrr_at_5": 0.350067,
        "mrr_at_10": 0.364378,
        "mrr_at_20": 0.371329,
        "mrr_at_100": 0.375836,
        "mrr_at_1000": 0.376381,
        "nauc_ndcg_at_1_max": 0.192088,
        "nauc_ndcg_at_1_std": 0.129239,
        "nauc_ndcg_at_1_diff1": 0.224445,
        "nauc_ndcg_at_3_max": 0.239,
        "nauc_ndcg_at_3_std": 0.141988,
        "nauc_ndcg_at_3_diff1": 0.203666,
        "nauc_ndcg_at_5_max": 0.253623,
        "nauc_ndcg_at_5_std": 0.18445,
        "nauc_ndcg_at_5_diff1": 0.202022,
        "nauc_ndcg_at_10_max": 0.265545,
        "nauc_ndcg_at_10_std": 0.212381,
        "nauc_ndcg_at_10_diff1": 0.196827,
        "nauc_ndcg_at_20_max": 0.280695,
        "nauc_ndcg_at_20_std": 0.251707,
        "nauc_ndcg_at_20_diff1": 0.21058,
        "nauc_ndcg_at_100_max": 0.291802,
        "nauc_ndcg_at_100_std": 0.305705,
        "nauc_ndcg_at_100_diff1": 0.221969,
        "nauc_ndcg_at_1000_max": 0.282717,
        "nauc_ndcg_at_1000_std": 0.302986,
        "nauc_ndcg_at_1000_diff1": 0.218641,
        "nauc_map_at_1_max": 0.187096,
        "nauc_map_at_1_std": 0.124513,
        "nauc_map_at_1_diff1": 0.225058,
        "nauc_map_at_3_max": 0.233709,
        "nauc_map_at_3_std": 0.135809,
        "nauc_map_at_3_diff1": 0.1988,
        "nauc_map_at_5_max": 0.246374,
        "nauc_map_at_5_std": 0.180269,
        "nauc_map_at_5_diff1": 0.19329,
        "nauc_map_at_10_max": 0.257336,
        "nauc_map_at_10_std": 0.208939,
        "nauc_map_at_10_diff1": 0.187219,
        "nauc_map_at_20_max": 0.266905,
        "nauc_map_at_20_std": 0.23193,
        "nauc_map_at_20_diff1": 0.195177,
        "nauc_map_at_100_max": 0.273621,
        "nauc_map_at_100_std": 0.251077,
        "nauc_map_at_100_diff1": 0.201118,
        "nauc_map_at_1000_max": 0.272972,
        "nauc_map_at_1000_std": 0.252348,
        "nauc_map_at_1000_diff1": 0.200352,
        "nauc_recall_at_1_max": 0.187096,
        "nauc_recall_at_1_std": 0.124513,
        "nauc_recall_at_1_diff1": 0.225058,
        "nauc_recall_at_3_max": 0.253531,
        "nauc_recall_at_3_std": 0.144721,
        "nauc_recall_at_3_diff1": 0.192904,
        "nauc_recall_at_5_max": 0.26975,
        "nauc_recall_at_5_std": 0.214257,
        "nauc_recall_at_5_diff1": 0.183871,
        "nauc_recall_at_10_max": 0.276484,
        "nauc_recall_at_10_std": 0.25052,
        "nauc_recall_at_10_diff1": 0.169382,
        "nauc_recall_at_20_max": 0.289562,
        "nauc_recall_at_20_std": 0.316202,
        "nauc_recall_at_20_diff1": 0.188982,
        "nauc_recall_at_100_max": 0.27721,
        "nauc_recall_at_100_std": 0.424616,
        "nauc_recall_at_100_diff1": 0.190772,
        "nauc_recall_at_1000_max": 0.202845,
        "nauc_recall_at_1000_std": 0.433252,
        "nauc_recall_at_1000_diff1": 0.153069,
        "nauc_precision_at_1_max": 0.192088,
        "nauc_precision_at_1_std": 0.129239,
        "nauc_precision_at_1_diff1": 0.224445,
        "nauc_precision_at_3_max": 0.259046,
        "nauc_precision_at_3_std": 0.149049,
        "nauc_precision_at_3_diff1": 0.193786,
        "nauc_precision_at_5_max": 0.273951,
        "nauc_precision_at_5_std": 0.218234,
        "nauc_precision_at_5_diff1": 0.183798,
        "nauc_precision_at_10_max": 0.280479,
        "nauc_precision_at_10_std": 0.254829,
        "nauc_precision_at_10_diff1": 0.169922,
        "nauc_precision_at_20_max": 0.293648,
        "nauc_precision_at_20_std": 0.317376,
        "nauc_precision_at_20_diff1": 0.189565,
        "nauc_precision_at_100_max": 0.283669,
        "nauc_precision_at_100_std": 0.422548,
        "nauc_precision_at_100_diff1": 0.191922,
        "nauc_precision_at_1000_max": 0.213613,
        "nauc_precision_at_1000_std": 0.412345,
        "nauc_precision_at_1000_diff1": 0.150383,
        "nauc_mrr_at_1_max": 0.192088,
        "nauc_mrr_at_1_std": 0.129239,
        "nauc_mrr_at_1_diff1": 0.224445,
        "nauc_mrr_at_3_max": 0.220563,
        "nauc_mrr_at_3_std": 0.139587,
        "nauc_mrr_at_3_diff1": 0.222009,
        "nauc_mrr_at_5_max": 0.228051,
        "nauc_mrr_at_5_std": 0.154258,
        "nauc_mrr_at_5_diff1": 0.224222,
        "nauc_mrr_at_10_max": 0.23051,
        "nauc_mrr_at_10_std": 0.15635,
        "nauc_mrr_at_10_diff1": 0.22222,
        "nauc_mrr_at_20_max": 0.231589,
        "nauc_mrr_at_20_std": 0.159305,
        "nauc_mrr_at_20_diff1": 0.223964,
        "nauc_mrr_at_100_max": 0.230141,
        "nauc_mrr_at_100_std": 0.159219,
        "nauc_mrr_at_100_diff1": 0.223836,
        "nauc_mrr_at_1000_max": 0.229911,
        "nauc_mrr_at_1000_std": 0.158942,
        "nauc_mrr_at_1000_diff1": 0.223759,
        "main_score": 0.21601,
        "hf_subset": "default",
        "languages": [
          "eng-Latn"
        ]
      }
    ]
  },
  "evaluation_time": 102.00177788734436,
  "kg_co2_emissions": null
}