{
  "dataset_revision": "0228b52cf27578f30900b9e5271d331663a030d7",
  "task_name": "SciFact",
  "mteb_version": "1.38.54",
  "scores": {
    "test": [
      {
        "ndcg_at_1": 0.61333,
        "ndcg_at_3": 0.67301,
        "ndcg_at_5": 0.69361,
        "ndcg_at_10": 0.71935,
        "ndcg_at_20": 0.73066,
        "ndcg_at_100": 0.74474,
        "ndcg_at_1000": 0.74954,
        "map_at_1": 0.58261,
        "map_at_3": 0.64991,
        "map_at_5": 0.66454,
        "map_at_10": 0.67625,
        "map_at_20": 0.6798,
        "map_at_100": 0.68217,
        "map_at_1000": 0.68233,
        "recall_at_1": 0.58261,
        "recall_at_3": 0.71383,
        "recall_at_5": 0.76628,
        "recall_at_10": 0.84222,
        "recall_at_20": 0.88356,
        "recall_at_100": 0.955,
        "recall_at_1000": 0.99333,
        "precision_at_1": 0.61333,
        "precision_at_3": 0.26111,
        "precision_at_5": 0.17067,
        "precision_at_10": 0.09467,
        "precision_at_20": 0.05,
        "precision_at_100": 0.01083,
        "precision_at_1000": 0.00112,
        "mrr_at_1": 0.613333,
        "mrr_at_3": 0.666111,
        "mrr_at_5": 0.677278,
        "mrr_at_10": 0.68707,
        "mrr_at_20": 0.689799,
        "mrr_at_100": 0.691622,
        "mrr_at_1000": 0.691775,
        "nauc_ndcg_at_1_max": 0.543958,
        "nauc_ndcg_at_1_std": 0.125613,
        "nauc_ndcg_at_1_diff1": 0.716969,
        "nauc_ndcg_at_3_max": 0.587002,
        "nauc_ndcg_at_3_std": 0.124704,
        "nauc_ndcg_at_3_diff1": 0.690224,
        "nauc_ndcg_at_5_max": 0.567229,
        "nauc_ndcg_at_5_std": 0.138556,
        "nauc_ndcg_at_5_diff1": 0.683158,
        "nauc_ndcg_at_10_max": 0.591649,
        "nauc_ndcg_at_10_std": 0.153554,
        "nauc_ndcg_at_10_diff1": 0.689052,
        "nauc_ndcg_at_20_max": 0.594979,
        "nauc_ndcg_at_20_std": 0.165623,
        "nauc_ndcg_at_20_diff1": 0.688093,
        "nauc_ndcg_at_100_max": 0.590745,
        "nauc_ndcg_at_100_std": 0.161023,
        "nauc_ndcg_at_100_diff1": 0.692335,
        "nauc_ndcg_at_1000_max": 0.58432,
        "nauc_ndcg_at_1000_std": 0.158108,
        "nauc_ndcg_at_1000_diff1": 0.691632,
        "nauc_map_at_1_max": 0.497838,
        "nauc_map_at_1_std": 0.064256,
        "nauc_map_at_1_diff1": 0.735338,
        "nauc_map_at_3_max": 0.55896,
        "nauc_map_at_3_std": 0.106993,
        "nauc_map_at_3_diff1": 0.704813,
        "nauc_map_at_5_max": 0.559924,
        "nauc_map_at_5_std": 0.121935,
        "nauc_map_at_5_diff1": 0.697753,
        "nauc_map_at_10_max": 0.570433,
        "nauc_map_at_10_std": 0.129773,
        "nauc_map_at_10_diff1": 0.699602,
        "nauc_map_at_20_max": 0.572282,
        "nauc_map_at_20_std": 0.134378,
        "nauc_map_at_20_diff1": 0.699288,
        "nauc_map_at_100_max": 0.571873,
        "nauc_map_at_100_std": 0.134839,
        "nauc_map_at_100_diff1": 0.69989,
        "nauc_map_at_1000_max": 0.5717,
        "nauc_map_at_1000_std": 0.134801,
        "nauc_map_at_1000_diff1": 0.699897,
        "nauc_recall_at_1_max": 0.497838,
        "nauc_recall_at_1_std": 0.064256,
        "nauc_recall_at_1_diff1": 0.735338,
        "nauc_recall_at_3_max": 0.595646,
        "nauc_recall_at_3_std": 0.103722,
        "nauc_recall_at_3_diff1": 0.657652,
        "nauc_recall_at_5_max": 0.559549,
        "nauc_recall_at_5_std": 0.162939,
        "nauc_recall_at_5_diff1": 0.627105,
        "nauc_recall_at_10_max": 0.665258,
        "nauc_recall_at_10_std": 0.224375,
        "nauc_recall_at_10_diff1": 0.642411,
        "nauc_recall_at_20_max": 0.702467,
        "nauc_recall_at_20_std": 0.312485,
        "nauc_recall_at_20_diff1": 0.620808,
        "nauc_recall_at_100_max": 0.754937,
        "nauc_recall_at_100_std": 0.355154,
        "nauc_recall_at_100_diff1": 0.623301,
        "nauc_recall_at_1000_max": 0.152894,
        "nauc_recall_at_1000_std": 0.679038,
        "nauc_recall_at_1000_diff1": 0.093371,
        "nauc_precision_at_1_max": 0.543958,
        "nauc_precision_at_1_std": 0.125613,
        "nauc_precision_at_1_diff1": 0.716969,
        "nauc_precision_at_3_max": 0.532263,
        "nauc_precision_at_3_std": 0.244969,
        "nauc_precision_at_3_diff1": 0.39432,
        "nauc_precision_at_5_max": 0.466513,
        "nauc_precision_at_5_std": 0.313506,
        "nauc_precision_at_5_diff1": 0.272772,
        "nauc_precision_at_10_max": 0.473126,
        "nauc_precision_at_10_std": 0.401461,
        "nauc_precision_at_10_diff1": 0.148086,
        "nauc_precision_at_20_max": 0.41881,
        "nauc_precision_at_20_std": 0.469599,
        "nauc_precision_at_20_diff1": 0.051748,
        "nauc_precision_at_100_max": 0.294007,
        "nauc_precision_at_100_std": 0.503145,
        "nauc_precision_at_100_diff1": -0.116055,
        "nauc_precision_at_1000_max": 0.186298,
        "nauc_precision_at_1000_std": 0.513489,
        "nauc_precision_at_1000_diff1": -0.255438,
        "nauc_mrr_at_1_max": 0.543958,
        "nauc_mrr_at_1_std": 0.125613,
        "nauc_mrr_at_1_diff1": 0.716969,
        "nauc_mrr_at_3_max": 0.583392,
        "nauc_mrr_at_3_std": 0.131493,
        "nauc_mrr_at_3_diff1": 0.69527,
        "nauc_mrr_at_5_max": 0.573731,
        "nauc_mrr_at_5_std": 0.144977,
        "nauc_mrr_at_5_diff1": 0.69221,
        "nauc_mrr_at_10_max": 0.581568,
        "nauc_mrr_at_10_std": 0.147999,
        "nauc_mrr_at_10_diff1": 0.694534,
        "nauc_mrr_at_20_max": 0.579803,
        "nauc_mrr_at_20_std": 0.146743,
        "nauc_mrr_at_20_diff1": 0.693833,
        "nauc_mrr_at_100_max": 0.578948,
        "nauc_mrr_at_100_std": 0.145323,
        "nauc_mrr_at_100_diff1": 0.694253,
        "nauc_mrr_at_1000_max": 0.578783,
        "nauc_mrr_at_1000_std": 0.145309,
        "nauc_mrr_at_1000_diff1": 0.694267,
        "main_score": 0.71935,
        "hf_subset": "default",
        "languages": [
          "eng-Latn"
        ]
      }
    ]
  },
  "evaluation_time": 28.983092308044434,
  "kg_co2_emissions": null
}