{
  "dataset_revision": "c22ab2a51041ffd869aaddef7af8d8215647e41a",
  "task_name": "ArguAna",
  "mteb_version": "1.38.54",
  "scores": {
    "test": [
      {
        "ndcg_at_1": 0.24609,
        "ndcg_at_3": 0.39189,
        "ndcg_at_5": 0.43489,
        "ndcg_at_10": 0.49024,
        "ndcg_at_20": 0.51828,
        "ndcg_at_100": 0.53444,
        "ndcg_at_1000": 0.5375,
        "map_at_1": 0.24609,
        "map_at_3": 0.35514,
        "map_at_5": 0.37897,
        "map_at_10": 0.40203,
        "map_at_20": 0.40991,
        "map_at_100": 0.41228,
        "map_at_1000": 0.41239,
        "recall_at_1": 0.24609,
        "recall_at_3": 0.49858,
        "recall_at_5": 0.60313,
        "recall_at_10": 0.77312,
        "recall_at_20": 0.88265,
        "recall_at_100": 0.96799,
        "recall_at_1000": 0.99218,
        "precision_at_1": 0.24609,
        "precision_at_3": 0.16619,
        "precision_at_5": 0.12063,
        "precision_at_10": 0.07731,
        "precision_at_20": 0.04413,
        "precision_at_100": 0.00968,
        "precision_at_1000": 0.00099,
        "mrr_at_1": 0.250356,
        "mrr_at_3": 0.35716,
        "mrr_at_5": 0.380417,
        "mrr_at_10": 0.403597,
        "mrr_at_20": 0.41148,
        "mrr_at_100": 0.413851,
        "mrr_at_1000": 0.413968,
        "nauc_ndcg_at_1_max": -0.021134,
        "nauc_ndcg_at_1_std": -0.087241,
        "nauc_ndcg_at_1_diff1": 0.145137,
        "nauc_ndcg_at_3_max": 0.028332,
        "nauc_ndcg_at_3_std": -0.052065,
        "nauc_ndcg_at_3_diff1": 0.096106,
        "nauc_ndcg_at_5_max": 0.028054,
        "nauc_ndcg_at_5_std": -0.051684,
        "nauc_ndcg_at_5_diff1": 0.081546,
        "nauc_ndcg_at_10_max": 0.035468,
        "nauc_ndcg_at_10_std": -0.033788,
        "nauc_ndcg_at_10_diff1": 0.08104,
        "nauc_ndcg_at_20_max": 0.042237,
        "nauc_ndcg_at_20_std": -0.028539,
        "nauc_ndcg_at_20_diff1": 0.090275,
        "nauc_ndcg_at_100_max": 0.035226,
        "nauc_ndcg_at_100_std": -0.030341,
        "nauc_ndcg_at_100_diff1": 0.097739,
        "nauc_ndcg_at_1000_max": 0.029494,
        "nauc_ndcg_at_1000_std": -0.038805,
        "nauc_ndcg_at_1000_diff1": 0.098406,
        "nauc_map_at_1_max": -0.021134,
        "nauc_map_at_1_std": -0.087241,
        "nauc_map_at_1_diff1": 0.145137,
        "nauc_map_at_3_max": 0.01646,
        "nauc_map_at_3_std": -0.061744,
        "nauc_map_at_3_diff1": 0.106663,
        "nauc_map_at_5_max": 0.016497,
        "nauc_map_at_5_std": -0.061428,
        "nauc_map_at_5_diff1": 0.099479,
        "nauc_map_at_10_max": 0.017814,
        "nauc_map_at_10_std": -0.055222,
        "nauc_map_at_10_diff1": 0.099732,
        "nauc_map_at_20_max": 0.019228,
        "nauc_map_at_20_std": -0.054596,
        "nauc_map_at_20_diff1": 0.102415,
        "nauc_map_at_100_max": 0.018519,
        "nauc_map_at_100_std": -0.054666,
        "nauc_map_at_100_diff1": 0.103895,
        "nauc_map_at_1000_max": 0.018301,
        "nauc_map_at_1000_std": -0.054921,
        "nauc_map_at_1000_diff1": 0.103894,
        "nauc_recall_at_1_max": -0.021134,
        "nauc_recall_at_1_std": -0.087241,
        "nauc_recall_at_1_diff1": 0.145137,
        "nauc_recall_at_3_max": 0.061299,
        "nauc_recall_at_3_std": -0.024727,
        "nauc_recall_at_3_diff1": 0.06724,
        "nauc_recall_at_5_max": 0.062404,
        "nauc_recall_at_5_std": -0.022032,
        "nauc_recall_at_5_diff1": 0.024829,
        "nauc_recall_at_10_max": 0.119914,
        "nauc_recall_at_10_std": 0.072263,
        "nauc_recall_at_10_diff1": -0.00374,
        "nauc_recall_at_20_max": 0.245344,
        "nauc_recall_at_20_std": 0.207863,
        "nauc_recall_at_20_diff1": 0.011759,
        "nauc_recall_at_100_max": 0.443787,
        "nauc_recall_at_100_std": 0.699667,
        "nauc_recall_at_100_diff1": 0.050434,
        "nauc_recall_at_1000_max": 0.338209,
        "nauc_recall_at_1000_std": 0.813462,
        "nauc_recall_at_1000_diff1": 0.108064,
        "nauc_precision_at_1_max": -0.021134,
        "nauc_precision_at_1_std": -0.087241,
        "nauc_precision_at_1_diff1": 0.145137,
        "nauc_precision_at_3_max": 0.061299,
        "nauc_precision_at_3_std": -0.024727,
        "nauc_precision_at_3_diff1": 0.06724,
        "nauc_precision_at_5_max": 0.062404,
        "nauc_precision_at_5_std": -0.022032,
        "nauc_precision_at_5_diff1": 0.024829,
        "nauc_precision_at_10_max": 0.119914,
        "nauc_precision_at_10_std": 0.072263,
        "nauc_precision_at_10_diff1": -0.00374,
        "nauc_precision_at_20_max": 0.245344,
        "nauc_precision_at_20_std": 0.207863,
        "nauc_precision_at_20_diff1": 0.011759,
        "nauc_precision_at_100_max": 0.443787,
        "nauc_precision_at_100_std": 0.699667,
        "nauc_precision_at_100_diff1": 0.050434,
        "nauc_precision_at_1000_max": 0.338209,
        "nauc_precision_at_1000_std": 0.813462,
        "nauc_precision_at_1000_diff1": 0.108064,
        "nauc_mrr_at_1_max": -0.020032,
        "nauc_mrr_at_1_std": -0.087881,
        "nauc_mrr_at_1_diff1": 0.130599,
        "nauc_mrr_at_3_max": 0.011243,
        "nauc_mrr_at_3_std": -0.062544,
        "nauc_mrr_at_3_diff1": 0.093535,
        "nauc_mrr_at_5_max": 0.010335,
        "nauc_mrr_at_5_std": -0.06254,
        "nauc_mrr_at_5_diff1": 0.086085,
        "nauc_mrr_at_10_max": 0.012013,
        "nauc_mrr_at_10_std": -0.055987,
        "nauc_mrr_at_10_diff1": 0.086358,
        "nauc_mrr_at_20_max": 0.013201,
        "nauc_mrr_at_20_std": -0.055399,
        "nauc_mrr_at_20_diff1": 0.088618,
        "nauc_mrr_at_100_max": 0.01244,
        "nauc_mrr_at_100_std": -0.055474,
        "nauc_mrr_at_100_diff1": 0.089978,
        "nauc_mrr_at_1000_max": 0.012221,
        "nauc_mrr_at_1000_std": -0.055728,
        "nauc_mrr_at_1000_diff1": 0.089972,
        "main_score": 0.49024,
        "hf_subset": "default",
        "languages": [
          "eng-Latn"
        ]
      }
    ]
  },
  "evaluation_time": 7954.596935272217,
  "kg_co2_emissions": null
}