{
  "dataset_revision": "ad9991cb51e31e31e430383c75ffb2885547b5f0",
  "task_name": "CQADupstackEnglishRetrieval",
  "mteb_version": "1.38.54",
  "scores": {
    "test": [
      {
        "ndcg_at_1": 0.34904,
        "ndcg_at_3": 0.38725,
        "ndcg_at_5": 0.40857,
        "ndcg_at_10": 0.42982,
        "ndcg_at_20": 0.44779,
        "ndcg_at_100": 0.47206,
        "ndcg_at_1000": 0.4961,
        "map_at_1": 0.2798,
        "map_at_3": 0.3451,
        "map_at_5": 0.36237,
        "map_at_10": 0.3744,
        "map_at_20": 0.3808,
        "map_at_100": 0.38594,
        "map_at_1000": 0.3873,
        "recall_at_1": 0.2798,
        "recall_at_3": 0.40396,
        "recall_at_5": 0.46203,
        "recall_at_10": 0.53026,
        "recall_at_20": 0.59586,
        "recall_at_100": 0.70501,
        "recall_at_1000": 0.86059,
        "precision_at_1": 0.34904,
        "precision_at_3": 0.18662,
        "precision_at_5": 0.13401,
        "precision_at_10": 0.08019,
        "precision_at_20": 0.04755,
        "precision_at_100": 0.01306,
        "precision_at_1000": 0.00182,
        "mrr_at_1": 0.349045,
        "mrr_at_3": 0.40966,
        "mrr_at_5": 0.423673,
        "mrr_at_10": 0.432297,
        "mrr_at_20": 0.436856,
        "mrr_at_100": 0.439285,
        "mrr_at_1000": 0.439816,
        "nauc_ndcg_at_1_max": 0.387667,
        "nauc_ndcg_at_1_std": -0.035504,
        "nauc_ndcg_at_1_diff1": 0.530903,
        "nauc_ndcg_at_3_max": 0.375208,
        "nauc_ndcg_at_3_std": -0.027442,
        "nauc_ndcg_at_3_diff1": 0.493467,
        "nauc_ndcg_at_5_max": 0.37538,
        "nauc_ndcg_at_5_std": -0.03089,
        "nauc_ndcg_at_5_diff1": 0.485034,
        "nauc_ndcg_at_10_max": 0.369292,
        "nauc_ndcg_at_10_std": -0.03448,
        "nauc_ndcg_at_10_diff1": 0.483764,
        "nauc_ndcg_at_20_max": 0.372995,
        "nauc_ndcg_at_20_std": -0.029412,
        "nauc_ndcg_at_20_diff1": 0.485595,
        "nauc_ndcg_at_100_max": 0.381245,
        "nauc_ndcg_at_100_std": -0.010542,
        "nauc_ndcg_at_100_diff1": 0.48372,
        "nauc_ndcg_at_1000_max": 0.388424,
        "nauc_ndcg_at_1000_std": 0.000863,
        "nauc_ndcg_at_1000_diff1": 0.48619,
        "nauc_map_at_1_max": 0.328907,
        "nauc_map_at_1_std": -0.084408,
        "nauc_map_at_1_diff1": 0.549633,
        "nauc_map_at_3_max": 0.351069,
        "nauc_map_at_3_std": -0.062567,
        "nauc_map_at_3_diff1": 0.512626,
        "nauc_map_at_5_max": 0.356656,
        "nauc_map_at_5_std": -0.061087,
        "nauc_map_at_5_diff1": 0.503956,
        "nauc_map_at_10_max": 0.358238,
        "nauc_map_at_10_std": -0.058388,
        "nauc_map_at_10_diff1": 0.502869,
        "nauc_map_at_20_max": 0.36167,
        "nauc_map_at_20_std": -0.054548,
        "nauc_map_at_20_diff1": 0.503032,
        "nauc_map_at_100_max": 0.365373,
        "nauc_map_at_100_std": -0.047309,
        "nauc_map_at_100_diff1": 0.502122,
        "nauc_map_at_1000_max": 0.366389,
        "nauc_map_at_1000_std": -0.045906,
        "nauc_map_at_1000_diff1": 0.50224,
        "nauc_recall_at_1_max": 0.328907,
        "nauc_recall_at_1_std": -0.084408,
        "nauc_recall_at_1_diff1": 0.549633,
        "nauc_recall_at_3_max": 0.336472,
        "nauc_recall_at_3_std": -0.041025,
        "nauc_recall_at_3_diff1": 0.463261,
        "nauc_recall_at_5_max": 0.332394,
        "nauc_recall_at_5_std": -0.037262,
        "nauc_recall_at_5_diff1": 0.42841,
        "nauc_recall_at_10_max": 0.31819,
        "nauc_recall_at_10_std": -0.040529,
        "nauc_recall_at_10_diff1": 0.416105,
        "nauc_recall_at_20_max": 0.322616,
        "nauc_recall_at_20_std": -0.020019,
        "nauc_recall_at_20_diff1": 0.408295,
        "nauc_recall_at_100_max": 0.357118,
        "nauc_recall_at_100_std": 0.070659,
        "nauc_recall_at_100_diff1": 0.38924,
        "nauc_recall_at_1000_max": 0.433523,
        "nauc_recall_at_1000_std": 0.265571,
        "nauc_recall_at_1000_diff1": 0.3922,
        "nauc_precision_at_1_max": 0.387667,
        "nauc_precision_at_1_std": -0.035504,
        "nauc_precision_at_1_diff1": 0.530903,
        "nauc_precision_at_3_max": 0.391912,
        "nauc_precision_at_3_std": 0.059775,
        "nauc_precision_at_3_diff1": 0.336498,
        "nauc_precision_at_5_max": 0.380837,
        "nauc_precision_at_5_std": 0.081728,
        "nauc_precision_at_5_diff1": 0.256609,
        "nauc_precision_at_10_max": 0.348202,
        "nauc_precision_at_10_std": 0.117461,
        "nauc_precision_at_10_diff1": 0.197681,
        "nauc_precision_at_20_max": 0.323211,
        "nauc_precision_at_20_std": 0.179975,
        "nauc_precision_at_20_diff1": 0.132657,
        "nauc_precision_at_100_max": 0.259593,
        "nauc_precision_at_100_std": 0.288031,
        "nauc_precision_at_100_diff1": 0.012352,
        "nauc_precision_at_1000_max": 0.175108,
        "nauc_precision_at_1000_std": 0.287584,
        "nauc_precision_at_1000_diff1": -0.083405,
        "nauc_mrr_at_1_max": 0.387667,
        "nauc_mrr_at_1_std": -0.035504,
        "nauc_mrr_at_1_diff1": 0.530903,
        "nauc_mrr_at_3_max": 0.397869,
        "nauc_mrr_at_3_std": -0.010489,
        "nauc_mrr_at_3_diff1": 0.50158,
        "nauc_mrr_at_5_max": 0.398324,
        "nauc_mrr_at_5_std": -0.006276,
        "nauc_mrr_at_5_diff1": 0.497492,
        "nauc_mrr_at_10_max": 0.395708,
        "nauc_mrr_at_10_std": -0.008241,
        "nauc_mrr_at_10_diff1": 0.495899,
        "nauc_mrr_at_20_max": 0.395582,
        "nauc_mrr_at_20_std": -0.007161,
        "nauc_mrr_at_20_diff1": 0.496207,
        "nauc_mrr_at_100_max": 0.396002,
        "nauc_mrr_at_100_std": -0.006509,
        "nauc_mrr_at_100_diff1": 0.496367,
        "nauc_mrr_at_1000_max": 0.39609,
        "nauc_mrr_at_1000_std": -0.006394,
        "nauc_mrr_at_1000_diff1": 0.496463,
        "main_score": 0.42982,
        "hf_subset": "default",
        "languages": [
          "eng-Latn"
        ]
      }
    ]
  },
  "evaluation_time": 10363.285274028778,
  "kg_co2_emissions": null
}