{
  "dataset_revision": "ec0fa4fe99da2ff19ca1214b7966684033a58814",
  "task_name": "NFCorpus",
  "mteb_version": "1.38.54",
  "scores": {
    "test": [
      {
        "ndcg_at_1": 0.40402,
        "ndcg_at_3": 0.34812,
        "ndcg_at_5": 0.33101,
        "ndcg_at_10": 0.30216,
        "ndcg_at_20": 0.27907,
        "ndcg_at_100": 0.27328,
        "ndcg_at_1000": 0.36372,
        "map_at_1": 0.05792,
        "map_at_3": 0.08555,
        "map_at_5": 0.09795,
        "map_at_10": 0.11176,
        "map_at_20": 0.12145,
        "map_at_100": 0.1356,
        "map_at_1000": 0.14812,
        "recall_at_1": 0.05792,
        "recall_at_3": 0.0931,
        "recall_at_5": 0.11549,
        "recall_at_10": 0.14459,
        "recall_at_20": 0.1787,
        "recall_at_100": 0.27316,
        "recall_at_1000": 0.59255,
        "precision_at_1": 0.41796,
        "precision_at_3": 0.31682,
        "precision_at_5": 0.27988,
        "precision_at_10": 0.21672,
        "precision_at_20": 0.15511,
        "precision_at_100": 0.06557,
        "precision_at_1000": 0.01946,
        "mrr_at_1": 0.417957,
        "mrr_at_3": 0.4742,
        "mrr_at_5": 0.490144,
        "mrr_at_10": 0.498559,
        "mrr_at_20": 0.502758,
        "mrr_at_100": 0.505074,
        "mrr_at_1000": 0.505568,
        "nauc_ndcg_at_1_max": 0.453947,
        "nauc_ndcg_at_1_std": 0.146044,
        "nauc_ndcg_at_1_diff1": 0.380835,
        "nauc_ndcg_at_3_max": 0.477448,
        "nauc_ndcg_at_3_std": 0.18614,
        "nauc_ndcg_at_3_diff1": 0.328843,
        "nauc_ndcg_at_5_max": 0.485196,
        "nauc_ndcg_at_5_std": 0.20264,
        "nauc_ndcg_at_5_diff1": 0.323098,
        "nauc_ndcg_at_10_max": 0.466557,
        "nauc_ndcg_at_10_std": 0.213287,
        "nauc_ndcg_at_10_diff1": 0.300289,
        "nauc_ndcg_at_20_max": 0.45546,
        "nauc_ndcg_at_20_std": 0.20449,
        "nauc_ndcg_at_20_diff1": 0.310056,
        "nauc_ndcg_at_100_max": 0.479055,
        "nauc_ndcg_at_100_std": 0.229022,
        "nauc_ndcg_at_100_diff1": 0.342346,
        "nauc_ndcg_at_1000_max": 0.516931,
        "nauc_ndcg_at_1000_std": 0.297836,
        "nauc_ndcg_at_1000_diff1": 0.357477,
        "nauc_map_at_1_max": 0.216576,
        "nauc_map_at_1_std": -0.056565,
        "nauc_map_at_1_diff1": 0.493229,
        "nauc_map_at_3_max": 0.302246,
        "nauc_map_at_3_std": -0.038858,
        "nauc_map_at_3_diff1": 0.452793,
        "nauc_map_at_5_max": 0.33493,
        "nauc_map_at_5_std": -0.0147,
        "nauc_map_at_5_diff1": 0.435847,
        "nauc_map_at_10_max": 0.367481,
        "nauc_map_at_10_std": 0.037684,
        "nauc_map_at_10_diff1": 0.391112,
        "nauc_map_at_20_max": 0.38727,
        "nauc_map_at_20_std": 0.070124,
        "nauc_map_at_20_diff1": 0.375287,
        "nauc_map_at_100_max": 0.411408,
        "nauc_map_at_100_std": 0.117257,
        "nauc_map_at_100_diff1": 0.365766,
        "nauc_map_at_1000_max": 0.421779,
        "nauc_map_at_1000_std": 0.146029,
        "nauc_map_at_1000_diff1": 0.359157,
        "nauc_recall_at_1_max": 0.216576,
        "nauc_recall_at_1_std": -0.056565,
        "nauc_recall_at_1_diff1": 0.493229,
        "nauc_recall_at_3_max": 0.297889,
        "nauc_recall_at_3_std": -0.032406,
        "nauc_recall_at_3_diff1": 0.43929,
        "nauc_recall_at_5_max": 0.328538,
        "nauc_recall_at_5_std": -0.008359,
        "nauc_recall_at_5_diff1": 0.421347,
        "nauc_recall_at_10_max": 0.326049,
        "nauc_recall_at_10_std": 0.044063,
        "nauc_recall_at_10_diff1": 0.349506,
        "nauc_recall_at_20_max": 0.30441,
        "nauc_recall_at_20_std": 0.064306,
        "nauc_recall_at_20_diff1": 0.303527,
        "nauc_recall_at_100_max": 0.318235,
        "nauc_recall_at_100_std": 0.165227,
        "nauc_recall_at_100_diff1": 0.269973,
        "nauc_recall_at_1000_max": 0.266717,
        "nauc_recall_at_1000_std": 0.258179,
        "nauc_recall_at_1000_diff1": 0.220676,
        "nauc_precision_at_1_max": 0.458063,
        "nauc_precision_at_1_std": 0.147972,
        "nauc_precision_at_1_diff1": 0.369274,
        "nauc_precision_at_3_max": 0.465642,
        "nauc_precision_at_3_std": 0.218069,
        "nauc_precision_at_3_diff1": 0.237462,
        "nauc_precision_at_5_max": 0.467916,
        "nauc_precision_at_5_std": 0.268297,
        "nauc_precision_at_5_diff1": 0.191959,
        "nauc_precision_at_10_max": 0.434577,
        "nauc_precision_at_10_std": 0.331264,
        "nauc_precision_at_10_diff1": 0.088844,
        "nauc_precision_at_20_max": 0.386999,
        "nauc_precision_at_20_std": 0.355893,
        "nauc_precision_at_20_diff1": 0.04194,
        "nauc_precision_at_100_max": 0.296845,
        "nauc_precision_at_100_std": 0.381023,
        "nauc_precision_at_100_diff1": -0.009854,
        "nauc_precision_at_1000_max": 0.122852,
        "nauc_precision_at_1000_std": 0.249528,
        "nauc_precision_at_1000_diff1": -0.059003,
        "nauc_mrr_at_1_max": 0.458063,
        "nauc_mrr_at_1_std": 0.147972,
        "nauc_mrr_at_1_diff1": 0.369274,
        "nauc_mrr_at_3_max": 0.490902,
        "nauc_mrr_at_3_std": 0.190695,
        "nauc_mrr_at_3_diff1": 0.373565,
        "nauc_mrr_at_5_max": 0.501354,
        "nauc_mrr_at_5_std": 0.204607,
        "nauc_mrr_at_5_diff1": 0.377758,
        "nauc_mrr_at_10_max": 0.502955,
        "nauc_mrr_at_10_std": 0.208077,
        "nauc_mrr_at_10_diff1": 0.373854,
        "nauc_mrr_at_20_max": 0.501782,
        "nauc_mrr_at_20_std": 0.205544,
        "nauc_mrr_at_20_diff1": 0.370413,
        "nauc_mrr_at_100_max": 0.502802,
        "nauc_mrr_at_100_std": 0.207234,
        "nauc_mrr_at_100_diff1": 0.370594,
        "nauc_mrr_at_1000_max": 0.502687,
        "nauc_mrr_at_1000_std": 0.206914,
        "nauc_mrr_at_1000_diff1": 0.370856,
        "main_score": 0.30216,
        "hf_subset": "default",
        "languages": [
          "eng-Latn"
        ]
      }
    ]
  },
  "evaluation_time": 2346.4490764141083,
  "kg_co2_emissions": null
}