{
  "dataset_revision": "f8c2fcf00f625baaa80f62ec5bd9e1fff3b8ae88",
  "task_name": "SCIDOCS",
  "mteb_version": "1.38.54",
  "scores": {
    "test": [
      {
        "ndcg_at_1": 0.155,
        "ndcg_at_3": 0.13051,
        "ndcg_at_5": 0.11397,
        "ndcg_at_10": 0.13661,
        "ndcg_at_20": 0.15761,
        "ndcg_at_100": 0.19374,
        "ndcg_at_1000": 0.2389,
        "map_at_1": 0.03163,
        "map_at_3": 0.05612,
        "map_at_5": 0.06677,
        "map_at_10": 0.07736,
        "map_at_20": 0.08382,
        "map_at_100": 0.09007,
        "map_at_1000": 0.0922,
        "recall_at_1": 0.03163,
        "recall_at_3": 0.07473,
        "recall_at_5": 0.10183,
        "recall_at_10": 0.14328,
        "recall_at_20": 0.19322,
        "recall_at_100": 0.3104,
        "recall_at_1000": 0.53263,
        "precision_at_1": 0.155,
        "precision_at_3": 0.123,
        "precision_at_5": 0.1006,
        "precision_at_10": 0.0708,
        "precision_at_20": 0.0477,
        "precision_at_100": 0.01532,
        "precision_at_1000": 0.00262,
        "mrr_at_1": 0.155,
        "mrr_at_3": 0.219667,
        "mrr_at_5": 0.234567,
        "mrr_at_10": 0.246352,
        "mrr_at_20": 0.253522,
        "mrr_at_100": 0.257709,
        "mrr_at_1000": 0.258523,
        "nauc_ndcg_at_1_max": 0.182976,
        "nauc_ndcg_at_1_std": -0.002264,
        "nauc_ndcg_at_1_diff1": 0.257824,
        "nauc_ndcg_at_3_max": 0.224603,
        "nauc_ndcg_at_3_std": 0.092594,
        "nauc_ndcg_at_3_diff1": 0.15913,
        "nauc_ndcg_at_5_max": 0.22547,
        "nauc_ndcg_at_5_std": 0.117107,
        "nauc_ndcg_at_5_diff1": 0.152301,
        "nauc_ndcg_at_10_max": 0.228592,
        "nauc_ndcg_at_10_std": 0.14111,
        "nauc_ndcg_at_10_diff1": 0.147727,
        "nauc_ndcg_at_20_max": 0.26309,
        "nauc_ndcg_at_20_std": 0.185694,
        "nauc_ndcg_at_20_diff1": 0.149388,
        "nauc_ndcg_at_100_max": 0.283121,
        "nauc_ndcg_at_100_std": 0.235858,
        "nauc_ndcg_at_100_diff1": 0.145669,
        "nauc_ndcg_at_1000_max": 0.287237,
        "nauc_ndcg_at_1000_std": 0.256297,
        "nauc_ndcg_at_1000_diff1": 0.154001,
        "nauc_map_at_1_max": 0.180921,
        "nauc_map_at_1_std": -0.004755,
        "nauc_map_at_1_diff1": 0.255107,
        "nauc_map_at_3_max": 0.217965,
        "nauc_map_at_3_std": 0.069416,
        "nauc_map_at_3_diff1": 0.163604,
        "nauc_map_at_5_max": 0.225729,
        "nauc_map_at_5_std": 0.088947,
        "nauc_map_at_5_diff1": 0.15273,
        "nauc_map_at_10_max": 0.237336,
        "nauc_map_at_10_std": 0.110106,
        "nauc_map_at_10_diff1": 0.15016,
        "nauc_map_at_20_max": 0.255586,
        "nauc_map_at_20_std": 0.136762,
        "nauc_map_at_20_diff1": 0.149024,
        "nauc_map_at_100_max": 0.2641,
        "nauc_map_at_100_std": 0.15553,
        "nauc_map_at_100_diff1": 0.148986,
        "nauc_map_at_1000_max": 0.266108,
        "nauc_map_at_1000_std": 0.159172,
        "nauc_map_at_1000_diff1": 0.150201,
        "nauc_recall_at_1_max": 0.180921,
        "nauc_recall_at_1_std": -0.004755,
        "nauc_recall_at_1_diff1": 0.255107,
        "nauc_recall_at_3_max": 0.237034,
        "nauc_recall_at_3_std": 0.12514,
        "nauc_recall_at_3_diff1": 0.122908,
        "nauc_recall_at_5_max": 0.231219,
        "nauc_recall_at_5_std": 0.159011,
        "nauc_recall_at_5_diff1": 0.116344,
        "nauc_recall_at_10_max": 0.227403,
        "nauc_recall_at_10_std": 0.189862,
        "nauc_recall_at_10_diff1": 0.110879,
        "nauc_recall_at_20_max": 0.284884,
        "nauc_recall_at_20_std": 0.268631,
        "nauc_recall_at_20_diff1": 0.11064,
        "nauc_recall_at_100_max": 0.304115,
        "nauc_recall_at_100_std": 0.360925,
        "nauc_recall_at_100_diff1": 0.095381,
        "nauc_recall_at_1000_max": 0.270192,
        "nauc_recall_at_1000_std": 0.389479,
        "nauc_recall_at_1000_diff1": 0.100202,
        "nauc_precision_at_1_max": 0.182976,
        "nauc_precision_at_1_std": -0.002264,
        "nauc_precision_at_1_diff1": 0.257824,
        "nauc_precision_at_3_max": 0.240816,
        "nauc_precision_at_3_std": 0.127332,
        "nauc_precision_at_3_diff1": 0.124716,
        "nauc_precision_at_5_max": 0.234948,
        "nauc_precision_at_5_std": 0.160922,
        "nauc_precision_at_5_diff1": 0.118598,
        "nauc_precision_at_10_max": 0.23346,
        "nauc_precision_at_10_std": 0.193818,
        "nauc_precision_at_10_diff1": 0.111976,
        "nauc_precision_at_20_max": 0.29064,
        "nauc_precision_at_20_std": 0.270645,
        "nauc_precision_at_20_diff1": 0.111513,
        "nauc_precision_at_100_max": 0.31009,
        "nauc_precision_at_100_std": 0.360414,
        "nauc_precision_at_100_diff1": 0.094643,
        "nauc_precision_at_1000_max": 0.278924,
        "nauc_precision_at_1000_std": 0.386071,
        "nauc_precision_at_1000_diff1": 0.100281,
        "nauc_mrr_at_1_max": 0.182976,
        "nauc_mrr_at_1_std": -0.002264,
        "nauc_mrr_at_1_diff1": 0.257824,
        "nauc_mrr_at_3_max": 0.207389,
        "nauc_mrr_at_3_std": 0.079438,
        "nauc_mrr_at_3_diff1": 0.18449,
        "nauc_mrr_at_5_max": 0.205476,
        "nauc_mrr_at_5_std": 0.089187,
        "nauc_mrr_at_5_diff1": 0.186443,
        "nauc_mrr_at_10_max": 0.198732,
        "nauc_mrr_at_10_std": 0.093074,
        "nauc_mrr_at_10_diff1": 0.180094,
        "nauc_mrr_at_20_max": 0.205664,
        "nauc_mrr_at_20_std": 0.098659,
        "nauc_mrr_at_20_diff1": 0.182306,
        "nauc_mrr_at_100_max": 0.205887,
        "nauc_mrr_at_100_std": 0.099051,
        "nauc_mrr_at_100_diff1": 0.181329,
        "nauc_mrr_at_1000_max": 0.205841,
        "nauc_mrr_at_1000_std": 0.098609,
        "nauc_mrr_at_1000_diff1": 0.181602,
        "main_score": 0.13661,
        "hf_subset": "default",
        "languages": [
          "eng-Latn"
        ]
      }
    ]
  },
  "evaluation_time": 7601.5752964019775,
  "kg_co2_emissions": null
}