{
  "dataset_revision": "0228b52cf27578f30900b9e5271d331663a030d7",
  "task_name": "SciFact",
  "mteb_version": "1.38.54",
  "scores": {
    "test": [
      {
        "ndcg_at_1": 0.51667,
        "ndcg_at_3": 0.56147,
        "ndcg_at_5": 0.5821,
        "ndcg_at_10": 0.5952,
        "ndcg_at_20": 0.607,
        "ndcg_at_100": 0.63084,
        "ndcg_at_1000": 0.64491,
        "map_at_1": 0.48594,
        "map_at_3": 0.53735,
        "map_at_5": 0.55132,
        "map_at_10": 0.55766,
        "map_at_20": 0.56115,
        "map_at_100": 0.56491,
        "map_at_1000": 0.56545,
        "recall_at_1": 0.48594,
        "recall_at_3": 0.60217,
        "recall_at_5": 0.65478,
        "recall_at_10": 0.69067,
        "recall_at_20": 0.73578,
        "recall_at_100": 0.86033,
        "recall_at_1000": 0.97,
        "precision_at_1": 0.51667,
        "precision_at_3": 0.21778,
        "precision_at_5": 0.144,
        "precision_at_10": 0.078,
        "precision_at_20": 0.04183,
        "precision_at_100": 0.00977,
        "precision_at_1000": 0.0011,
        "mrr_at_1": 0.516667,
        "mrr_at_3": 0.56,
        "mrr_at_5": 0.572,
        "mrr_at_10": 0.576374,
        "mrr_at_20": 0.579224,
        "mrr_at_100": 0.582118,
        "mrr_at_1000": 0.582584,
        "nauc_ndcg_at_1_max": 0.551445,
        "nauc_ndcg_at_1_std": 0.099528,
        "nauc_ndcg_at_1_diff1": 0.647046,
        "nauc_ndcg_at_3_max": 0.533681,
        "nauc_ndcg_at_3_std": 0.064917,
        "nauc_ndcg_at_3_diff1": 0.613728,
        "nauc_ndcg_at_5_max": 0.54778,
        "nauc_ndcg_at_5_std": 0.082075,
        "nauc_ndcg_at_5_diff1": 0.598189,
        "nauc_ndcg_at_10_max": 0.560257,
        "nauc_ndcg_at_10_std": 0.093407,
        "nauc_ndcg_at_10_diff1": 0.597739,
        "nauc_ndcg_at_20_max": 0.562776,
        "nauc_ndcg_at_20_std": 0.118754,
        "nauc_ndcg_at_20_diff1": 0.603441,
        "nauc_ndcg_at_100_max": 0.562274,
        "nauc_ndcg_at_100_std": 0.125423,
        "nauc_ndcg_at_100_diff1": 0.599655,
        "nauc_ndcg_at_1000_max": 0.563262,
        "nauc_ndcg_at_1000_std": 0.119049,
        "nauc_ndcg_at_1000_diff1": 0.608123,
        "nauc_map_at_1_max": 0.516538,
        "nauc_map_at_1_std": 0.032795,
        "nauc_map_at_1_diff1": 0.652695,
        "nauc_map_at_3_max": 0.525204,
        "nauc_map_at_3_std": 0.047297,
        "nauc_map_at_3_diff1": 0.624299,
        "nauc_map_at_5_max": 0.540463,
        "nauc_map_at_5_std": 0.06936,
        "nauc_map_at_5_diff1": 0.612006,
        "nauc_map_at_10_max": 0.548799,
        "nauc_map_at_10_std": 0.077736,
        "nauc_map_at_10_diff1": 0.611424,
        "nauc_map_at_20_max": 0.550709,
        "nauc_map_at_20_std": 0.085006,
        "nauc_map_at_20_diff1": 0.613844,
        "nauc_map_at_100_max": 0.550514,
        "nauc_map_at_100_std": 0.086957,
        "nauc_map_at_100_diff1": 0.613336,
        "nauc_map_at_1000_max": 0.550529,
        "nauc_map_at_1000_std": 0.086995,
        "nauc_map_at_1000_diff1": 0.613648,
        "nauc_recall_at_1_max": 0.516538,
        "nauc_recall_at_1_std": 0.032795,
        "nauc_recall_at_1_diff1": 0.652695,
        "nauc_recall_at_3_max": 0.511299,
        "nauc_recall_at_3_std": 0.023324,
        "nauc_recall_at_3_diff1": 0.585235,
        "nauc_recall_at_5_max": 0.54335,
        "nauc_recall_at_5_std": 0.084681,
        "nauc_recall_at_5_diff1": 0.531212,
        "nauc_recall_at_10_max": 0.56975,
        "nauc_recall_at_10_std": 0.110221,
        "nauc_recall_at_10_diff1": 0.524536,
        "nauc_recall_at_20_max": 0.574513,
        "nauc_recall_at_20_std": 0.231566,
        "nauc_recall_at_20_diff1": 0.537645,
        "nauc_recall_at_100_max": 0.582982,
        "nauc_recall_at_100_std": 0.354721,
        "nauc_recall_at_100_diff1": 0.454472,
        "nauc_recall_at_1000_max": 0.742245,
        "nauc_recall_at_1000_std": 0.588702,
        "nauc_recall_at_1000_diff1": 0.546426,
        "nauc_precision_at_1_max": 0.551445,
        "nauc_precision_at_1_std": 0.099528,
        "nauc_precision_at_1_diff1": 0.647046,
        "nauc_precision_at_3_max": 0.500207,
        "nauc_precision_at_3_std": 0.152687,
        "nauc_precision_at_3_diff1": 0.465876,
        "nauc_precision_at_5_max": 0.543652,
        "nauc_precision_at_5_std": 0.256138,
        "nauc_precision_at_5_diff1": 0.374101,
        "nauc_precision_at_10_max": 0.545437,
        "nauc_precision_at_10_std": 0.307692,
        "nauc_precision_at_10_diff1": 0.307904,
        "nauc_precision_at_20_max": 0.522947,
        "nauc_precision_at_20_std": 0.401008,
        "nauc_precision_at_20_diff1": 0.279201,
        "nauc_precision_at_100_max": 0.41858,
        "nauc_precision_at_100_std": 0.458743,
        "nauc_precision_at_100_diff1": 0.100388,
        "nauc_precision_at_1000_max": 0.292685,
        "nauc_precision_at_1000_std": 0.460922,
        "nauc_precision_at_1000_diff1": -0.046711,
        "nauc_mrr_at_1_max": 0.551445,
        "nauc_mrr_at_1_std": 0.099528,
        "nauc_mrr_at_1_diff1": 0.647046,
        "nauc_mrr_at_3_max": 0.549966,
        "nauc_mrr_at_3_std": 0.091671,
        "nauc_mrr_at_3_diff1": 0.627681,
        "nauc_mrr_at_5_max": 0.557458,
        "nauc_mrr_at_5_std": 0.102802,
        "nauc_mrr_at_5_diff1": 0.621332,
        "nauc_mrr_at_10_max": 0.559107,
        "nauc_mrr_at_10_std": 0.103756,
        "nauc_mrr_at_10_diff1": 0.620983,
        "nauc_mrr_at_20_max": 0.559069,
        "nauc_mrr_at_20_std": 0.110045,
        "nauc_mrr_at_20_diff1": 0.622345,
        "nauc_mrr_at_100_max": 0.559054,
        "nauc_mrr_at_100_std": 0.111321,
        "nauc_mrr_at_100_diff1": 0.622105,
        "nauc_mrr_at_1000_max": 0.559031,
        "nauc_mrr_at_1000_std": 0.111225,
        "nauc_mrr_at_1000_diff1": 0.622358,
        "main_score": 0.5952,
        "hf_subset": "default",
        "languages": [
          "eng-Latn"
        ]
      }
    ]
  },
  "evaluation_time": 2451.5220687389374,
  "kg_co2_emissions": null
}