{
  "dataset_revision": "c22ab2a51041ffd869aaddef7af8d8215647e41a",
  "task_name": "ArguAna",
  "mteb_version": "1.38.54",
  "scores": {
    "test": [
      {
        "ndcg_at_1": 0.10597,
        "ndcg_at_3": 0.17715,
        "ndcg_at_5": 0.20882,
        "ndcg_at_10": 0.23963,
        "ndcg_at_20": 0.26109,
        "ndcg_at_100": 0.29294,
        "ndcg_at_1000": 0.31536,
        "map_at_1": 0.10597,
        "map_at_3": 0.15884,
        "map_at_5": 0.17627,
        "map_at_10": 0.18897,
        "map_at_20": 0.1949,
        "map_at_100": 0.19919,
        "map_at_1000": 0.19993,
        "recall_at_1": 0.10597,
        "recall_at_3": 0.23044,
        "recall_at_5": 0.30797,
        "recall_at_10": 0.40327,
        "recall_at_20": 0.48791,
        "recall_at_100": 0.66145,
        "recall_at_1000": 0.84353,
        "precision_at_1": 0.10597,
        "precision_at_3": 0.07681,
        "precision_at_5": 0.06159,
        "precision_at_10": 0.04033,
        "precision_at_20": 0.0244,
        "precision_at_100": 0.00661,
        "precision_at_1000": 0.00084,
        "mrr_at_1": 0.109531,
        "mrr_at_3": 0.160147,
        "mrr_at_5": 0.177288,
        "mrr_at_10": 0.190165,
        "mrr_at_20": 0.196164,
        "mrr_at_100": 0.200451,
        "mrr_at_1000": 0.201195,
        "nauc_ndcg_at_1_max": -0.023944,
        "nauc_ndcg_at_1_std": -0.027495,
        "nauc_ndcg_at_1_diff1": 0.069087,
        "nauc_ndcg_at_3_max": -0.011828,
        "nauc_ndcg_at_3_std": 0.023668,
        "nauc_ndcg_at_3_diff1": 0.052703,
        "nauc_ndcg_at_5_max": -0.013164,
        "nauc_ndcg_at_5_std": 0.045624,
        "nauc_ndcg_at_5_diff1": 0.051676,
        "nauc_ndcg_at_10_max": -0.006949,
        "nauc_ndcg_at_10_std": 0.07096,
        "nauc_ndcg_at_10_diff1": 0.055373,
        "nauc_ndcg_at_20_max": 0.00072,
        "nauc_ndcg_at_20_std": 0.094866,
        "nauc_ndcg_at_20_diff1": 0.050121,
        "nauc_ndcg_at_100_max": -0.007481,
        "nauc_ndcg_at_100_std": 0.117472,
        "nauc_ndcg_at_100_diff1": 0.050376,
        "nauc_ndcg_at_1000_max": -0.014331,
        "nauc_ndcg_at_1000_std": 0.112094,
        "nauc_ndcg_at_1000_diff1": 0.057244,
        "nauc_map_at_1_max": -0.023944,
        "nauc_map_at_1_std": -0.027495,
        "nauc_map_at_1_diff1": 0.069087,
        "nauc_map_at_3_max": -0.016282,
        "nauc_map_at_3_std": 0.013349,
        "nauc_map_at_3_diff1": 0.053954,
        "nauc_map_at_5_max": -0.017205,
        "nauc_map_at_5_std": 0.026367,
        "nauc_map_at_5_diff1": 0.053317,
        "nauc_map_at_10_max": -0.014254,
        "nauc_map_at_10_std": 0.037792,
        "nauc_map_at_10_diff1": 0.055316,
        "nauc_map_at_20_max": -0.012292,
        "nauc_map_at_20_std": 0.044838,
        "nauc_map_at_20_diff1": 0.053529,
        "nauc_map_at_100_max": -0.014028,
        "nauc_map_at_100_std": 0.048369,
        "nauc_map_at_100_diff1": 0.052976,
        "nauc_map_at_1000_max": -0.014198,
        "nauc_map_at_1000_std": 0.048093,
        "nauc_map_at_1000_diff1": 0.05317,
        "nauc_recall_at_1_max": -0.023944,
        "nauc_recall_at_1_std": -0.027495,
        "nauc_recall_at_1_diff1": 0.069087,
        "nauc_recall_at_3_max": -0.001229,
        "nauc_recall_at_3_std": 0.046866,
        "nauc_recall_at_3_diff1": 0.050488,
        "nauc_recall_at_5_max": -0.004206,
        "nauc_recall_at_5_std": 0.088134,
        "nauc_recall_at_5_diff1": 0.048689,
        "nauc_recall_at_10_max": 0.009817,
        "nauc_recall_at_10_std": 0.147361,
        "nauc_recall_at_10_diff1": 0.056377,
        "nauc_recall_at_20_max": 0.035749,
        "nauc_recall_at_20_std": 0.223524,
        "nauc_recall_at_20_diff1": 0.041252,
        "nauc_recall_at_100_max": 0.00978,
        "nauc_recall_at_100_std": 0.362522,
        "nauc_recall_at_100_diff1": 0.048064,
        "nauc_recall_at_1000_max": -0.069693,
        "nauc_recall_at_1000_std": 0.502024,
        "nauc_recall_at_1000_diff1": 0.142601,
        "nauc_precision_at_1_max": -0.023944,
        "nauc_precision_at_1_std": -0.027495,
        "nauc_precision_at_1_diff1": 0.069087,
        "nauc_precision_at_3_max": -0.001229,
        "nauc_precision_at_3_std": 0.046866,
        "nauc_precision_at_3_diff1": 0.050488,
        "nauc_precision_at_5_max": -0.004206,
        "nauc_precision_at_5_std": 0.088134,
        "nauc_precision_at_5_diff1": 0.048689,
        "nauc_precision_at_10_max": 0.009817,
        "nauc_precision_at_10_std": 0.147361,
        "nauc_precision_at_10_diff1": 0.056377,
        "nauc_precision_at_20_max": 0.035749,
        "nauc_precision_at_20_std": 0.223524,
        "nauc_precision_at_20_diff1": 0.041252,
        "nauc_precision_at_100_max": 0.00978,
        "nauc_precision_at_100_std": 0.362522,
        "nauc_precision_at_100_diff1": 0.048064,
        "nauc_precision_at_1000_max": -0.069693,
        "nauc_precision_at_1000_std": 0.502024,
        "nauc_precision_at_1000_diff1": 0.142601,
        "nauc_mrr_at_1_max": -0.015745,
        "nauc_mrr_at_1_std": -0.022278,
        "nauc_mrr_at_1_diff1": 0.048336,
        "nauc_mrr_at_3_max": -0.019552,
        "nauc_mrr_at_3_std": 0.011803,
        "nauc_mrr_at_3_diff1": 0.039778,
        "nauc_mrr_at_5_max": -0.020647,
        "nauc_mrr_at_5_std": 0.024029,
        "nauc_mrr_at_5_diff1": 0.038664,
        "nauc_mrr_at_10_max": -0.01665,
        "nauc_mrr_at_10_std": 0.036954,
        "nauc_mrr_at_10_diff1": 0.041814,
        "nauc_mrr_at_20_max": -0.014388,
        "nauc_mrr_at_20_std": 0.04396,
        "nauc_mrr_at_20_diff1": 0.040348,
        "nauc_mrr_at_100_max": -0.016145,
        "nauc_mrr_at_100_std": 0.047464,
        "nauc_mrr_at_100_diff1": 0.039703,
        "nauc_mrr_at_1000_max": -0.016319,
        "nauc_mrr_at_1000_std": 0.047188,
        "nauc_mrr_at_1000_diff1": 0.03987,
        "main_score": 0.23963,
        "hf_subset": "default",
        "languages": [
          "eng-Latn"
        ]
      }
    ]
  },
  "evaluation_time": 104.97888374328613,
  "kg_co2_emissions": null
}