{
  "dataset_revision": "ad9991cb51e31e31e430383c75ffb2885547b5f0",
  "task_name": "CQADupstackEnglishRetrieval",
  "mteb_version": "1.38.54",
  "scores": {
    "test": [
      {
        "ndcg_at_1": 0.02102,
        "ndcg_at_3": 0.02417,
        "ndcg_at_5": 0.02631,
        "ndcg_at_10": 0.02959,
        "ndcg_at_20": 0.0326,
        "ndcg_at_100": 0.03949,
        "ndcg_at_1000": 0.05714,
        "map_at_1": 0.01442,
        "map_at_3": 0.01987,
        "map_at_5": 0.02144,
        "map_at_10": 0.02294,
        "map_at_20": 0.02378,
        "map_at_100": 0.02464,
        "map_at_1000": 0.02515,
        "recall_at_1": 0.01442,
        "recall_at_3": 0.02592,
        "recall_at_5": 0.03243,
        "recall_at_10": 0.0429,
        "recall_at_20": 0.05442,
        "recall_at_100": 0.08851,
        "recall_at_1000": 0.21806,
        "precision_at_1": 0.02102,
        "precision_at_3": 0.01274,
        "precision_at_5": 0.00955,
        "precision_at_10": 0.00631,
        "precision_at_20": 0.00401,
        "precision_at_100": 0.00146,
        "precision_at_1000": 0.00041,
        "mrr_at_1": 0.021019,
        "mrr_at_3": 0.027176,
        "mrr_at_5": 0.02896,
        "mrr_at_10": 0.030672,
        "mrr_at_20": 0.031749,
        "mrr_at_100": 0.032931,
        "mrr_at_1000": 0.033545,
        "nauc_ndcg_at_1_max": 0.107252,
        "nauc_ndcg_at_1_std": -0.331097,
        "nauc_ndcg_at_1_diff1": 0.365214,
        "nauc_ndcg_at_3_max": 0.093487,
        "nauc_ndcg_at_3_std": -0.307841,
        "nauc_ndcg_at_3_diff1": 0.238964,
        "nauc_ndcg_at_5_max": 0.071329,
        "nauc_ndcg_at_5_std": -0.29652,
        "nauc_ndcg_at_5_diff1": 0.204888,
        "nauc_ndcg_at_10_max": 0.04401,
        "nauc_ndcg_at_10_std": -0.296341,
        "nauc_ndcg_at_10_diff1": 0.19179,
        "nauc_ndcg_at_20_max": 0.056659,
        "nauc_ndcg_at_20_std": -0.293151,
        "nauc_ndcg_at_20_diff1": 0.19076,
        "nauc_ndcg_at_100_max": 0.066747,
        "nauc_ndcg_at_100_std": -0.28947,
        "nauc_ndcg_at_100_diff1": 0.148342,
        "nauc_ndcg_at_1000_max": 0.064331,
        "nauc_ndcg_at_1000_std": -0.282649,
        "nauc_ndcg_at_1000_diff1": 0.109047,
        "nauc_map_at_1_max": 0.112424,
        "nauc_map_at_1_std": -0.321176,
        "nauc_map_at_1_diff1": 0.407227,
        "nauc_map_at_3_max": 0.105176,
        "nauc_map_at_3_std": -0.312071,
        "nauc_map_at_3_diff1": 0.291903,
        "nauc_map_at_5_max": 0.089832,
        "nauc_map_at_5_std": -0.302287,
        "nauc_map_at_5_diff1": 0.260861,
        "nauc_map_at_10_max": 0.073026,
        "nauc_map_at_10_std": -0.302898,
        "nauc_map_at_10_diff1": 0.24875,
        "nauc_map_at_20_max": 0.075826,
        "nauc_map_at_20_std": -0.300866,
        "nauc_map_at_20_diff1": 0.24623,
        "nauc_map_at_100_max": 0.07852,
        "nauc_map_at_100_std": -0.300975,
        "nauc_map_at_100_diff1": 0.236287,
        "nauc_map_at_1000_max": 0.078041,
        "nauc_map_at_1000_std": -0.300455,
        "nauc_map_at_1000_diff1": 0.232652,
        "nauc_recall_at_1_max": 0.112424,
        "nauc_recall_at_1_std": -0.321176,
        "nauc_recall_at_1_diff1": 0.407227,
        "nauc_recall_at_3_max": 0.089391,
        "nauc_recall_at_3_std": -0.308487,
        "nauc_recall_at_3_diff1": 0.210943,
        "nauc_recall_at_5_max": 0.03903,
        "nauc_recall_at_5_std": -0.28377,
        "nauc_recall_at_5_diff1": 0.136537,
        "nauc_recall_at_10_max": -0.004655,
        "nauc_recall_at_10_std": -0.289314,
        "nauc_recall_at_10_diff1": 0.118055,
        "nauc_recall_at_20_max": 0.032717,
        "nauc_recall_at_20_std": -0.281403,
        "nauc_recall_at_20_diff1": 0.128167,
        "nauc_recall_at_100_max": 0.061315,
        "nauc_recall_at_100_std": -0.2711,
        "nauc_recall_at_100_diff1": 0.053969,
        "nauc_recall_at_1000_max": 0.058595,
        "nauc_recall_at_1000_std": -0.257494,
        "nauc_recall_at_1000_diff1": 0.016051,
        "nauc_precision_at_1_max": 0.107252,
        "nauc_precision_at_1_std": -0.331097,
        "nauc_precision_at_1_diff1": 0.365214,
        "nauc_precision_at_3_max": 0.110393,
        "nauc_precision_at_3_std": -0.303654,
        "nauc_precision_at_3_diff1": 0.170875,
        "nauc_precision_at_5_max": 0.085781,
        "nauc_precision_at_5_std": -0.289305,
        "nauc_precision_at_5_diff1": 0.119506,
        "nauc_precision_at_10_max": 0.031493,
        "nauc_precision_at_10_std": -0.277253,
        "nauc_precision_at_10_diff1": 0.08899,
        "nauc_precision_at_20_max": 0.063462,
        "nauc_precision_at_20_std": -0.270593,
        "nauc_precision_at_20_diff1": 0.084648,
        "nauc_precision_at_100_max": 0.07015,
        "nauc_precision_at_100_std": -0.275261,
        "nauc_precision_at_100_diff1": 0.02079,
        "nauc_precision_at_1000_max": 0.037673,
        "nauc_precision_at_1000_std": -0.205119,
        "nauc_precision_at_1000_diff1": -0.024716,
        "nauc_mrr_at_1_max": 0.107252,
        "nauc_mrr_at_1_std": -0.331097,
        "nauc_mrr_at_1_diff1": 0.365214,
        "nauc_mrr_at_3_max": 0.07669,
        "nauc_mrr_at_3_std": -0.306025,
        "nauc_mrr_at_3_diff1": 0.257776,
        "nauc_mrr_at_5_max": 0.066433,
        "nauc_mrr_at_5_std": -0.300977,
        "nauc_mrr_at_5_diff1": 0.229599,
        "nauc_mrr_at_10_max": 0.053491,
        "nauc_mrr_at_10_std": -0.297547,
        "nauc_mrr_at_10_diff1": 0.213981,
        "nauc_mrr_at_20_max": 0.05783,
        "nauc_mrr_at_20_std": -0.296012,
        "nauc_mrr_at_20_diff1": 0.209999,
        "nauc_mrr_at_100_max": 0.057786,
        "nauc_mrr_at_100_std": -0.294142,
        "nauc_mrr_at_100_diff1": 0.199747,
        "nauc_mrr_at_1000_max": 0.057802,
        "nauc_mrr_at_1000_std": -0.293723,
        "nauc_mrr_at_1000_diff1": 0.197231,
        "main_score": 0.02959,
        "hf_subset": "default",
        "languages": [
          "eng-Latn"
        ]
      }
    ]
  },
  "evaluation_time": 253.03265404701233,
  "kg_co2_emissions": null
}