{
  "dataset_revision": "ec0fa4fe99da2ff19ca1214b7966684033a58814",
  "task_name": "NFCorpus",
  "mteb_version": "1.38.54",
  "scores": {
    "test": [
      {
        "ndcg_at_1": 0.02477,
        "ndcg_at_3": 0.02244,
        "ndcg_at_5": 0.02117,
        "ndcg_at_10": 0.019,
        "ndcg_at_20": 0.01892,
        "ndcg_at_100": 0.02828,
        "ndcg_at_1000": 0.11446,
        "map_at_1": 0.0004,
        "map_at_3": 0.00123,
        "map_at_5": 0.0015,
        "map_at_10": 0.00188,
        "map_at_20": 0.00229,
        "map_at_100": 0.00356,
        "map_at_1000": 0.00784,
        "recall_at_1": 0.0004,
        "recall_at_3": 0.00191,
        "recall_at_5": 0.00299,
        "recall_at_10": 0.0052,
        "recall_at_20": 0.00952,
        "recall_at_100": 0.04423,
        "recall_at_1000": 0.35204,
        "precision_at_1": 0.02786,
        "precision_at_3": 0.02477,
        "precision_at_5": 0.02167,
        "precision_at_10": 0.01765,
        "precision_at_20": 0.01579,
        "precision_at_100": 0.01443,
        "precision_at_1000": 0.01178,
        "mrr_at_1": 0.027864,
        "mrr_at_3": 0.045924,
        "mrr_at_5": 0.050103,
        "mrr_at_10": 0.055379,
        "mrr_at_20": 0.059825,
        "mrr_at_100": 0.065804,
        "mrr_at_1000": 0.067653,
        "nauc_ndcg_at_1_max": -0.262806,
        "nauc_ndcg_at_1_std": 0.351804,
        "nauc_ndcg_at_1_diff1": -0.046913,
        "nauc_ndcg_at_3_max": -0.120112,
        "nauc_ndcg_at_3_std": 0.199369,
        "nauc_ndcg_at_3_diff1": 0.027198,
        "nauc_ndcg_at_5_max": -0.126481,
        "nauc_ndcg_at_5_std": 0.1738,
        "nauc_ndcg_at_5_diff1": -0.019028,
        "nauc_ndcg_at_10_max": -0.126679,
        "nauc_ndcg_at_10_std": 0.132308,
        "nauc_ndcg_at_10_diff1": -0.048576,
        "nauc_ndcg_at_20_max": -0.121044,
        "nauc_ndcg_at_20_std": 0.09398,
        "nauc_ndcg_at_20_diff1": -0.077815,
        "nauc_ndcg_at_100_max": -0.141911,
        "nauc_ndcg_at_100_std": 0.127868,
        "nauc_ndcg_at_100_diff1": -0.126505,
        "nauc_ndcg_at_1000_max": -0.01493,
        "nauc_ndcg_at_1000_std": -0.017693,
        "nauc_ndcg_at_1000_diff1": -0.111226,
        "nauc_map_at_1_max": -0.063212,
        "nauc_map_at_1_std": -0.132346,
        "nauc_map_at_1_diff1": 0.181464,
        "nauc_map_at_3_max": 0.002458,
        "nauc_map_at_3_std": -0.144583,
        "nauc_map_at_3_diff1": 0.272604,
        "nauc_map_at_5_max": -0.01371,
        "nauc_map_at_5_std": -0.10099,
        "nauc_map_at_5_diff1": 0.195545,
        "nauc_map_at_10_max": -0.045326,
        "nauc_map_at_10_std": -0.049135,
        "nauc_map_at_10_diff1": 0.119168,
        "nauc_map_at_20_max": -0.029621,
        "nauc_map_at_20_std": -0.071251,
        "nauc_map_at_20_diff1": 0.064603,
        "nauc_map_at_100_max": -0.076753,
        "nauc_map_at_100_std": 0.014896,
        "nauc_map_at_100_diff1": -0.00586,
        "nauc_map_at_1000_max": -0.097357,
        "nauc_map_at_1000_std": 0.048032,
        "nauc_map_at_1000_diff1": -0.060854,
        "nauc_recall_at_1_max": -0.063212,
        "nauc_recall_at_1_std": -0.132346,
        "nauc_recall_at_1_diff1": 0.181464,
        "nauc_recall_at_3_max": 0.044345,
        "nauc_recall_at_3_std": -0.120402,
        "nauc_recall_at_3_diff1": 0.267095,
        "nauc_recall_at_5_max": -0.025692,
        "nauc_recall_at_5_std": -0.014368,
        "nauc_recall_at_5_diff1": 0.111397,
        "nauc_recall_at_10_max": -0.086152,
        "nauc_recall_at_10_std": 0.042455,
        "nauc_recall_at_10_diff1": -0.021834,
        "nauc_recall_at_20_max": -0.030344,
        "nauc_recall_at_20_std": -0.047387,
        "nauc_recall_at_20_diff1": -0.121821,
        "nauc_recall_at_100_max": -0.143973,
        "nauc_recall_at_100_std": 0.105549,
        "nauc_recall_at_100_diff1": -0.117645,
        "nauc_recall_at_1000_max": -0.005636,
        "nauc_recall_at_1000_std": -0.003231,
        "nauc_recall_at_1000_diff1": -0.071201,
        "nauc_precision_at_1_max": -0.200871,
        "nauc_precision_at_1_std": 0.261975,
        "nauc_precision_at_1_diff1": -0.027604,
        "nauc_precision_at_3_max": -0.00695,
        "nauc_precision_at_3_std": 0.074718,
        "nauc_precision_at_3_diff1": 0.05384,
        "nauc_precision_at_5_max": -0.054144,
        "nauc_precision_at_5_std": 0.088711,
        "nauc_precision_at_5_diff1": -0.029449,
        "nauc_precision_at_10_max": -0.072711,
        "nauc_precision_at_10_std": 0.057945,
        "nauc_precision_at_10_diff1": -0.078508,
        "nauc_precision_at_20_max": -0.094299,
        "nauc_precision_at_20_std": 0.04745,
        "nauc_precision_at_20_diff1": -0.112549,
        "nauc_precision_at_100_max": -0.169668,
        "nauc_precision_at_100_std": 0.17919,
        "nauc_precision_at_100_diff1": -0.122695,
        "nauc_precision_at_1000_max": -0.154603,
        "nauc_precision_at_1000_std": 0.150706,
        "nauc_precision_at_1000_diff1": -0.090373,
        "nauc_mrr_at_1_max": -0.200871,
        "nauc_mrr_at_1_std": 0.261975,
        "nauc_mrr_at_1_diff1": -0.027604,
        "nauc_mrr_at_3_max": -0.051443,
        "nauc_mrr_at_3_std": 0.121682,
        "nauc_mrr_at_3_diff1": 0.023529,
        "nauc_mrr_at_5_max": -0.07645,
        "nauc_mrr_at_5_std": 0.14723,
        "nauc_mrr_at_5_diff1": 0.014088,
        "nauc_mrr_at_10_max": -0.080383,
        "nauc_mrr_at_10_std": 0.141495,
        "nauc_mrr_at_10_diff1": 0.00072,
        "nauc_mrr_at_20_max": -0.085157,
        "nauc_mrr_at_20_std": 0.131915,
        "nauc_mrr_at_20_diff1": -0.012599,
        "nauc_mrr_at_100_max": -0.080857,
        "nauc_mrr_at_100_std": 0.127334,
        "nauc_mrr_at_100_diff1": -0.018833,
        "nauc_mrr_at_1000_max": -0.080309,
        "nauc_mrr_at_1000_std": 0.127349,
        "nauc_mrr_at_1000_diff1": -0.017481,
        "main_score": 0.019,
        "hf_subset": "default",
        "languages": [
          "eng-Latn"
        ]
      }
    ]
  },
  "evaluation_time": 61.14838695526123,
  "kg_co2_emissions": null
}