{
  "dataset_revision": "f8c2fcf00f625baaa80f62ec5bd9e1fff3b8ae88",
  "task_name": "SCIDOCS",
  "mteb_version": "1.38.54",
  "scores": {
    "test": [
      {
        "ndcg_at_1": 0.009,
        "ndcg_at_3": 0.00647,
        "ndcg_at_5": 0.00578,
        "ndcg_at_10": 0.00701,
        "ndcg_at_20": 0.00863,
        "ndcg_at_100": 0.01579,
        "ndcg_at_1000": 0.04061,
        "map_at_1": 0.0019,
        "map_at_3": 0.00263,
        "map_at_5": 0.00297,
        "map_at_10": 0.00327,
        "map_at_20": 0.00361,
        "map_at_100": 0.00429,
        "map_at_1000": 0.00485,
        "recall_at_1": 0.0019,
        "recall_at_3": 0.0035,
        "recall_at_5": 0.00495,
        "recall_at_10": 0.00715,
        "recall_at_20": 0.01095,
        "recall_at_100": 0.03495,
        "recall_at_1000": 0.16272,
        "precision_at_1": 0.009,
        "precision_at_3": 0.00567,
        "precision_at_5": 0.0048,
        "precision_at_10": 0.0035,
        "precision_at_20": 0.0027,
        "precision_at_100": 0.00172,
        "precision_at_1000": 0.0008,
        "mrr_at_1": 0.009,
        "mrr_at_3": 0.012667,
        "mrr_at_5": 0.014267,
        "mrr_at_10": 0.015798,
        "mrr_at_20": 0.016757,
        "mrr_at_100": 0.018723,
        "mrr_at_1000": 0.019869,
        "nauc_ndcg_at_1_max": 0.090391,
        "nauc_ndcg_at_1_std": -0.309006,
        "nauc_ndcg_at_1_diff1": 0.297379,
        "nauc_ndcg_at_3_max": 0.085779,
        "nauc_ndcg_at_3_std": -0.295715,
        "nauc_ndcg_at_3_diff1": 0.219016,
        "nauc_ndcg_at_5_max": 0.019908,
        "nauc_ndcg_at_5_std": -0.305136,
        "nauc_ndcg_at_5_diff1": 0.140394,
        "nauc_ndcg_at_10_max": 0.020184,
        "nauc_ndcg_at_10_std": -0.255977,
        "nauc_ndcg_at_10_diff1": 0.095198,
        "nauc_ndcg_at_20_max": -0.013198,
        "nauc_ndcg_at_20_std": -0.242428,
        "nauc_ndcg_at_20_diff1": 0.05587,
        "nauc_ndcg_at_100_max": -0.022938,
        "nauc_ndcg_at_100_std": -0.20604,
        "nauc_ndcg_at_100_diff1": -0.002271,
        "nauc_ndcg_at_1000_max": -0.059201,
        "nauc_ndcg_at_1000_std": -0.23837,
        "nauc_ndcg_at_1000_diff1": 0.011041,
        "nauc_map_at_1_max": 0.059587,
        "nauc_map_at_1_std": -0.316248,
        "nauc_map_at_1_diff1": 0.279327,
        "nauc_map_at_3_max": 0.068931,
        "nauc_map_at_3_std": -0.300664,
        "nauc_map_at_3_diff1": 0.224092,
        "nauc_map_at_5_max": 0.033714,
        "nauc_map_at_5_std": -0.305564,
        "nauc_map_at_5_diff1": 0.174266,
        "nauc_map_at_10_max": 0.034559,
        "nauc_map_at_10_std": -0.27686,
        "nauc_map_at_10_diff1": 0.147778,
        "nauc_map_at_20_max": 0.014933,
        "nauc_map_at_20_std": -0.275808,
        "nauc_map_at_20_diff1": 0.126134,
        "nauc_map_at_100_max": -0.001747,
        "nauc_map_at_100_std": -0.263922,
        "nauc_map_at_100_diff1": 0.095725,
        "nauc_map_at_1000_max": -0.010709,
        "nauc_map_at_1000_std": -0.268125,
        "nauc_map_at_1000_diff1": 0.083,
        "nauc_recall_at_1_max": 0.059587,
        "nauc_recall_at_1_std": -0.316248,
        "nauc_recall_at_1_diff1": 0.279327,
        "nauc_recall_at_3_max": 0.05651,
        "nauc_recall_at_3_std": -0.302645,
        "nauc_recall_at_3_diff1": 0.177929,
        "nauc_recall_at_5_max": -0.029008,
        "nauc_recall_at_5_std": -0.311294,
        "nauc_recall_at_5_diff1": 0.066533,
        "nauc_recall_at_10_max": -0.018108,
        "nauc_recall_at_10_std": -0.228878,
        "nauc_recall_at_10_diff1": 0.007972,
        "nauc_recall_at_20_max": -0.06161,
        "nauc_recall_at_20_std": -0.212355,
        "nauc_recall_at_20_diff1": -0.032726,
        "nauc_recall_at_100_max": -0.044026,
        "nauc_recall_at_100_std": -0.178803,
        "nauc_recall_at_100_diff1": -0.06391,
        "nauc_recall_at_1000_max": -0.079084,
        "nauc_recall_at_1000_std": -0.232528,
        "nauc_recall_at_1000_diff1": 0.00297,
        "nauc_precision_at_1_max": 0.090391,
        "nauc_precision_at_1_std": -0.309006,
        "nauc_precision_at_1_diff1": 0.297379,
        "nauc_precision_at_3_max": 0.072728,
        "nauc_precision_at_3_std": -0.298411,
        "nauc_precision_at_3_diff1": 0.184504,
        "nauc_precision_at_5_max": -0.013617,
        "nauc_precision_at_5_std": -0.305731,
        "nauc_precision_at_5_diff1": 0.073887,
        "nauc_precision_at_10_max": -0.007321,
        "nauc_precision_at_10_std": -0.223297,
        "nauc_precision_at_10_diff1": 0.01176,
        "nauc_precision_at_20_max": -0.055223,
        "nauc_precision_at_20_std": -0.208508,
        "nauc_precision_at_20_diff1": -0.030836,
        "nauc_precision_at_100_max": -0.041888,
        "nauc_precision_at_100_std": -0.174984,
        "nauc_precision_at_100_diff1": -0.063243,
        "nauc_precision_at_1000_max": -0.077847,
        "nauc_precision_at_1000_std": -0.228191,
        "nauc_precision_at_1000_diff1": 0.00046,
        "nauc_mrr_at_1_max": 0.090391,
        "nauc_mrr_at_1_std": -0.309006,
        "nauc_mrr_at_1_diff1": 0.297379,
        "nauc_mrr_at_3_max": 0.091187,
        "nauc_mrr_at_3_std": -0.294903,
        "nauc_mrr_at_3_diff1": 0.234738,
        "nauc_mrr_at_5_max": 0.054906,
        "nauc_mrr_at_5_std": -0.299442,
        "nauc_mrr_at_5_diff1": 0.184554,
        "nauc_mrr_at_10_max": 0.053727,
        "nauc_mrr_at_10_std": -0.270309,
        "nauc_mrr_at_10_diff1": 0.156126,
        "nauc_mrr_at_20_max": 0.04068,
        "nauc_mrr_at_20_std": -0.258846,
        "nauc_mrr_at_20_diff1": 0.138451,
        "nauc_mrr_at_100_max": 0.039783,
        "nauc_mrr_at_100_std": -0.243373,
        "nauc_mrr_at_100_diff1": 0.115579,
        "nauc_mrr_at_1000_max": 0.035411,
        "nauc_mrr_at_1000_std": -0.242386,
        "nauc_mrr_at_1000_diff1": 0.113861,
        "main_score": 0.00701,
        "hf_subset": "default",
        "languages": [
          "eng-Latn"
        ]
      }
    ]
  },
  "evaluation_time": 285.8496186733246,
  "kg_co2_emissions": null
}