{
  "dataset_revision": "0228b52cf27578f30900b9e5271d331663a030d7",
  "task_name": "SciFact",
  "mteb_version": "1.38.54",
  "scores": {
    "test": [
      {
        "ndcg_at_1": 0.03,
        "ndcg_at_3": 0.03969,
        "ndcg_at_5": 0.04535,
        "ndcg_at_10": 0.05122,
        "ndcg_at_20": 0.06076,
        "ndcg_at_100": 0.08497,
        "ndcg_at_1000": 0.13271,
        "map_at_1": 0.02833,
        "map_at_3": 0.03579,
        "map_at_5": 0.03887,
        "map_at_10": 0.04161,
        "map_at_20": 0.04418,
        "map_at_100": 0.04702,
        "map_at_1000": 0.04847,
        "recall_at_1": 0.02833,
        "recall_at_3": 0.04694,
        "recall_at_5": 0.06028,
        "recall_at_10": 0.07694,
        "recall_at_20": 0.11528,
        "recall_at_100": 0.25306,
        "recall_at_1000": 0.63694,
        "precision_at_1": 0.03,
        "precision_at_3": 0.01778,
        "precision_at_5": 0.014,
        "precision_at_10": 0.00933,
        "precision_at_20": 0.00667,
        "precision_at_100": 0.00277,
        "precision_at_1000": 0.00073,
        "mrr_at_1": 0.03,
        "mrr_at_3": 0.039444,
        "mrr_at_5": 0.043278,
        "mrr_at_10": 0.045489,
        "mrr_at_20": 0.047874,
        "mrr_at_100": 0.050689,
        "mrr_at_1000": 0.052113,
        "nauc_ndcg_at_1_max": 0.284769,
        "nauc_ndcg_at_1_std": -0.300361,
        "nauc_ndcg_at_1_diff1": -0.088185,
        "nauc_ndcg_at_3_max": 0.257949,
        "nauc_ndcg_at_3_std": -0.252877,
        "nauc_ndcg_at_3_diff1": -0.167816,
        "nauc_ndcg_at_5_max": 0.258441,
        "nauc_ndcg_at_5_std": -0.260612,
        "nauc_ndcg_at_5_diff1": -0.177499,
        "nauc_ndcg_at_10_max": 0.230383,
        "nauc_ndcg_at_10_std": -0.243529,
        "nauc_ndcg_at_10_diff1": -0.19369,
        "nauc_ndcg_at_20_max": 0.22707,
        "nauc_ndcg_at_20_std": -0.22554,
        "nauc_ndcg_at_20_diff1": -0.183035,
        "nauc_ndcg_at_100_max": 0.255891,
        "nauc_ndcg_at_100_std": -0.250319,
        "nauc_ndcg_at_100_diff1": -0.215679,
        "nauc_ndcg_at_1000_max": 0.234306,
        "nauc_ndcg_at_1000_std": -0.240114,
        "nauc_ndcg_at_1000_diff1": -0.21915,
        "nauc_map_at_1_max": 0.295728,
        "nauc_map_at_1_std": -0.288641,
        "nauc_map_at_1_diff1": -0.099165,
        "nauc_map_at_3_max": 0.269513,
        "nauc_map_at_3_std": -0.261228,
        "nauc_map_at_3_diff1": -0.154392,
        "nauc_map_at_5_max": 0.272691,
        "nauc_map_at_5_std": -0.26474,
        "nauc_map_at_5_diff1": -0.162999,
        "nauc_map_at_10_max": 0.257192,
        "nauc_map_at_10_std": -0.259882,
        "nauc_map_at_10_diff1": -0.175137,
        "nauc_map_at_20_max": 0.254995,
        "nauc_map_at_20_std": -0.252431,
        "nauc_map_at_20_diff1": -0.170205,
        "nauc_map_at_100_max": 0.256436,
        "nauc_map_at_100_std": -0.255821,
        "nauc_map_at_100_diff1": -0.177105,
        "nauc_map_at_1000_max": 0.255474,
        "nauc_map_at_1000_std": -0.255508,
        "nauc_map_at_1000_diff1": -0.177758,
        "nauc_recall_at_1_max": 0.295728,
        "nauc_recall_at_1_std": -0.288641,
        "nauc_recall_at_1_diff1": -0.099165,
        "nauc_recall_at_3_max": 0.246331,
        "nauc_recall_at_3_std": -0.242972,
        "nauc_recall_at_3_diff1": -0.203719,
        "nauc_recall_at_5_max": 0.247365,
        "nauc_recall_at_5_std": -0.25515,
        "nauc_recall_at_5_diff1": -0.215143,
        "nauc_recall_at_10_max": 0.199139,
        "nauc_recall_at_10_std": -0.226625,
        "nauc_recall_at_10_diff1": -0.237261,
        "nauc_recall_at_20_max": 0.194804,
        "nauc_recall_at_20_std": -0.188726,
        "nauc_recall_at_20_diff1": -0.202364,
        "nauc_recall_at_100_max": 0.278382,
        "nauc_recall_at_100_std": -0.257356,
        "nauc_recall_at_100_diff1": -0.265278,
        "nauc_recall_at_1000_max": 0.214241,
        "nauc_recall_at_1000_std": -0.2114,
        "nauc_recall_at_1000_diff1": -0.266375,
        "nauc_precision_at_1_max": 0.284769,
        "nauc_precision_at_1_std": -0.300361,
        "nauc_precision_at_1_diff1": -0.088185,
        "nauc_precision_at_3_max": 0.228619,
        "nauc_precision_at_3_std": -0.238245,
        "nauc_precision_at_3_diff1": -0.200362,
        "nauc_precision_at_5_max": 0.214458,
        "nauc_precision_at_5_std": -0.248087,
        "nauc_precision_at_5_diff1": -0.195421,
        "nauc_precision_at_10_max": 0.156263,
        "nauc_precision_at_10_std": -0.21167,
        "nauc_precision_at_10_diff1": -0.228688,
        "nauc_precision_at_20_max": 0.159596,
        "nauc_precision_at_20_std": -0.186874,
        "nauc_precision_at_20_diff1": -0.193455,
        "nauc_precision_at_100_max": 0.257041,
        "nauc_precision_at_100_std": -0.253813,
        "nauc_precision_at_100_diff1": -0.262129,
        "nauc_precision_at_1000_max": 0.146848,
        "nauc_precision_at_1000_std": -0.214963,
        "nauc_precision_at_1000_diff1": -0.26678,
        "nauc_mrr_at_1_max": 0.284769,
        "nauc_mrr_at_1_std": -0.300361,
        "nauc_mrr_at_1_diff1": -0.088185,
        "nauc_mrr_at_3_max": 0.253653,
        "nauc_mrr_at_3_std": -0.258646,
        "nauc_mrr_at_3_diff1": -0.147534,
        "nauc_mrr_at_5_max": 0.250993,
        "nauc_mrr_at_5_std": -0.261068,
        "nauc_mrr_at_5_diff1": -0.152094,
        "nauc_mrr_at_10_max": 0.235199,
        "nauc_mrr_at_10_std": -0.242208,
        "nauc_mrr_at_10_diff1": -0.156819,
        "nauc_mrr_at_20_max": 0.236812,
        "nauc_mrr_at_20_std": -0.236385,
        "nauc_mrr_at_20_diff1": -0.156365,
        "nauc_mrr_at_100_max": 0.239328,
        "nauc_mrr_at_100_std": -0.24019,
        "nauc_mrr_at_100_diff1": -0.163059,
        "nauc_mrr_at_1000_max": 0.238205,
        "nauc_mrr_at_1000_std": -0.240454,
        "nauc_mrr_at_1000_diff1": -0.163862,
        "main_score": 0.05122,
        "hf_subset": "default",
        "languages": [
          "eng-Latn"
        ]
      }
    ]
  },
  "evaluation_time": 81.44025826454163,
  "kg_co2_emissions": null
}