{
  "dataset_revision": "a0d554a64d88156834ff5ae9920b964011b16384",
  "task_name": "STS12",
  "mteb_version": "1.38.54",
  "scores": {
    "test": [
      {
        "pearson": 0.242146,
        "spearman": 0.331159,
        "cosine_pearson": 0.242146,
        "cosine_spearman": 0.331159,
        "manhattan_pearson": 0.299718,
        "manhattan_spearman": 0.331275,
        "euclidean_pearson": 0.285158,
        "euclidean_spearman": 0.328982,
        "main_score": 0.331159,
        "hf_subset": "default",
        "languages": [
          "eng-Latn"
        ]
      }
    ]
  },
  "evaluation_time": 10.232043027877808,
  "kg_co2_emissions": null
}