{
  "dataset_revision": "c22ab2a51041ffd869aaddef7af8d8215647e41a",
  "task_name": "ArguAna",
  "mteb_version": "1.38.54",
  "scores": {
    "test": [
      {
        "ndcg_at_1": 0.39474,
        "ndcg_at_3": 0.5423,
        "ndcg_at_5": 0.59033,
        "ndcg_at_10": 0.63273,
        "ndcg_at_20": 0.64737,
        "ndcg_at_100": 0.65399,
        "ndcg_at_1000": 0.65516,
        "map_at_1": 0.39474,
        "map_at_3": 0.50474,
        "map_at_5": 0.53156,
        "map_at_10": 0.54937,
        "map_at_20": 0.55362,
        "map_at_100": 0.5546,
        "map_at_1000": 0.55466,
        "recall_at_1": 0.39474,
        "recall_at_3": 0.65149,
        "recall_at_5": 0.76743,
        "recall_at_10": 0.89687,
        "recall_at_20": 0.95306,
        "recall_at_100": 0.98791,
        "recall_at_1000": 0.99644,
        "precision_at_1": 0.39474,
        "precision_at_3": 0.21716,
        "precision_at_5": 0.15349,
        "precision_at_10": 0.08969,
        "precision_at_20": 0.04765,
        "precision_at_100": 0.00988,
        "precision_at_1000": 0.001,
        "mrr_at_1": 0.399004,
        "mrr_at_3": 0.507231,
        "mrr_at_5": 0.533333,
        "mrr_at_10": 0.551213,
        "mrr_at_20": 0.555393,
        "mrr_at_100": 0.556373,
        "mrr_at_1000": 0.556427,
        "nauc_ndcg_at_1_max": -0.046801,
        "nauc_ndcg_at_1_std": -0.085132,
        "nauc_ndcg_at_1_diff1": 0.151043,
        "nauc_ndcg_at_3_max": -0.032325,
        "nauc_ndcg_at_3_std": -0.084415,
        "nauc_ndcg_at_3_diff1": 0.114044,
        "nauc_ndcg_at_5_max": -0.020427,
        "nauc_ndcg_at_5_std": -0.083351,
        "nauc_ndcg_at_5_diff1": 0.113865,
        "nauc_ndcg_at_10_max": -0.028522,
        "nauc_ndcg_at_10_std": -0.07982,
        "nauc_ndcg_at_10_diff1": 0.111788,
        "nauc_ndcg_at_20_max": -0.022121,
        "nauc_ndcg_at_20_std": -0.072585,
        "nauc_ndcg_at_20_diff1": 0.120935,
        "nauc_ndcg_at_100_max": -0.027176,
        "nauc_ndcg_at_100_std": -0.074125,
        "nauc_ndcg_at_100_diff1": 0.123416,
        "nauc_ndcg_at_1000_max": -0.029321,
        "nauc_ndcg_at_1000_std": -0.077823,
        "nauc_ndcg_at_1000_diff1": 0.121468,
        "nauc_map_at_1_max": -0.046801,
        "nauc_map_at_1_std": -0.085132,
        "nauc_map_at_1_diff1": 0.151043,
        "nauc_map_at_3_max": -0.036773,
        "nauc_map_at_3_std": -0.084652,
        "nauc_map_at_3_diff1": 0.121224,
        "nauc_map_at_5_max": -0.030687,
        "nauc_map_at_5_std": -0.084463,
        "nauc_map_at_5_diff1": 0.121934,
        "nauc_map_at_10_max": -0.034691,
        "nauc_map_at_10_std": -0.08392,
        "nauc_map_at_10_diff1": 0.121067,
        "nauc_map_at_20_max": -0.03329,
        "nauc_map_at_20_std": -0.082155,
        "nauc_map_at_20_diff1": 0.12341,
        "nauc_map_at_100_max": -0.033812,
        "nauc_map_at_100_std": -0.082432,
        "nauc_map_at_100_diff1": 0.123794,
        "nauc_map_at_1000_max": -0.033908,
        "nauc_map_at_1000_std": -0.08257,
        "nauc_map_at_1000_diff1": 0.123714,
        "nauc_recall_at_1_max": -0.046801,
        "nauc_recall_at_1_std": -0.085132,
        "nauc_recall_at_1_diff1": 0.151043,
        "nauc_recall_at_3_max": -0.01711,
        "nauc_recall_at_3_std": -0.083601,
        "nauc_recall_at_3_diff1": 0.091203,
        "nauc_recall_at_5_max": 0.02643,
        "nauc_recall_at_5_std": -0.077644,
        "nauc_recall_at_5_diff1": 0.079876,
        "nauc_recall_at_10_max": 0.024052,
        "nauc_recall_at_10_std": -0.034416,
        "nauc_recall_at_10_diff1": 0.036502,
        "nauc_recall_at_20_max": 0.211904,
        "nauc_recall_at_20_std": 0.155302,
        "nauc_recall_at_20_diff1": 0.12262,
        "nauc_recall_at_100_max": 0.338562,
        "nauc_recall_at_100_std": 0.677562,
        "nauc_recall_at_100_diff1": 0.350387,
        "nauc_recall_at_1000_max": 0.246096,
        "nauc_recall_at_1000_std": 0.717096,
        "nauc_recall_at_1000_diff1": -0.001916,
        "nauc_precision_at_1_max": -0.046801,
        "nauc_precision_at_1_std": -0.085132,
        "nauc_precision_at_1_diff1": 0.151043,
        "nauc_precision_at_3_max": -0.01711,
        "nauc_precision_at_3_std": -0.083601,
        "nauc_precision_at_3_diff1": 0.091203,
        "nauc_precision_at_5_max": 0.02643,
        "nauc_precision_at_5_std": -0.077644,
        "nauc_precision_at_5_diff1": 0.079876,
        "nauc_precision_at_10_max": 0.024052,
        "nauc_precision_at_10_std": -0.034416,
        "nauc_precision_at_10_diff1": 0.036502,
        "nauc_precision_at_20_max": 0.211904,
        "nauc_precision_at_20_std": 0.155302,
        "nauc_precision_at_20_diff1": 0.12262,
        "nauc_precision_at_100_max": 0.338562,
        "nauc_precision_at_100_std": 0.677562,
        "nauc_precision_at_100_diff1": 0.350387,
        "nauc_precision_at_1000_max": 0.246096,
        "nauc_precision_at_1000_std": 0.717096,
        "nauc_precision_at_1000_diff1": -0.001916,
        "nauc_mrr_at_1_max": -0.052067,
        "nauc_mrr_at_1_std": -0.084894,
        "nauc_mrr_at_1_diff1": 0.138967,
        "nauc_mrr_at_3_max": -0.045346,
        "nauc_mrr_at_3_std": -0.085782,
        "nauc_mrr_at_3_diff1": 0.107497,
        "nauc_mrr_at_5_max": -0.039436,
        "nauc_mrr_at_5_std": -0.085448,
        "nauc_mrr_at_5_diff1": 0.108585,
        "nauc_mrr_at_10_max": -0.04369,
        "nauc_mrr_at_10_std": -0.083797,
        "nauc_mrr_at_10_diff1": 0.107141,
        "nauc_mrr_at_20_max": -0.042308,
        "nauc_mrr_at_20_std": -0.08243,
        "nauc_mrr_at_20_diff1": 0.109384,
        "nauc_mrr_at_100_max": -0.042864,
        "nauc_mrr_at_100_std": -0.082708,
        "nauc_mrr_at_100_diff1": 0.109717,
        "nauc_mrr_at_1000_max": -0.042961,
        "nauc_mrr_at_1000_std": -0.082846,
        "nauc_mrr_at_1000_diff1": 0.109634,
        "main_score": 0.63273,
        "hf_subset": "default",
        "languages": [
          "eng-Latn"
        ]
      }
    ]
  },
  "evaluation_time": 10065.15462398529,
  "kg_co2_emissions": null
}