{
  "dataset_revision": "ad9991cb51e31e31e430383c75ffb2885547b5f0",
  "task_name": "CQADupstackEnglishRetrieval",
  "mteb_version": "1.38.54",
  "scores": {
    "test": [
      {
        "ndcg_at_1": 0.36306,
        "ndcg_at_3": 0.39794,
        "ndcg_at_5": 0.41587,
        "ndcg_at_10": 0.43653,
        "ndcg_at_20": 0.45408,
        "ndcg_at_100": 0.48179,
        "ndcg_at_1000": 0.50316,
        "map_at_1": 0.29036,
        "map_at_3": 0.35542,
        "map_at_5": 0.37146,
        "map_at_10": 0.38353,
        "map_at_20": 0.39037,
        "map_at_100": 0.39591,
        "map_at_1000": 0.39716,
        "recall_at_1": 0.29036,
        "recall_at_3": 0.41059,
        "recall_at_5": 0.46208,
        "recall_at_10": 0.5263,
        "recall_at_20": 0.59057,
        "recall_at_100": 0.72013,
        "recall_at_1000": 0.85936,
        "precision_at_1": 0.36306,
        "precision_at_3": 0.19087,
        "precision_at_5": 0.13567,
        "precision_at_10": 0.08287,
        "precision_at_20": 0.04898,
        "precision_at_100": 0.01361,
        "precision_at_1000": 0.00184,
        "mrr_at_1": 0.363057,
        "mrr_at_3": 0.420382,
        "mrr_at_5": 0.432643,
        "mrr_at_10": 0.441462,
        "mrr_at_20": 0.445938,
        "mrr_at_100": 0.448708,
        "mrr_at_1000": 0.449158,
        "nauc_ndcg_at_1_max": 0.402527,
        "nauc_ndcg_at_1_std": 0.130095,
        "nauc_ndcg_at_1_diff1": 0.522495,
        "nauc_ndcg_at_3_max": 0.372457,
        "nauc_ndcg_at_3_std": 0.108151,
        "nauc_ndcg_at_3_diff1": 0.480581,
        "nauc_ndcg_at_5_max": 0.376078,
        "nauc_ndcg_at_5_std": 0.114615,
        "nauc_ndcg_at_5_diff1": 0.470228,
        "nauc_ndcg_at_10_max": 0.371288,
        "nauc_ndcg_at_10_std": 0.121065,
        "nauc_ndcg_at_10_diff1": 0.467064,
        "nauc_ndcg_at_20_max": 0.375475,
        "nauc_ndcg_at_20_std": 0.128905,
        "nauc_ndcg_at_20_diff1": 0.467338,
        "nauc_ndcg_at_100_max": 0.381712,
        "nauc_ndcg_at_100_std": 0.145934,
        "nauc_ndcg_at_100_diff1": 0.46764,
        "nauc_ndcg_at_1000_max": 0.38701,
        "nauc_ndcg_at_1000_std": 0.15349,
        "nauc_ndcg_at_1000_diff1": 0.466234,
        "nauc_map_at_1_max": 0.312695,
        "nauc_map_at_1_std": 0.064938,
        "nauc_map_at_1_diff1": 0.543526,
        "nauc_map_at_3_max": 0.336156,
        "nauc_map_at_3_std": 0.074239,
        "nauc_map_at_3_diff1": 0.500239,
        "nauc_map_at_5_max": 0.348097,
        "nauc_map_at_5_std": 0.086159,
        "nauc_map_at_5_diff1": 0.489324,
        "nauc_map_at_10_max": 0.353211,
        "nauc_map_at_10_std": 0.095346,
        "nauc_map_at_10_diff1": 0.487391,
        "nauc_map_at_20_max": 0.358224,
        "nauc_map_at_20_std": 0.101296,
        "nauc_map_at_20_diff1": 0.486867,
        "nauc_map_at_100_max": 0.363274,
        "nauc_map_at_100_std": 0.108349,
        "nauc_map_at_100_diff1": 0.486369,
        "nauc_map_at_1000_max": 0.364212,
        "nauc_map_at_1000_std": 0.109644,
        "nauc_map_at_1000_diff1": 0.48612,
        "nauc_recall_at_1_max": 0.312695,
        "nauc_recall_at_1_std": 0.064938,
        "nauc_recall_at_1_diff1": 0.543526,
        "nauc_recall_at_3_max": 0.321846,
        "nauc_recall_at_3_std": 0.064446,
        "nauc_recall_at_3_diff1": 0.451827,
        "nauc_recall_at_5_max": 0.334845,
        "nauc_recall_at_5_std": 0.090653,
        "nauc_recall_at_5_diff1": 0.418653,
        "nauc_recall_at_10_max": 0.326736,
        "nauc_recall_at_10_std": 0.111083,
        "nauc_recall_at_10_diff1": 0.400244,
        "nauc_recall_at_20_max": 0.339914,
        "nauc_recall_at_20_std": 0.146101,
        "nauc_recall_at_20_diff1": 0.39043,
        "nauc_recall_at_100_max": 0.352396,
        "nauc_recall_at_100_std": 0.243891,
        "nauc_recall_at_100_diff1": 0.36762,
        "nauc_recall_at_1000_max": 0.401566,
        "nauc_recall_at_1000_std": 0.395048,
        "nauc_recall_at_1000_diff1": 0.301231,
        "nauc_precision_at_1_max": 0.402527,
        "nauc_precision_at_1_std": 0.130095,
        "nauc_precision_at_1_diff1": 0.522495,
        "nauc_precision_at_3_max": 0.400999,
        "nauc_precision_at_3_std": 0.167099,
        "nauc_precision_at_3_diff1": 0.318314,
        "nauc_precision_at_5_max": 0.404471,
        "nauc_precision_at_5_std": 0.207229,
        "nauc_precision_at_5_diff1": 0.236417,
        "nauc_precision_at_10_max": 0.38593,
        "nauc_precision_at_10_std": 0.256727,
        "nauc_precision_at_10_diff1": 0.159048,
        "nauc_precision_at_20_max": 0.375129,
        "nauc_precision_at_20_std": 0.293579,
        "nauc_precision_at_20_diff1": 0.090241,
        "nauc_precision_at_100_max": 0.317738,
        "nauc_precision_at_100_std": 0.352491,
        "nauc_precision_at_100_diff1": -0.022791,
        "nauc_precision_at_1000_max": 0.216882,
        "nauc_precision_at_1000_std": 0.326618,
        "nauc_precision_at_1000_diff1": -0.105144,
        "nauc_mrr_at_1_max": 0.402527,
        "nauc_mrr_at_1_std": 0.130095,
        "nauc_mrr_at_1_diff1": 0.522495,
        "nauc_mrr_at_3_max": 0.401815,
        "nauc_mrr_at_3_std": 0.133321,
        "nauc_mrr_at_3_diff1": 0.489179,
        "nauc_mrr_at_5_max": 0.402079,
        "nauc_mrr_at_5_std": 0.138681,
        "nauc_mrr_at_5_diff1": 0.483601,
        "nauc_mrr_at_10_max": 0.398177,
        "nauc_mrr_at_10_std": 0.138513,
        "nauc_mrr_at_10_diff1": 0.481116,
        "nauc_mrr_at_20_max": 0.399,
        "nauc_mrr_at_20_std": 0.140182,
        "nauc_mrr_at_20_diff1": 0.480964,
        "nauc_mrr_at_100_max": 0.39964,
        "nauc_mrr_at_100_std": 0.141645,
        "nauc_mrr_at_100_diff1": 0.48134,
        "nauc_mrr_at_1000_max": 0.399749,
        "nauc_mrr_at_1000_std": 0.141733,
        "nauc_mrr_at_1000_diff1": 0.481393,
        "main_score": 0.43653,
        "hf_subset": "default",
        "languages": [
          "eng-Latn"
        ]
      }
    ]
  },
  "evaluation_time": 13158.540623426437,
  "kg_co2_emissions": null
}