{
  "dataset_revision": "ec0fa4fe99da2ff19ca1214b7966684033a58814",
  "task_name": "NFCorpus",
  "mteb_version": "1.38.54",
  "scores": {
    "test": [
      {
        "ndcg_at_1": 0.43189,
        "ndcg_at_3": 0.3979,
        "ndcg_at_5": 0.37021,
        "ndcg_at_10": 0.3439,
        "ndcg_at_20": 0.32478,
        "ndcg_at_100": 0.32503,
        "ndcg_at_1000": 0.41286,
        "map_at_1": 0.06108,
        "map_at_3": 0.09743,
        "map_at_5": 0.11137,
        "map_at_10": 0.13076,
        "map_at_20": 0.14625,
        "map_at_100": 0.16638,
        "map_at_1000": 0.181,
        "recall_at_1": 0.06108,
        "recall_at_3": 0.10894,
        "recall_at_5": 0.13106,
        "recall_at_10": 0.17088,
        "recall_at_20": 0.21583,
        "recall_at_100": 0.33801,
        "recall_at_1000": 0.65077,
        "precision_at_1": 0.44272,
        "precision_at_3": 0.36739,
        "precision_at_5": 0.31269,
        "precision_at_10": 0.25232,
        "precision_at_20": 0.18777,
        "precision_at_100": 0.0817,
        "precision_at_1000": 0.02123,
        "mrr_at_1": 0.442724,
        "mrr_at_3": 0.51806,
        "mrr_at_5": 0.528122,
        "mrr_at_10": 0.539097,
        "mrr_at_20": 0.542994,
        "mrr_at_100": 0.545374,
        "mrr_at_1000": 0.545655,
        "nauc_ndcg_at_1_max": 0.391379,
        "nauc_ndcg_at_1_std": 0.178367,
        "nauc_ndcg_at_1_diff1": 0.301234,
        "nauc_ndcg_at_3_max": 0.438253,
        "nauc_ndcg_at_3_std": 0.233351,
        "nauc_ndcg_at_3_diff1": 0.190216,
        "nauc_ndcg_at_5_max": 0.426374,
        "nauc_ndcg_at_5_std": 0.25234,
        "nauc_ndcg_at_5_diff1": 0.187217,
        "nauc_ndcg_at_10_max": 0.406838,
        "nauc_ndcg_at_10_std": 0.269506,
        "nauc_ndcg_at_10_diff1": 0.157464,
        "nauc_ndcg_at_20_max": 0.404138,
        "nauc_ndcg_at_20_std": 0.26405,
        "nauc_ndcg_at_20_diff1": 0.164383,
        "nauc_ndcg_at_100_max": 0.427328,
        "nauc_ndcg_at_100_std": 0.26597,
        "nauc_ndcg_at_100_diff1": 0.209315,
        "nauc_ndcg_at_1000_max": 0.485099,
        "nauc_ndcg_at_1000_std": 0.306822,
        "nauc_ndcg_at_1000_diff1": 0.206459,
        "nauc_map_at_1_max": 0.253453,
        "nauc_map_at_1_std": -0.133593,
        "nauc_map_at_1_diff1": 0.447764,
        "nauc_map_at_3_max": 0.284503,
        "nauc_map_at_3_std": -0.077835,
        "nauc_map_at_3_diff1": 0.399625,
        "nauc_map_at_5_max": 0.29469,
        "nauc_map_at_5_std": -0.045348,
        "nauc_map_at_5_diff1": 0.378368,
        "nauc_map_at_10_max": 0.311785,
        "nauc_map_at_10_std": 0.012738,
        "nauc_map_at_10_diff1": 0.337373,
        "nauc_map_at_20_max": 0.323061,
        "nauc_map_at_20_std": 0.050865,
        "nauc_map_at_20_diff1": 0.305521,
        "nauc_map_at_100_max": 0.351001,
        "nauc_map_at_100_std": 0.109902,
        "nauc_map_at_100_diff1": 0.279036,
        "nauc_map_at_1000_max": 0.358487,
        "nauc_map_at_1000_std": 0.144985,
        "nauc_map_at_1000_diff1": 0.258574,
        "nauc_recall_at_1_max": 0.253453,
        "nauc_recall_at_1_std": -0.133593,
        "nauc_recall_at_1_diff1": 0.447764,
        "nauc_recall_at_3_max": 0.245043,
        "nauc_recall_at_3_std": -0.086816,
        "nauc_recall_at_3_diff1": 0.354694,
        "nauc_recall_at_5_max": 0.238525,
        "nauc_recall_at_5_std": -0.048669,
        "nauc_recall_at_5_diff1": 0.325387,
        "nauc_recall_at_10_max": 0.253673,
        "nauc_recall_at_10_std": 0.019063,
        "nauc_recall_at_10_diff1": 0.266831,
        "nauc_recall_at_20_max": 0.24005,
        "nauc_recall_at_20_std": 0.052703,
        "nauc_recall_at_20_diff1": 0.22001,
        "nauc_recall_at_100_max": 0.246611,
        "nauc_recall_at_100_std": 0.134407,
        "nauc_recall_at_100_diff1": 0.186488,
        "nauc_recall_at_1000_max": 0.229876,
        "nauc_recall_at_1000_std": 0.158365,
        "nauc_recall_at_1000_diff1": 0.129039,
        "nauc_precision_at_1_max": 0.404492,
        "nauc_precision_at_1_std": 0.185535,
        "nauc_precision_at_1_diff1": 0.294846,
        "nauc_precision_at_3_max": 0.429332,
        "nauc_precision_at_3_std": 0.295025,
        "nauc_precision_at_3_diff1": 0.090903,
        "nauc_precision_at_5_max": 0.388846,
        "nauc_precision_at_5_std": 0.338295,
        "nauc_precision_at_5_diff1": 0.047218,
        "nauc_precision_at_10_max": 0.33943,
        "nauc_precision_at_10_std": 0.391292,
        "nauc_precision_at_10_diff1": -0.054176,
        "nauc_precision_at_20_max": 0.305364,
        "nauc_precision_at_20_std": 0.409924,
        "nauc_precision_at_20_diff1": -0.104182,
        "nauc_precision_at_100_max": 0.188831,
        "nauc_precision_at_100_std": 0.440167,
        "nauc_precision_at_100_diff1": -0.16851,
        "nauc_precision_at_1000_max": 0.050649,
        "nauc_precision_at_1000_std": 0.346256,
        "nauc_precision_at_1000_diff1": -0.218772,
        "nauc_mrr_at_1_max": 0.404492,
        "nauc_mrr_at_1_std": 0.185535,
        "nauc_mrr_at_1_diff1": 0.294846,
        "nauc_mrr_at_3_max": 0.448888,
        "nauc_mrr_at_3_std": 0.232223,
        "nauc_mrr_at_3_diff1": 0.234256,
        "nauc_mrr_at_5_max": 0.444375,
        "nauc_mrr_at_5_std": 0.243323,
        "nauc_mrr_at_5_diff1": 0.237786,
        "nauc_mrr_at_10_max": 0.446996,
        "nauc_mrr_at_10_std": 0.247645,
        "nauc_mrr_at_10_diff1": 0.23302,
        "nauc_mrr_at_20_max": 0.448283,
        "nauc_mrr_at_20_std": 0.246537,
        "nauc_mrr_at_20_diff1": 0.233928,
        "nauc_mrr_at_100_max": 0.448515,
        "nauc_mrr_at_100_std": 0.246924,
        "nauc_mrr_at_100_diff1": 0.235259,
        "nauc_mrr_at_1000_max": 0.448406,
        "nauc_mrr_at_1000_std": 0.246616,
        "nauc_mrr_at_1000_diff1": 0.235141,
        "main_score": 0.3439,
        "hf_subset": "default",
        "languages": [
          "eng-Latn"
        ]
      }
    ]
  },
  "evaluation_time": 2943.946460723877,
  "kg_co2_emissions": null
}