{
  "dataset_revision": "f8c2fcf00f625baaa80f62ec5bd9e1fff3b8ae88",
  "task_name": "SCIDOCS",
  "mteb_version": "1.38.54",
  "scores": {
    "test": [
      {
        "ndcg_at_1": 0.239,
        "ndcg_at_3": 0.19867,
        "ndcg_at_5": 0.17514,
        "ndcg_at_10": 0.2144,
        "ndcg_at_20": 0.2466,
        "ndcg_at_100": 0.30789,
        "ndcg_at_1000": 0.36977,
        "map_at_1": 0.0482,
        "map_at_3": 0.08848,
        "map_at_5": 0.10802,
        "map_at_10": 0.12729,
        "map_at_20": 0.13925,
        "map_at_100": 0.15181,
        "map_at_1000": 0.15567,
        "recall_at_1": 0.0482,
        "recall_at_3": 0.11332,
        "recall_at_5": 0.15712,
        "recall_at_10": 0.22975,
        "recall_at_20": 0.30548,
        "recall_at_100": 0.5061,
        "recall_at_1000": 0.80695,
        "precision_at_1": 0.239,
        "precision_at_3": 0.18633,
        "precision_at_5": 0.1552,
        "precision_at_10": 0.1134,
        "precision_at_20": 0.07535,
        "precision_at_100": 0.02495,
        "precision_at_1000": 0.00398,
        "mrr_at_1": 0.239,
        "mrr_at_3": 0.321167,
        "mrr_at_5": 0.338217,
        "mrr_at_10": 0.355124,
        "mrr_at_20": 0.363144,
        "mrr_at_100": 0.367188,
        "mrr_at_1000": 0.367627,
        "nauc_ndcg_at_1_max": 0.237022,
        "nauc_ndcg_at_1_std": 0.137955,
        "nauc_ndcg_at_1_diff1": 0.163609,
        "nauc_ndcg_at_3_max": 0.284538,
        "nauc_ndcg_at_3_std": 0.158451,
        "nauc_ndcg_at_3_diff1": 0.119734,
        "nauc_ndcg_at_5_max": 0.297363,
        "nauc_ndcg_at_5_std": 0.199869,
        "nauc_ndcg_at_5_diff1": 0.117278,
        "nauc_ndcg_at_10_max": 0.321401,
        "nauc_ndcg_at_10_std": 0.236607,
        "nauc_ndcg_at_10_diff1": 0.10764,
        "nauc_ndcg_at_20_max": 0.328186,
        "nauc_ndcg_at_20_std": 0.270677,
        "nauc_ndcg_at_20_diff1": 0.104999,
        "nauc_ndcg_at_100_max": 0.337999,
        "nauc_ndcg_at_100_std": 0.314073,
        "nauc_ndcg_at_100_diff1": 0.097916,
        "nauc_ndcg_at_1000_max": 0.334001,
        "nauc_ndcg_at_1000_std": 0.30827,
        "nauc_ndcg_at_1000_diff1": 0.094121,
        "nauc_map_at_1_max": 0.236011,
        "nauc_map_at_1_std": 0.139347,
        "nauc_map_at_1_diff1": 0.161623,
        "nauc_map_at_3_max": 0.294948,
        "nauc_map_at_3_std": 0.152639,
        "nauc_map_at_3_diff1": 0.119343,
        "nauc_map_at_5_max": 0.308281,
        "nauc_map_at_5_std": 0.191854,
        "nauc_map_at_5_diff1": 0.11663,
        "nauc_map_at_10_max": 0.320812,
        "nauc_map_at_10_std": 0.214146,
        "nauc_map_at_10_diff1": 0.102864,
        "nauc_map_at_20_max": 0.329007,
        "nauc_map_at_20_std": 0.239099,
        "nauc_map_at_20_diff1": 0.103253,
        "nauc_map_at_100_max": 0.333793,
        "nauc_map_at_100_std": 0.25917,
        "nauc_map_at_100_diff1": 0.101651,
        "nauc_map_at_1000_max": 0.33395,
        "nauc_map_at_1000_std": 0.259827,
        "nauc_map_at_1000_diff1": 0.101108,
        "nauc_recall_at_1_max": 0.236011,
        "nauc_recall_at_1_std": 0.139347,
        "nauc_recall_at_1_diff1": 0.161623,
        "nauc_recall_at_3_max": 0.297914,
        "nauc_recall_at_3_std": 0.163604,
        "nauc_recall_at_3_diff1": 0.099078,
        "nauc_recall_at_5_max": 0.303859,
        "nauc_recall_at_5_std": 0.224594,
        "nauc_recall_at_5_diff1": 0.096651,
        "nauc_recall_at_10_max": 0.332512,
        "nauc_recall_at_10_std": 0.280143,
        "nauc_recall_at_10_diff1": 0.077309,
        "nauc_recall_at_20_max": 0.328712,
        "nauc_recall_at_20_std": 0.335496,
        "nauc_recall_at_20_diff1": 0.069607,
        "nauc_recall_at_100_max": 0.311653,
        "nauc_recall_at_100_std": 0.409742,
        "nauc_recall_at_100_diff1": 0.040815,
        "nauc_recall_at_1000_max": 0.263138,
        "nauc_recall_at_1000_std": 0.424873,
        "nauc_recall_at_1000_diff1": -0.016061,
        "nauc_precision_at_1_max": 0.237022,
        "nauc_precision_at_1_std": 0.137955,
        "nauc_precision_at_1_diff1": 0.163609,
        "nauc_precision_at_3_max": 0.29689,
        "nauc_precision_at_3_std": 0.164473,
        "nauc_precision_at_3_diff1": 0.10049,
        "nauc_precision_at_5_max": 0.303024,
        "nauc_precision_at_5_std": 0.224904,
        "nauc_precision_at_5_diff1": 0.096835,
        "nauc_precision_at_10_max": 0.332987,
        "nauc_precision_at_10_std": 0.279928,
        "nauc_precision_at_10_diff1": 0.078145,
        "nauc_precision_at_20_max": 0.328493,
        "nauc_precision_at_20_std": 0.333719,
        "nauc_precision_at_20_diff1": 0.069945,
        "nauc_precision_at_100_max": 0.309584,
        "nauc_precision_at_100_std": 0.401409,
        "nauc_precision_at_100_diff1": 0.038079,
        "nauc_precision_at_1000_max": 0.253625,
        "nauc_precision_at_1000_std": 0.389387,
        "nauc_precision_at_1000_diff1": -0.018113,
        "nauc_mrr_at_1_max": 0.237022,
        "nauc_mrr_at_1_std": 0.137955,
        "nauc_mrr_at_1_diff1": 0.163609,
        "nauc_mrr_at_3_max": 0.253154,
        "nauc_mrr_at_3_std": 0.155299,
        "nauc_mrr_at_3_diff1": 0.134471,
        "nauc_mrr_at_5_max": 0.258083,
        "nauc_mrr_at_5_std": 0.168236,
        "nauc_mrr_at_5_diff1": 0.133688,
        "nauc_mrr_at_10_max": 0.264885,
        "nauc_mrr_at_10_std": 0.178726,
        "nauc_mrr_at_10_diff1": 0.136359,
        "nauc_mrr_at_20_max": 0.264293,
        "nauc_mrr_at_20_std": 0.178986,
        "nauc_mrr_at_20_diff1": 0.135887,
        "nauc_mrr_at_100_max": 0.263487,
        "nauc_mrr_at_100_std": 0.177728,
        "nauc_mrr_at_100_diff1": 0.135156,
        "nauc_mrr_at_1000_max": 0.263357,
        "nauc_mrr_at_1000_std": 0.177382,
        "nauc_mrr_at_1000_diff1": 0.135235,
        "main_score": 0.2144,
        "hf_subset": "default",
        "languages": [
          "eng-Latn"
        ]
      }
    ]
  },
  "evaluation_time": 10564.341461896896,
  "kg_co2_emissions": null
}