{
  "dataset_revision": "0228b52cf27578f30900b9e5271d331663a030d7",
  "task_name": "SciFact",
  "mteb_version": "1.38.54",
  "scores": {
    "test": [
      {
        "ndcg_at_1": 0.56667,
        "ndcg_at_3": 0.6408,
        "ndcg_at_5": 0.66804,
        "ndcg_at_10": 0.69023,
        "ndcg_at_20": 0.70295,
        "ndcg_at_100": 0.72092,
        "ndcg_at_1000": 0.72623,
        "map_at_1": 0.54356,
        "map_at_3": 0.61358,
        "map_at_5": 0.63179,
        "map_at_10": 0.64341,
        "map_at_20": 0.64746,
        "map_at_100": 0.65037,
        "map_at_1000": 0.65057,
        "recall_at_1": 0.54356,
        "recall_at_3": 0.69033,
        "recall_at_5": 0.75694,
        "recall_at_10": 0.81744,
        "recall_at_20": 0.86589,
        "recall_at_100": 0.95833,
        "recall_at_1000": 1.0,
        "precision_at_1": 0.56667,
        "precision_at_3": 0.24889,
        "precision_at_5": 0.16733,
        "precision_at_10": 0.09267,
        "precision_at_20": 0.04933,
        "precision_at_100": 0.01087,
        "precision_at_1000": 0.00113,
        "mrr_at_1": 0.566667,
        "mrr_at_3": 0.633333,
        "mrr_at_5": 0.648,
        "mrr_at_10": 0.655844,
        "mrr_at_20": 0.658455,
        "mrr_at_100": 0.661042,
        "mrr_at_1000": 0.661235,
        "nauc_ndcg_at_1_max": 0.579758,
        "nauc_ndcg_at_1_std": 0.112902,
        "nauc_ndcg_at_1_diff1": 0.794109,
        "nauc_ndcg_at_3_max": 0.590016,
        "nauc_ndcg_at_3_std": 0.078298,
        "nauc_ndcg_at_3_diff1": 0.739599,
        "nauc_ndcg_at_5_max": 0.586859,
        "nauc_ndcg_at_5_std": 0.089669,
        "nauc_ndcg_at_5_diff1": 0.73272,
        "nauc_ndcg_at_10_max": 0.616233,
        "nauc_ndcg_at_10_std": 0.103071,
        "nauc_ndcg_at_10_diff1": 0.733351,
        "nauc_ndcg_at_20_max": 0.61988,
        "nauc_ndcg_at_20_std": 0.137056,
        "nauc_ndcg_at_20_diff1": 0.73329,
        "nauc_ndcg_at_100_max": 0.612297,
        "nauc_ndcg_at_100_std": 0.119876,
        "nauc_ndcg_at_100_diff1": 0.740398,
        "nauc_ndcg_at_1000_max": 0.608779,
        "nauc_ndcg_at_1000_std": 0.120745,
        "nauc_ndcg_at_1000_diff1": 0.743289,
        "nauc_map_at_1_max": 0.547398,
        "nauc_map_at_1_std": 0.064255,
        "nauc_map_at_1_diff1": 0.808717,
        "nauc_map_at_3_max": 0.57523,
        "nauc_map_at_3_std": 0.062166,
        "nauc_map_at_3_diff1": 0.762035,
        "nauc_map_at_5_max": 0.581278,
        "nauc_map_at_5_std": 0.077426,
        "nauc_map_at_5_diff1": 0.755901,
        "nauc_map_at_10_max": 0.597745,
        "nauc_map_at_10_std": 0.091295,
        "nauc_map_at_10_diff1": 0.754421,
        "nauc_map_at_20_max": 0.598469,
        "nauc_map_at_20_std": 0.102027,
        "nauc_map_at_20_diff1": 0.754595,
        "nauc_map_at_100_max": 0.597231,
        "nauc_map_at_100_std": 0.10046,
        "nauc_map_at_100_diff1": 0.75536,
        "nauc_map_at_1000_max": 0.597154,
        "nauc_map_at_1000_std": 0.100497,
        "nauc_map_at_1000_diff1": 0.755492,
        "nauc_recall_at_1_max": 0.547398,
        "nauc_recall_at_1_std": 0.064255,
        "nauc_recall_at_1_diff1": 0.808717,
        "nauc_recall_at_3_max": 0.572686,
        "nauc_recall_at_3_std": 0.02888,
        "nauc_recall_at_3_diff1": 0.690432,
        "nauc_recall_at_5_max": 0.562818,
        "nauc_recall_at_5_std": 0.062162,
        "nauc_recall_at_5_diff1": 0.650407,
        "nauc_recall_at_10_max": 0.673399,
        "nauc_recall_at_10_std": 0.078433,
        "nauc_recall_at_10_diff1": 0.644856,
        "nauc_recall_at_20_max": 0.728135,
        "nauc_recall_at_20_std": 0.293717,
        "nauc_recall_at_20_diff1": 0.626774,
        "nauc_recall_at_100_max": 0.769729,
        "nauc_recall_at_100_std": 0.08366,
        "nauc_recall_at_100_diff1": 0.627918,
        "nauc_recall_at_1000_max": NaN,
        "nauc_recall_at_1000_std": NaN,
        "nauc_recall_at_1000_diff1": NaN,
        "nauc_precision_at_1_max": 0.579758,
        "nauc_precision_at_1_std": 0.112902,
        "nauc_precision_at_1_diff1": 0.794109,
        "nauc_precision_at_3_max": 0.561428,
        "nauc_precision_at_3_std": 0.159059,
        "nauc_precision_at_3_diff1": 0.484378,
        "nauc_precision_at_5_max": 0.497816,
        "nauc_precision_at_5_std": 0.246759,
        "nauc_precision_at_5_diff1": 0.305532,
        "nauc_precision_at_10_max": 0.461122,
        "nauc_precision_at_10_std": 0.32836,
        "nauc_precision_at_10_diff1": 0.139497,
        "nauc_precision_at_20_max": 0.386957,
        "nauc_precision_at_20_std": 0.430647,
        "nauc_precision_at_20_diff1": 0.031202,
        "nauc_precision_at_100_max": 0.244122,
        "nauc_precision_at_100_std": 0.423708,
        "nauc_precision_at_100_diff1": -0.198339,
        "nauc_precision_at_1000_max": 0.133922,
        "nauc_precision_at_1000_std": 0.465955,
        "nauc_precision_at_1000_diff1": -0.346632,
        "nauc_mrr_at_1_max": 0.579758,
        "nauc_mrr_at_1_std": 0.112902,
        "nauc_mrr_at_1_diff1": 0.794109,
        "nauc_mrr_at_3_max": 0.596341,
        "nauc_mrr_at_3_std": 0.116391,
        "nauc_mrr_at_3_diff1": 0.74543,
        "nauc_mrr_at_5_max": 0.59432,
        "nauc_mrr_at_5_std": 0.12272,
        "nauc_mrr_at_5_diff1": 0.742364,
        "nauc_mrr_at_10_max": 0.60246,
        "nauc_mrr_at_10_std": 0.120142,
        "nauc_mrr_at_10_diff1": 0.744459,
        "nauc_mrr_at_20_max": 0.602338,
        "nauc_mrr_at_20_std": 0.126727,
        "nauc_mrr_at_20_diff1": 0.744768,
        "nauc_mrr_at_100_max": 0.601008,
        "nauc_mrr_at_100_std": 0.124806,
        "nauc_mrr_at_100_diff1": 0.74609,
        "nauc_mrr_at_1000_max": 0.600936,
        "nauc_mrr_at_1000_std": 0.124878,
        "nauc_mrr_at_1000_diff1": 0.746211,
        "main_score": 0.69023,
        "hf_subset": "default",
        "languages": [
          "eng-Latn"
        ]
      }
    ]
  },
  "evaluation_time": 3490.0862140655518,
  "kg_co2_emissions": null
}