{
  "dataset_revision": "c22ab2a51041ffd869aaddef7af8d8215647e41a",
  "task_name": "ArguAna",
  "mteb_version": "1.38.54",
  "scores": {
    "test": [
      {
        "ndcg_at_1": 0.32077,
        "ndcg_at_3": 0.46473,
        "ndcg_at_5": 0.52202,
        "ndcg_at_10": 0.57451,
        "ndcg_at_20": 0.5957,
        "ndcg_at_100": 0.60371,
        "ndcg_at_1000": 0.60411,
        "map_at_1": 0.32077,
        "map_at_3": 0.42899,
        "map_at_5": 0.46054,
        "map_at_10": 0.48223,
        "map_at_20": 0.48822,
        "map_at_100": 0.48952,
        "map_at_1000": 0.48954,
        "recall_at_1": 0.32077,
        "recall_at_3": 0.56828,
        "recall_at_5": 0.70839,
        "recall_at_10": 0.87055,
        "recall_at_20": 0.95306,
        "recall_at_100": 0.9936,
        "recall_at_1000": 0.99644,
        "precision_at_1": 0.32077,
        "precision_at_3": 0.18943,
        "precision_at_5": 0.14168,
        "precision_at_10": 0.08706,
        "precision_at_20": 0.04765,
        "precision_at_100": 0.00994,
        "precision_at_1000": 0.001,
        "mrr_at_1": 0.325747,
        "mrr_at_3": 0.430417,
        "mrr_at_5": 0.462174,
        "mrr_at_10": 0.484153,
        "mrr_at_20": 0.490243,
        "mrr_at_100": 0.491511,
        "mrr_at_1000": 0.491533,
        "nauc_ndcg_at_1_max": -0.123842,
        "nauc_ndcg_at_1_std": -0.165406,
        "nauc_ndcg_at_1_diff1": 0.181563,
        "nauc_ndcg_at_3_max": -0.098761,
        "nauc_ndcg_at_3_std": -0.167086,
        "nauc_ndcg_at_3_diff1": 0.14991,
        "nauc_ndcg_at_5_max": -0.103763,
        "nauc_ndcg_at_5_std": -0.163782,
        "nauc_ndcg_at_5_diff1": 0.136695,
        "nauc_ndcg_at_10_max": -0.097636,
        "nauc_ndcg_at_10_std": -0.169868,
        "nauc_ndcg_at_10_diff1": 0.150824,
        "nauc_ndcg_at_20_max": -0.099384,
        "nauc_ndcg_at_20_std": -0.168272,
        "nauc_ndcg_at_20_diff1": 0.146488,
        "nauc_ndcg_at_100_max": -0.106387,
        "nauc_ndcg_at_100_std": -0.167356,
        "nauc_ndcg_at_100_diff1": 0.149114,
        "nauc_ndcg_at_1000_max": -0.106869,
        "nauc_ndcg_at_1000_std": -0.166874,
        "nauc_ndcg_at_1000_diff1": 0.149831,
        "nauc_map_at_1_max": -0.123842,
        "nauc_map_at_1_std": -0.165406,
        "nauc_map_at_1_diff1": 0.181563,
        "nauc_map_at_3_max": -0.107355,
        "nauc_map_at_3_std": -0.166672,
        "nauc_map_at_3_diff1": 0.155383,
        "nauc_map_at_5_max": -0.111091,
        "nauc_map_at_5_std": -0.165117,
        "nauc_map_at_5_diff1": 0.148388,
        "nauc_map_at_10_max": -0.109623,
        "nauc_map_at_10_std": -0.168032,
        "nauc_map_at_10_diff1": 0.154209,
        "nauc_map_at_20_max": -0.110338,
        "nauc_map_at_20_std": -0.167966,
        "nauc_map_at_20_diff1": 0.153079,
        "nauc_map_at_100_max": -0.111209,
        "nauc_map_at_100_std": -0.167828,
        "nauc_map_at_100_diff1": 0.153509,
        "nauc_map_at_1000_max": -0.111225,
        "nauc_map_at_1000_std": -0.167788,
        "nauc_map_at_1000_diff1": 0.153538,
        "nauc_recall_at_1_max": -0.123842,
        "nauc_recall_at_1_std": -0.165406,
        "nauc_recall_at_1_diff1": 0.181563,
        "nauc_recall_at_3_max": -0.071678,
        "nauc_recall_at_3_std": -0.168339,
        "nauc_recall_at_3_diff1": 0.134338,
        "nauc_recall_at_5_max": -0.075051,
        "nauc_recall_at_5_std": -0.157849,
        "nauc_recall_at_5_diff1": 0.092487,
        "nauc_recall_at_10_max": -0.001667,
        "nauc_recall_at_10_std": -0.183441,
        "nauc_recall_at_10_diff1": 0.138522,
        "nauc_recall_at_20_max": 0.127127,
        "nauc_recall_at_20_std": -0.157763,
        "nauc_recall_at_20_diff1": 0.038138,
        "nauc_recall_at_100_max": 0.180735,
        "nauc_recall_at_100_std": 0.068833,
        "nauc_recall_at_100_diff1": -0.190792,
        "nauc_recall_at_1000_max": 0.161496,
        "nauc_recall_at_1000_std": 0.419375,
        "nauc_recall_at_1000_diff1": -0.108301,
        "nauc_precision_at_1_max": -0.123842,
        "nauc_precision_at_1_std": -0.165406,
        "nauc_precision_at_1_diff1": 0.181563,
        "nauc_precision_at_3_max": -0.071678,
        "nauc_precision_at_3_std": -0.168339,
        "nauc_precision_at_3_diff1": 0.134338,
        "nauc_precision_at_5_max": -0.075051,
        "nauc_precision_at_5_std": -0.157849,
        "nauc_precision_at_5_diff1": 0.092487,
        "nauc_precision_at_10_max": -0.001667,
        "nauc_precision_at_10_std": -0.183441,
        "nauc_precision_at_10_diff1": 0.138522,
        "nauc_precision_at_20_max": 0.127127,
        "nauc_precision_at_20_std": -0.157763,
        "nauc_precision_at_20_diff1": 0.038138,
        "nauc_precision_at_100_max": 0.180735,
        "nauc_precision_at_100_std": 0.068833,
        "nauc_precision_at_100_diff1": -0.190792,
        "nauc_precision_at_1000_max": 0.161496,
        "nauc_precision_at_1000_std": 0.419375,
        "nauc_precision_at_1000_diff1": -0.108301,
        "nauc_mrr_at_1_max": -0.123284,
        "nauc_mrr_at_1_std": -0.164905,
        "nauc_mrr_at_1_diff1": 0.166894,
        "nauc_mrr_at_3_max": -0.113382,
        "nauc_mrr_at_3_std": -0.167227,
        "nauc_mrr_at_3_diff1": 0.14122,
        "nauc_mrr_at_5_max": -0.119104,
        "nauc_mrr_at_5_std": -0.167003,
        "nauc_mrr_at_5_diff1": 0.132442,
        "nauc_mrr_at_10_max": -0.115814,
        "nauc_mrr_at_10_std": -0.168853,
        "nauc_mrr_at_10_diff1": 0.139696,
        "nauc_mrr_at_20_max": -0.116424,
        "nauc_mrr_at_20_std": -0.168689,
        "nauc_mrr_at_20_diff1": 0.138573,
        "nauc_mrr_at_100_max": -0.117274,
        "nauc_mrr_at_100_std": -0.168669,
        "nauc_mrr_at_100_diff1": 0.139,
        "nauc_mrr_at_1000_max": -0.11729,
        "nauc_mrr_at_1000_std": -0.16863,
        "nauc_mrr_at_1000_diff1": 0.139027,
        "main_score": 0.57451,
        "hf_subset": "default",
        "languages": [
          "eng-Latn"
        ]
      }
    ]
  },
  "evaluation_time": 1746.7166683673859,
  "kg_co2_emissions": null
}