{
  "dataset_revision": "ad9991cb51e31e31e430383c75ffb2885547b5f0",
  "task_name": "CQADupstackEnglishRetrieval",
  "mteb_version": "1.38.54",
  "scores": {
    "test": [
      {
        "ndcg_at_1": 0.39936,
        "ndcg_at_3": 0.45669,
        "ndcg_at_5": 0.47964,
        "ndcg_at_10": 0.50335,
        "ndcg_at_20": 0.52408,
        "ndcg_at_100": 0.54975,
        "ndcg_at_1000": 0.56894,
        "map_at_1": 0.3198,
        "map_at_3": 0.40625,
        "map_at_5": 0.42528,
        "map_at_10": 0.44023,
        "map_at_20": 0.44867,
        "map_at_100": 0.45509,
        "map_at_1000": 0.45648,
        "recall_at_1": 0.3198,
        "recall_at_3": 0.4806,
        "recall_at_5": 0.5447,
        "recall_at_10": 0.61689,
        "recall_at_20": 0.69273,
        "recall_at_100": 0.80703,
        "recall_at_1000": 0.92525,
        "precision_at_1": 0.39936,
        "precision_at_3": 0.22548,
        "precision_at_5": 0.16051,
        "precision_at_10": 0.09777,
        "precision_at_20": 0.05809,
        "precision_at_100": 0.01574,
        "precision_at_1000": 0.00205,
        "mrr_at_1": 0.399363,
        "mrr_at_3": 0.474416,
        "mrr_at_5": 0.489766,
        "mrr_at_10": 0.498839,
        "mrr_at_20": 0.503415,
        "mrr_at_100": 0.505685,
        "mrr_at_1000": 0.506105,
        "nauc_ndcg_at_1_max": 0.40692,
        "nauc_ndcg_at_1_std": -0.015735,
        "nauc_ndcg_at_1_diff1": 0.493691,
        "nauc_ndcg_at_3_max": 0.409249,
        "nauc_ndcg_at_3_std": -0.027659,
        "nauc_ndcg_at_3_diff1": 0.468124,
        "nauc_ndcg_at_5_max": 0.413526,
        "nauc_ndcg_at_5_std": -0.03333,
        "nauc_ndcg_at_5_diff1": 0.471247,
        "nauc_ndcg_at_10_max": 0.42798,
        "nauc_ndcg_at_10_std": -0.025454,
        "nauc_ndcg_at_10_diff1": 0.465546,
        "nauc_ndcg_at_20_max": 0.43365,
        "nauc_ndcg_at_20_std": -0.016046,
        "nauc_ndcg_at_20_diff1": 0.466602,
        "nauc_ndcg_at_100_max": 0.439073,
        "nauc_ndcg_at_100_std": 0.012235,
        "nauc_ndcg_at_100_diff1": 0.464344,
        "nauc_ndcg_at_1000_max": 0.438124,
        "nauc_ndcg_at_1000_std": 0.014674,
        "nauc_ndcg_at_1000_diff1": 0.465071,
        "nauc_map_at_1_max": 0.33582,
        "nauc_map_at_1_std": -0.109282,
        "nauc_map_at_1_diff1": 0.524289,
        "nauc_map_at_3_max": 0.378188,
        "nauc_map_at_3_std": -0.085857,
        "nauc_map_at_3_diff1": 0.488397,
        "nauc_map_at_5_max": 0.390113,
        "nauc_map_at_5_std": -0.079068,
        "nauc_map_at_5_diff1": 0.490509,
        "nauc_map_at_10_max": 0.40468,
        "nauc_map_at_10_std": -0.064835,
        "nauc_map_at_10_diff1": 0.486986,
        "nauc_map_at_20_max": 0.409061,
        "nauc_map_at_20_std": -0.056783,
        "nauc_map_at_20_diff1": 0.486353,
        "nauc_map_at_100_max": 0.412638,
        "nauc_map_at_100_std": -0.044932,
        "nauc_map_at_100_diff1": 0.484727,
        "nauc_map_at_1000_max": 0.412782,
        "nauc_map_at_1000_std": -0.043228,
        "nauc_map_at_1000_diff1": 0.484256,
        "nauc_recall_at_1_max": 0.33582,
        "nauc_recall_at_1_std": -0.109282,
        "nauc_recall_at_1_diff1": 0.524289,
        "nauc_recall_at_3_max": 0.371786,
        "nauc_recall_at_3_std": -0.08526,
        "nauc_recall_at_3_diff1": 0.438554,
        "nauc_recall_at_5_max": 0.378339,
        "nauc_recall_at_5_std": -0.075659,
        "nauc_recall_at_5_diff1": 0.432549,
        "nauc_recall_at_10_max": 0.422475,
        "nauc_recall_at_10_std": -0.039449,
        "nauc_recall_at_10_diff1": 0.408917,
        "nauc_recall_at_20_max": 0.45051,
        "nauc_recall_at_20_std": 0.013629,
        "nauc_recall_at_20_diff1": 0.396753,
        "nauc_recall_at_100_max": 0.50119,
        "nauc_recall_at_100_std": 0.215796,
        "nauc_recall_at_100_diff1": 0.373461,
        "nauc_recall_at_1000_max": 0.637866,
        "nauc_recall_at_1000_std": 0.442759,
        "nauc_recall_at_1000_diff1": 0.417892,
        "nauc_precision_at_1_max": 0.40692,
        "nauc_precision_at_1_std": -0.015735,
        "nauc_precision_at_1_diff1": 0.493691,
        "nauc_precision_at_3_max": 0.397244,
        "nauc_precision_at_3_std": 0.11957,
        "nauc_precision_at_3_diff1": 0.261198,
        "nauc_precision_at_5_max": 0.389558,
        "nauc_precision_at_5_std": 0.178831,
        "nauc_precision_at_5_diff1": 0.197653,
        "nauc_precision_at_10_max": 0.364918,
        "nauc_precision_at_10_std": 0.262442,
        "nauc_precision_at_10_diff1": 0.089927,
        "nauc_precision_at_20_max": 0.305213,
        "nauc_precision_at_20_std": 0.323319,
        "nauc_precision_at_20_diff1": 0.014165,
        "nauc_precision_at_100_max": 0.195513,
        "nauc_precision_at_100_std": 0.447991,
        "nauc_precision_at_100_diff1": -0.099434,
        "nauc_precision_at_1000_max": 0.071614,
        "nauc_precision_at_1000_std": 0.40665,
        "nauc_precision_at_1000_diff1": -0.180798,
        "nauc_mrr_at_1_max": 0.40692,
        "nauc_mrr_at_1_std": -0.015735,
        "nauc_mrr_at_1_diff1": 0.493691,
        "nauc_mrr_at_3_max": 0.421921,
        "nauc_mrr_at_3_std": 0.003111,
        "nauc_mrr_at_3_diff1": 0.462181,
        "nauc_mrr_at_5_max": 0.423319,
        "nauc_mrr_at_5_std": 0.007506,
        "nauc_mrr_at_5_diff1": 0.461124,
        "nauc_mrr_at_10_max": 0.4258,
        "nauc_mrr_at_10_std": 0.009176,
        "nauc_mrr_at_10_diff1": 0.458328,
        "nauc_mrr_at_20_max": 0.426461,
        "nauc_mrr_at_20_std": 0.010835,
        "nauc_mrr_at_20_diff1": 0.459044,
        "nauc_mrr_at_100_max": 0.42622,
        "nauc_mrr_at_100_std": 0.012,
        "nauc_mrr_at_100_diff1": 0.459128,
        "nauc_mrr_at_1000_max": 0.426219,
        "nauc_mrr_at_1000_std": 0.011887,
        "nauc_mrr_at_1000_diff1": 0.459272,
        "main_score": 0.50335,
        "hf_subset": "default",
        "languages": [
          "eng-Latn"
        ]
      }
    ]
  },
  "evaluation_time": 1922.6674127578735,
  "kg_co2_emissions": null
}