{
  "dataset_revision": "ec0fa4fe99da2ff19ca1214b7966684033a58814",
  "task_name": "NFCorpus",
  "mteb_version": "1.38.54",
  "scores": {
    "test": [
      {
        "ndcg_at_1": 0.42105,
        "ndcg_at_3": 0.37583,
        "ndcg_at_5": 0.35655,
        "ndcg_at_10": 0.33133,
        "ndcg_at_20": 0.30777,
        "ndcg_at_100": 0.30472,
        "ndcg_at_1000": 0.3933,
        "map_at_1": 0.05564,
        "map_at_3": 0.08886,
        "map_at_5": 0.10327,
        "map_at_10": 0.12227,
        "map_at_20": 0.13476,
        "map_at_100": 0.15249,
        "map_at_1000": 0.16636,
        "recall_at_1": 0.05564,
        "recall_at_3": 0.0973,
        "recall_at_5": 0.12145,
        "recall_at_10": 0.16768,
        "recall_at_20": 0.1991,
        "recall_at_100": 0.31224,
        "recall_at_1000": 0.62553,
        "precision_at_1": 0.44272,
        "precision_at_3": 0.35501,
        "precision_at_5": 0.31022,
        "precision_at_10": 0.24768,
        "precision_at_20": 0.18189,
        "precision_at_100": 0.07752,
        "precision_at_1000": 0.02049,
        "mrr_at_1": 0.44582,
        "mrr_at_3": 0.506708,
        "mrr_at_5": 0.52064,
        "mrr_at_10": 0.531821,
        "mrr_at_20": 0.533547,
        "mrr_at_100": 0.536377,
        "mrr_at_1000": 0.536735,
        "nauc_ndcg_at_1_max": 0.434892,
        "nauc_ndcg_at_1_std": 0.178516,
        "nauc_ndcg_at_1_diff1": 0.345248,
        "nauc_ndcg_at_3_max": 0.464138,
        "nauc_ndcg_at_3_std": 0.238255,
        "nauc_ndcg_at_3_diff1": 0.27099,
        "nauc_ndcg_at_5_max": 0.440179,
        "nauc_ndcg_at_5_std": 0.24832,
        "nauc_ndcg_at_5_diff1": 0.250384,
        "nauc_ndcg_at_10_max": 0.426612,
        "nauc_ndcg_at_10_std": 0.276839,
        "nauc_ndcg_at_10_diff1": 0.206364,
        "nauc_ndcg_at_20_max": 0.417953,
        "nauc_ndcg_at_20_std": 0.2772,
        "nauc_ndcg_at_20_diff1": 0.221202,
        "nauc_ndcg_at_100_max": 0.433965,
        "nauc_ndcg_at_100_std": 0.290834,
        "nauc_ndcg_at_100_diff1": 0.259753,
        "nauc_ndcg_at_1000_max": 0.481491,
        "nauc_ndcg_at_1000_std": 0.362367,
        "nauc_ndcg_at_1000_diff1": 0.259162,
        "nauc_map_at_1_max": 0.130115,
        "nauc_map_at_1_std": -0.058478,
        "nauc_map_at_1_diff1": 0.37271,
        "nauc_map_at_3_max": 0.193215,
        "nauc_map_at_3_std": -0.03119,
        "nauc_map_at_3_diff1": 0.35027,
        "nauc_map_at_5_max": 0.231789,
        "nauc_map_at_5_std": 0.007205,
        "nauc_map_at_5_diff1": 0.337727,
        "nauc_map_at_10_max": 0.276668,
        "nauc_map_at_10_std": 0.051863,
        "nauc_map_at_10_diff1": 0.303864,
        "nauc_map_at_20_max": 0.303121,
        "nauc_map_at_20_std": 0.084041,
        "nauc_map_at_20_diff1": 0.289133,
        "nauc_map_at_100_max": 0.325137,
        "nauc_map_at_100_std": 0.134746,
        "nauc_map_at_100_diff1": 0.269423,
        "nauc_map_at_1000_max": 0.336392,
        "nauc_map_at_1000_std": 0.164877,
        "nauc_map_at_1000_diff1": 0.25912,
        "nauc_recall_at_1_max": 0.130115,
        "nauc_recall_at_1_std": -0.058478,
        "nauc_recall_at_1_diff1": 0.37271,
        "nauc_recall_at_3_max": 0.191597,
        "nauc_recall_at_3_std": -0.020855,
        "nauc_recall_at_3_diff1": 0.327729,
        "nauc_recall_at_5_max": 0.224217,
        "nauc_recall_at_5_std": 0.028987,
        "nauc_recall_at_5_diff1": 0.318758,
        "nauc_recall_at_10_max": 0.234653,
        "nauc_recall_at_10_std": 0.066093,
        "nauc_recall_at_10_diff1": 0.243239,
        "nauc_recall_at_20_max": 0.266063,
        "nauc_recall_at_20_std": 0.103849,
        "nauc_recall_at_20_diff1": 0.237753,
        "nauc_recall_at_100_max": 0.281902,
        "nauc_recall_at_100_std": 0.212986,
        "nauc_recall_at_100_diff1": 0.194551,
        "nauc_recall_at_1000_max": 0.237321,
        "nauc_recall_at_1000_std": 0.274979,
        "nauc_recall_at_1000_diff1": 0.120197,
        "nauc_precision_at_1_max": 0.474189,
        "nauc_precision_at_1_std": 0.190079,
        "nauc_precision_at_1_diff1": 0.3629,
        "nauc_precision_at_3_max": 0.485117,
        "nauc_precision_at_3_std": 0.289773,
        "nauc_precision_at_3_diff1": 0.187947,
        "nauc_precision_at_5_max": 0.443365,
        "nauc_precision_at_5_std": 0.301294,
        "nauc_precision_at_5_diff1": 0.132131,
        "nauc_precision_at_10_max": 0.419522,
        "nauc_precision_at_10_std": 0.372071,
        "nauc_precision_at_10_diff1": 0.025695,
        "nauc_precision_at_20_max": 0.366509,
        "nauc_precision_at_20_std": 0.373551,
        "nauc_precision_at_20_diff1": 0.000961,
        "nauc_precision_at_100_max": 0.242432,
        "nauc_precision_at_100_std": 0.37329,
        "nauc_precision_at_100_diff1": -0.054221,
        "nauc_precision_at_1000_max": 0.107402,
        "nauc_precision_at_1000_std": 0.269867,
        "nauc_precision_at_1000_diff1": -0.089759,
        "nauc_mrr_at_1_max": 0.473633,
        "nauc_mrr_at_1_std": 0.189222,
        "nauc_mrr_at_1_diff1": 0.35462,
        "nauc_mrr_at_3_max": 0.511639,
        "nauc_mrr_at_3_std": 0.268511,
        "nauc_mrr_at_3_diff1": 0.312786,
        "nauc_mrr_at_5_max": 0.512501,
        "nauc_mrr_at_5_std": 0.268204,
        "nauc_mrr_at_5_diff1": 0.327075,
        "nauc_mrr_at_10_max": 0.519863,
        "nauc_mrr_at_10_std": 0.279991,
        "nauc_mrr_at_10_diff1": 0.324944,
        "nauc_mrr_at_20_max": 0.519451,
        "nauc_mrr_at_20_std": 0.280425,
        "nauc_mrr_at_20_diff1": 0.324725,
        "nauc_mrr_at_100_max": 0.520208,
        "nauc_mrr_at_100_std": 0.280784,
        "nauc_mrr_at_100_diff1": 0.325086,
        "nauc_mrr_at_1000_max": 0.51999,
        "nauc_mrr_at_1000_std": 0.280463,
        "nauc_mrr_at_1000_diff1": 0.325164,
        "main_score": 0.33133,
        "hf_subset": "default",
        "languages": [
          "eng-Latn"
        ]
      }
    ]
  },
  "evaluation_time": 403.3601772785187,
  "kg_co2_emissions": null
}