{
  "dataset_revision": "70970daeab8776df92f5ea462b6173c0b46fd2d1",
  "task_name": "TwitterSemEval2015",
  "mteb_version": "1.38.54",
  "scores": {
    "test": [
      {
        "similarity_accuracy": 0.851761,
        "similarity_accuracy_threshold": 0.834826,
        "similarity_f1": 0.65918,
        "similarity_f1_threshold": 0.80108,
        "similarity_precision": 0.613358,
        "similarity_recall": 0.712401,
        "similarity_ap": 0.708065,
        "cosine_accuracy": 0.851761,
        "cosine_accuracy_threshold": 0.834826,
        "cosine_f1": 0.65918,
        "cosine_f1_threshold": 0.80108,
        "cosine_precision": 0.613358,
        "cosine_recall": 0.712401,
        "cosine_ap": 0.708065,
        "manhattan_accuracy": 0.853311,
        "manhattan_accuracy_threshold": 5.433853,
        "manhattan_f1": 0.660242,
        "manhattan_f1_threshold": 5.821006,
        "manhattan_precision": 0.614023,
        "manhattan_recall": 0.713984,
        "manhattan_ap": 0.709938,
        "euclidean_accuracy": 0.853132,
        "euclidean_accuracy_threshold": 0.299543,
        "euclidean_f1": 0.661208,
        "euclidean_f1_threshold": 0.323648,
        "euclidean_precision": 0.615893,
        "euclidean_recall": 0.71372,
        "euclidean_ap": 0.710011,
        "dot_accuracy": 0.840854,
        "dot_accuracy_threshold": 0.222349,
        "dot_f1": 0.636516,
        "dot_f1_threshold": 0.210177,
        "dot_precision": 0.581046,
        "dot_recall": 0.703694,
        "dot_ap": 0.668304,
        "max_accuracy": 0.853311,
        "max_f1": 0.661208,
        "max_precision": 0.615893,
        "max_recall": 0.713984,
        "max_ap": 0.710011,
        "main_score": 0.710011,
        "hf_subset": "default",
        "languages": [
          "eng-Latn"
        ]
      }
    ]
  },
  "evaluation_time": 325.55943727493286,
  "kg_co2_emissions": null
}