{
  "dataset_revision": "c22ab2a51041ffd869aaddef7af8d8215647e41a",
  "task_name": "ArguAna",
  "mteb_version": "1.38.54",
  "scores": {
    "test": [
      {
        "ndcg_at_1": 0.27169,
        "ndcg_at_3": 0.42376,
        "ndcg_at_5": 0.48182,
        "ndcg_at_10": 0.53288,
        "ndcg_at_20": 0.55759,
        "ndcg_at_100": 0.56932,
        "ndcg_at_1000": 0.57011,
        "map_at_1": 0.27169,
        "map_at_3": 0.38549,
        "map_at_5": 0.41775,
        "map_at_10": 0.43867,
        "map_at_20": 0.44569,
        "map_at_100": 0.44754,
        "map_at_1000": 0.44757,
        "recall_at_1": 0.27169,
        "recall_at_3": 0.53485,
        "recall_at_5": 0.67568,
        "recall_at_10": 0.83428,
        "recall_at_20": 0.9303,
        "recall_at_100": 0.99004,
        "recall_at_1000": 0.99644,
        "precision_at_1": 0.27169,
        "precision_at_3": 0.17828,
        "precision_at_5": 0.13514,
        "precision_at_10": 0.08343,
        "precision_at_20": 0.04651,
        "precision_at_100": 0.0099,
        "precision_at_1000": 0.001,
        "mrr_at_1": 0.27596,
        "mrr_at_3": 0.387506,
        "mrr_at_5": 0.419192,
        "mrr_at_10": 0.440227,
        "mrr_at_20": 0.447241,
        "mrr_at_100": 0.449095,
        "mrr_at_1000": 0.449122,
        "nauc_ndcg_at_1_max": -0.113916,
        "nauc_ndcg_at_1_std": -0.157697,
        "nauc_ndcg_at_1_diff1": 0.131992,
        "nauc_ndcg_at_3_max": -0.103806,
        "nauc_ndcg_at_3_std": -0.149589,
        "nauc_ndcg_at_3_diff1": 0.080495,
        "nauc_ndcg_at_5_max": -0.090567,
        "nauc_ndcg_at_5_std": -0.151275,
        "nauc_ndcg_at_5_diff1": 0.073529,
        "nauc_ndcg_at_10_max": -0.092196,
        "nauc_ndcg_at_10_std": -0.152185,
        "nauc_ndcg_at_10_diff1": 0.06585,
        "nauc_ndcg_at_20_max": -0.079871,
        "nauc_ndcg_at_20_std": -0.141701,
        "nauc_ndcg_at_20_diff1": 0.083204,
        "nauc_ndcg_at_100_max": -0.091661,
        "nauc_ndcg_at_100_std": -0.143824,
        "nauc_ndcg_at_100_diff1": 0.082159,
        "nauc_ndcg_at_1000_max": -0.092879,
        "nauc_ndcg_at_1000_std": -0.146399,
        "nauc_ndcg_at_1000_diff1": 0.083634,
        "nauc_map_at_1_max": -0.113916,
        "nauc_map_at_1_std": -0.157697,
        "nauc_map_at_1_diff1": 0.131992,
        "nauc_map_at_3_max": -0.107054,
        "nauc_map_at_3_std": -0.151447,
        "nauc_map_at_3_diff1": 0.0908,
        "nauc_map_at_5_max": -0.099875,
        "nauc_map_at_5_std": -0.152195,
        "nauc_map_at_5_diff1": 0.087602,
        "nauc_map_at_10_max": -0.100947,
        "nauc_map_at_10_std": -0.152367,
        "nauc_map_at_10_diff1": 0.084824,
        "nauc_map_at_20_max": -0.0976,
        "nauc_map_at_20_std": -0.149804,
        "nauc_map_at_20_diff1": 0.08956,
        "nauc_map_at_100_max": -0.098975,
        "nauc_map_at_100_std": -0.150215,
        "nauc_map_at_100_diff1": 0.089507,
        "nauc_map_at_1000_max": -0.099018,
        "nauc_map_at_1000_std": -0.150287,
        "nauc_map_at_1000_diff1": 0.089563,
        "nauc_recall_at_1_max": -0.113916,
        "nauc_recall_at_1_std": -0.157697,
        "nauc_recall_at_1_diff1": 0.131992,
        "nauc_recall_at_3_max": -0.094096,
        "nauc_recall_at_3_std": -0.144261,
        "nauc_recall_at_3_diff1": 0.051562,
        "nauc_recall_at_5_max": -0.056318,
        "nauc_recall_at_5_std": -0.148823,
        "nauc_recall_at_5_diff1": 0.02507,
        "nauc_recall_at_10_max": -0.039601,
        "nauc_recall_at_10_std": -0.154008,
        "nauc_recall_at_10_diff1": -0.045328,
        "nauc_recall_at_20_max": 0.179819,
        "nauc_recall_at_20_std": -0.011733,
        "nauc_recall_at_20_diff1": 0.051507,
        "nauc_recall_at_100_max": 0.198352,
        "nauc_recall_at_100_std": 0.543662,
        "nauc_recall_at_100_diff1": -0.282539,
        "nauc_recall_at_1000_max": 0.096147,
        "nauc_recall_at_1000_std": 0.370551,
        "nauc_recall_at_1000_diff1": -0.190396,
        "nauc_precision_at_1_max": -0.113916,
        "nauc_precision_at_1_std": -0.157697,
        "nauc_precision_at_1_diff1": 0.131992,
        "nauc_precision_at_3_max": -0.094096,
        "nauc_precision_at_3_std": -0.144261,
        "nauc_precision_at_3_diff1": 0.051562,
        "nauc_precision_at_5_max": -0.056318,
        "nauc_precision_at_5_std": -0.148823,
        "nauc_precision_at_5_diff1": 0.02507,
        "nauc_precision_at_10_max": -0.039601,
        "nauc_precision_at_10_std": -0.154008,
        "nauc_precision_at_10_diff1": -0.045328,
        "nauc_precision_at_20_max": 0.179819,
        "nauc_precision_at_20_std": -0.011733,
        "nauc_precision_at_20_diff1": 0.051507,
        "nauc_precision_at_100_max": 0.198352,
        "nauc_precision_at_100_std": 0.543662,
        "nauc_precision_at_100_diff1": -0.282539,
        "nauc_precision_at_1000_max": 0.096147,
        "nauc_precision_at_1000_std": 0.370551,
        "nauc_precision_at_1000_diff1": -0.190396,
        "nauc_mrr_at_1_max": -0.113023,
        "nauc_mrr_at_1_std": -0.157989,
        "nauc_mrr_at_1_diff1": 0.118181,
        "nauc_mrr_at_3_max": -0.113417,
        "nauc_mrr_at_3_std": -0.150423,
        "nauc_mrr_at_3_diff1": 0.075705,
        "nauc_mrr_at_5_max": -0.107846,
        "nauc_mrr_at_5_std": -0.153251,
        "nauc_mrr_at_5_diff1": 0.071603,
        "nauc_mrr_at_10_max": -0.1082,
        "nauc_mrr_at_10_std": -0.152941,
        "nauc_mrr_at_10_diff1": 0.06941,
        "nauc_mrr_at_20_max": -0.104715,
        "nauc_mrr_at_20_std": -0.15008,
        "nauc_mrr_at_20_diff1": 0.074057,
        "nauc_mrr_at_100_max": -0.106134,
        "nauc_mrr_at_100_std": -0.150492,
        "nauc_mrr_at_100_diff1": 0.073906,
        "nauc_mrr_at_1000_max": -0.106178,
        "nauc_mrr_at_1000_std": -0.150563,
        "nauc_mrr_at_1000_diff1": 0.07396,
        "main_score": 0.53288,
        "hf_subset": "default",
        "languages": [
          "eng-Latn"
        ]
      }
    ]
  },
  "evaluation_time": 8614.58765745163,
  "kg_co2_emissions": null
}