{
  "dataset_revision": "ad9991cb51e31e31e430383c75ffb2885547b5f0",
  "task_name": "CQADupstackEnglishRetrieval",
  "mteb_version": "1.38.54",
  "scores": {
    "test": [
      {
        "ndcg_at_1": 0.37643,
        "ndcg_at_3": 0.41764,
        "ndcg_at_5": 0.44087,
        "ndcg_at_10": 0.46315,
        "ndcg_at_20": 0.48183,
        "ndcg_at_100": 0.50869,
        "ndcg_at_1000": 0.52966,
        "map_at_1": 0.30057,
        "map_at_3": 0.37346,
        "map_at_5": 0.39245,
        "map_at_10": 0.40584,
        "map_at_20": 0.41299,
        "map_at_100": 0.4186,
        "map_at_1000": 0.41987,
        "recall_at_1": 0.30057,
        "recall_at_3": 0.43545,
        "recall_at_5": 0.49825,
        "recall_at_10": 0.56912,
        "recall_at_20": 0.63593,
        "recall_at_100": 0.75806,
        "recall_at_1000": 0.89222,
        "precision_at_1": 0.37643,
        "precision_at_3": 0.20234,
        "precision_at_5": 0.14586,
        "precision_at_10": 0.08707,
        "precision_at_20": 0.05175,
        "precision_at_100": 0.01412,
        "precision_at_1000": 0.00189,
        "mrr_at_1": 0.376433,
        "mrr_at_3": 0.438004,
        "mrr_at_5": 0.453291,
        "mrr_at_10": 0.462225,
        "mrr_at_20": 0.466745,
        "mrr_at_100": 0.469415,
        "mrr_at_1000": 0.469861,
        "nauc_ndcg_at_1_max": 0.402189,
        "nauc_ndcg_at_1_std": 0.037545,
        "nauc_ndcg_at_1_diff1": 0.547041,
        "nauc_ndcg_at_3_max": 0.409578,
        "nauc_ndcg_at_3_std": 0.029965,
        "nauc_ndcg_at_3_diff1": 0.503489,
        "nauc_ndcg_at_5_max": 0.410052,
        "nauc_ndcg_at_5_std": 0.035773,
        "nauc_ndcg_at_5_diff1": 0.503362,
        "nauc_ndcg_at_10_max": 0.41084,
        "nauc_ndcg_at_10_std": 0.061606,
        "nauc_ndcg_at_10_diff1": 0.499774,
        "nauc_ndcg_at_20_max": 0.413164,
        "nauc_ndcg_at_20_std": 0.068873,
        "nauc_ndcg_at_20_diff1": 0.497826,
        "nauc_ndcg_at_100_max": 0.423923,
        "nauc_ndcg_at_100_std": 0.093239,
        "nauc_ndcg_at_100_diff1": 0.498769,
        "nauc_ndcg_at_1000_max": 0.425944,
        "nauc_ndcg_at_1000_std": 0.095709,
        "nauc_ndcg_at_1000_diff1": 0.498443,
        "nauc_map_at_1_max": 0.319662,
        "nauc_map_at_1_std": -0.012446,
        "nauc_map_at_1_diff1": 0.569794,
        "nauc_map_at_3_max": 0.370765,
        "nauc_map_at_3_std": 0.00339,
        "nauc_map_at_3_diff1": 0.524453,
        "nauc_map_at_5_max": 0.379113,
        "nauc_map_at_5_std": 0.012508,
        "nauc_map_at_5_diff1": 0.523018,
        "nauc_map_at_10_max": 0.386497,
        "nauc_map_at_10_std": 0.027549,
        "nauc_map_at_10_diff1": 0.521202,
        "nauc_map_at_20_max": 0.390747,
        "nauc_map_at_20_std": 0.031882,
        "nauc_map_at_20_diff1": 0.519976,
        "nauc_map_at_100_max": 0.396335,
        "nauc_map_at_100_std": 0.039873,
        "nauc_map_at_100_diff1": 0.519134,
        "nauc_map_at_1000_max": 0.39716,
        "nauc_map_at_1000_std": 0.040709,
        "nauc_map_at_1000_diff1": 0.518867,
        "nauc_recall_at_1_max": 0.319662,
        "nauc_recall_at_1_std": -0.012446,
        "nauc_recall_at_1_diff1": 0.569794,
        "nauc_recall_at_3_max": 0.378512,
        "nauc_recall_at_3_std": 0.005376,
        "nauc_recall_at_3_diff1": 0.472544,
        "nauc_recall_at_5_max": 0.380544,
        "nauc_recall_at_5_std": 0.027662,
        "nauc_recall_at_5_diff1": 0.458891,
        "nauc_recall_at_10_max": 0.386674,
        "nauc_recall_at_10_std": 0.104207,
        "nauc_recall_at_10_diff1": 0.431951,
        "nauc_recall_at_20_max": 0.39349,
        "nauc_recall_at_20_std": 0.13811,
        "nauc_recall_at_20_diff1": 0.411411,
        "nauc_recall_at_100_max": 0.446377,
        "nauc_recall_at_100_std": 0.303091,
        "nauc_recall_at_100_diff1": 0.402202,
        "nauc_recall_at_1000_max": 0.516026,
        "nauc_recall_at_1000_std": 0.539276,
        "nauc_recall_at_1000_diff1": 0.396691,
        "nauc_precision_at_1_max": 0.402189,
        "nauc_precision_at_1_std": 0.037545,
        "nauc_precision_at_1_diff1": 0.547041,
        "nauc_precision_at_3_max": 0.430311,
        "nauc_precision_at_3_std": 0.099829,
        "nauc_precision_at_3_diff1": 0.31523,
        "nauc_precision_at_5_max": 0.422916,
        "nauc_precision_at_5_std": 0.135389,
        "nauc_precision_at_5_diff1": 0.241656,
        "nauc_precision_at_10_max": 0.421095,
        "nauc_precision_at_10_std": 0.214892,
        "nauc_precision_at_10_diff1": 0.168271,
        "nauc_precision_at_20_max": 0.380779,
        "nauc_precision_at_20_std": 0.239647,
        "nauc_precision_at_20_diff1": 0.077564,
        "nauc_precision_at_100_max": 0.325987,
        "nauc_precision_at_100_std": 0.313979,
        "nauc_precision_at_100_diff1": -0.064553,
        "nauc_precision_at_1000_max": 0.205464,
        "nauc_precision_at_1000_std": 0.260214,
        "nauc_precision_at_1000_diff1": -0.154001,
        "nauc_mrr_at_1_max": 0.402189,
        "nauc_mrr_at_1_std": 0.037545,
        "nauc_mrr_at_1_diff1": 0.547041,
        "nauc_mrr_at_3_max": 0.420827,
        "nauc_mrr_at_3_std": 0.046866,
        "nauc_mrr_at_3_diff1": 0.508232,
        "nauc_mrr_at_5_max": 0.42417,
        "nauc_mrr_at_5_std": 0.054133,
        "nauc_mrr_at_5_diff1": 0.506853,
        "nauc_mrr_at_10_max": 0.423918,
        "nauc_mrr_at_10_std": 0.06159,
        "nauc_mrr_at_10_diff1": 0.50408,
        "nauc_mrr_at_20_max": 0.423194,
        "nauc_mrr_at_20_std": 0.062729,
        "nauc_mrr_at_20_diff1": 0.50356,
        "nauc_mrr_at_100_max": 0.423705,
        "nauc_mrr_at_100_std": 0.063711,
        "nauc_mrr_at_100_diff1": 0.504248,
        "nauc_mrr_at_1000_max": 0.423657,
        "nauc_mrr_at_1000_std": 0.063687,
        "nauc_mrr_at_1000_diff1": 0.504289,
        "main_score": 0.46315,
        "hf_subset": "default",
        "languages": [
          "eng-Latn"
        ]
      }
    ]
  },
  "evaluation_time": 10796.309463500977,
  "kg_co2_emissions": null
}