{
  "dataset_revision": "ec0fa4fe99da2ff19ca1214b7966684033a58814",
  "task_name": "NFCorpus",
  "mteb_version": "1.38.54",
  "scores": {
    "test": [
      {
        "ndcg_at_1": 0.37771,
        "ndcg_at_3": 0.34818,
        "ndcg_at_5": 0.32574,
        "ndcg_at_10": 0.29908,
        "ndcg_at_20": 0.28192,
        "ndcg_at_100": 0.27843,
        "ndcg_at_1000": 0.36907,
        "map_at_1": 0.04863,
        "map_at_3": 0.07857,
        "map_at_5": 0.09043,
        "map_at_10": 0.10513,
        "map_at_20": 0.11748,
        "map_at_100": 0.13338,
        "map_at_1000": 0.14691,
        "recall_at_1": 0.04863,
        "recall_at_3": 0.09169,
        "recall_at_5": 0.11021,
        "recall_at_10": 0.14387,
        "recall_at_20": 0.18485,
        "recall_at_100": 0.28855,
        "recall_at_1000": 0.60841,
        "precision_at_1": 0.39319,
        "precision_at_3": 0.32714,
        "precision_at_5": 0.28483,
        "precision_at_10": 0.22322,
        "precision_at_20": 0.16703,
        "precision_at_100": 0.07099,
        "precision_at_1000": 0.01998,
        "mrr_at_1": 0.393189,
        "mrr_at_3": 0.473168,
        "mrr_at_5": 0.482766,
        "mrr_at_10": 0.491024,
        "mrr_at_20": 0.495402,
        "mrr_at_100": 0.497744,
        "mrr_at_1000": 0.498223,
        "nauc_ndcg_at_1_max": 0.336974,
        "nauc_ndcg_at_1_std": 0.156642,
        "nauc_ndcg_at_1_diff1": 0.357062,
        "nauc_ndcg_at_3_max": 0.384013,
        "nauc_ndcg_at_3_std": 0.202703,
        "nauc_ndcg_at_3_diff1": 0.26253,
        "nauc_ndcg_at_5_max": 0.387519,
        "nauc_ndcg_at_5_std": 0.210595,
        "nauc_ndcg_at_5_diff1": 0.252628,
        "nauc_ndcg_at_10_max": 0.368372,
        "nauc_ndcg_at_10_std": 0.222171,
        "nauc_ndcg_at_10_diff1": 0.228394,
        "nauc_ndcg_at_20_max": 0.379022,
        "nauc_ndcg_at_20_std": 0.23648,
        "nauc_ndcg_at_20_diff1": 0.252876,
        "nauc_ndcg_at_100_max": 0.413745,
        "nauc_ndcg_at_100_std": 0.278929,
        "nauc_ndcg_at_100_diff1": 0.292914,
        "nauc_ndcg_at_1000_max": 0.479803,
        "nauc_ndcg_at_1000_std": 0.342821,
        "nauc_ndcg_at_1000_diff1": 0.280723,
        "nauc_map_at_1_max": 0.186888,
        "nauc_map_at_1_std": -0.11272,
        "nauc_map_at_1_diff1": 0.531402,
        "nauc_map_at_3_max": 0.23239,
        "nauc_map_at_3_std": -0.055046,
        "nauc_map_at_3_diff1": 0.463211,
        "nauc_map_at_5_max": 0.276213,
        "nauc_map_at_5_std": -0.014027,
        "nauc_map_at_5_diff1": 0.453587,
        "nauc_map_at_10_max": 0.295239,
        "nauc_map_at_10_std": 0.034083,
        "nauc_map_at_10_diff1": 0.404401,
        "nauc_map_at_20_max": 0.316731,
        "nauc_map_at_20_std": 0.071039,
        "nauc_map_at_20_diff1": 0.382575,
        "nauc_map_at_100_max": 0.336652,
        "nauc_map_at_100_std": 0.13026,
        "nauc_map_at_100_diff1": 0.361236,
        "nauc_map_at_1000_max": 0.344194,
        "nauc_map_at_1000_std": 0.164378,
        "nauc_map_at_1000_diff1": 0.348245,
        "nauc_recall_at_1_max": 0.186888,
        "nauc_recall_at_1_std": -0.11272,
        "nauc_recall_at_1_diff1": 0.531402,
        "nauc_recall_at_3_max": 0.222939,
        "nauc_recall_at_3_std": -0.043942,
        "nauc_recall_at_3_diff1": 0.379851,
        "nauc_recall_at_5_max": 0.265981,
        "nauc_recall_at_5_std": 0.004461,
        "nauc_recall_at_5_diff1": 0.368954,
        "nauc_recall_at_10_max": 0.260544,
        "nauc_recall_at_10_std": 0.06025,
        "nauc_recall_at_10_diff1": 0.288219,
        "nauc_recall_at_20_max": 0.255544,
        "nauc_recall_at_20_std": 0.098657,
        "nauc_recall_at_20_diff1": 0.23943,
        "nauc_recall_at_100_max": 0.2551,
        "nauc_recall_at_100_std": 0.226359,
        "nauc_recall_at_100_diff1": 0.170572,
        "nauc_recall_at_1000_max": 0.283473,
        "nauc_recall_at_1000_std": 0.311616,
        "nauc_recall_at_1000_diff1": 0.105904,
        "nauc_precision_at_1_max": 0.352559,
        "nauc_precision_at_1_std": 0.155289,
        "nauc_precision_at_1_diff1": 0.368888,
        "nauc_precision_at_3_max": 0.395749,
        "nauc_precision_at_3_std": 0.265267,
        "nauc_precision_at_3_diff1": 0.1587,
        "nauc_precision_at_5_max": 0.400357,
        "nauc_precision_at_5_std": 0.295651,
        "nauc_precision_at_5_diff1": 0.121159,
        "nauc_precision_at_10_max": 0.335798,
        "nauc_precision_at_10_std": 0.326197,
        "nauc_precision_at_10_diff1": 0.014317,
        "nauc_precision_at_20_max": 0.29831,
        "nauc_precision_at_20_std": 0.355174,
        "nauc_precision_at_20_diff1": -0.016255,
        "nauc_precision_at_100_max": 0.186739,
        "nauc_precision_at_100_std": 0.370085,
        "nauc_precision_at_100_diff1": -0.055147,
        "nauc_precision_at_1000_max": 0.022104,
        "nauc_precision_at_1000_std": 0.237919,
        "nauc_precision_at_1000_diff1": -0.084856,
        "nauc_mrr_at_1_max": 0.352559,
        "nauc_mrr_at_1_std": 0.155289,
        "nauc_mrr_at_1_diff1": 0.368888,
        "nauc_mrr_at_3_max": 0.41068,
        "nauc_mrr_at_3_std": 0.22192,
        "nauc_mrr_at_3_diff1": 0.318837,
        "nauc_mrr_at_5_max": 0.415593,
        "nauc_mrr_at_5_std": 0.223976,
        "nauc_mrr_at_5_diff1": 0.317243,
        "nauc_mrr_at_10_max": 0.410911,
        "nauc_mrr_at_10_std": 0.221639,
        "nauc_mrr_at_10_diff1": 0.316361,
        "nauc_mrr_at_20_max": 0.412373,
        "nauc_mrr_at_20_std": 0.225537,
        "nauc_mrr_at_20_diff1": 0.315487,
        "nauc_mrr_at_100_max": 0.413372,
        "nauc_mrr_at_100_std": 0.227181,
        "nauc_mrr_at_100_diff1": 0.314691,
        "nauc_mrr_at_1000_max": 0.413106,
        "nauc_mrr_at_1000_std": 0.226769,
        "nauc_mrr_at_1000_diff1": 0.314964,
        "main_score": 0.29908,
        "hf_subset": "default",
        "languages": [
          "eng-Latn"
        ]
      }
    ]
  },
  "evaluation_time": 2436.7870087623596,
  "kg_co2_emissions": null
}