{
  "dataset_revision": "f8c2fcf00f625baaa80f62ec5bd9e1fff3b8ae88",
  "task_name": "SCIDOCS",
  "mteb_version": "1.38.54",
  "scores": {
    "test": [
      {
        "ndcg_at_1": 0.216,
        "ndcg_at_3": 0.16564,
        "ndcg_at_5": 0.14397,
        "ndcg_at_10": 0.17428,
        "ndcg_at_20": 0.20113,
        "ndcg_at_100": 0.2532,
        "ndcg_at_1000": 0.30985,
        "map_at_1": 0.04378,
        "map_at_3": 0.07373,
        "map_at_5": 0.08753,
        "map_at_10": 0.10206,
        "map_at_20": 0.11147,
        "map_at_100": 0.12137,
        "map_at_1000": 0.12448,
        "recall_at_1": 0.04378,
        "recall_at_3": 0.09168,
        "recall_at_5": 0.12537,
        "recall_at_10": 0.18077,
        "recall_at_20": 0.2436,
        "recall_at_100": 0.41422,
        "recall_at_1000": 0.69065,
        "precision_at_1": 0.216,
        "precision_at_3": 0.151,
        "precision_at_5": 0.1238,
        "precision_at_10": 0.0892,
        "precision_at_20": 0.06015,
        "precision_at_100": 0.02044,
        "precision_at_1000": 0.0034,
        "mrr_at_1": 0.216,
        "mrr_at_3": 0.2775,
        "mrr_at_5": 0.2943,
        "mrr_at_10": 0.30865,
        "mrr_at_20": 0.315437,
        "mrr_at_100": 0.320287,
        "mrr_at_1000": 0.320997,
        "nauc_ndcg_at_1_max": 0.225028,
        "nauc_ndcg_at_1_std": 0.038521,
        "nauc_ndcg_at_1_diff1": 0.242455,
        "nauc_ndcg_at_3_max": 0.279093,
        "nauc_ndcg_at_3_std": 0.112622,
        "nauc_ndcg_at_3_diff1": 0.216179,
        "nauc_ndcg_at_5_max": 0.308625,
        "nauc_ndcg_at_5_std": 0.147362,
        "nauc_ndcg_at_5_diff1": 0.207397,
        "nauc_ndcg_at_10_max": 0.322164,
        "nauc_ndcg_at_10_std": 0.170796,
        "nauc_ndcg_at_10_diff1": 0.199167,
        "nauc_ndcg_at_20_max": 0.33575,
        "nauc_ndcg_at_20_std": 0.195309,
        "nauc_ndcg_at_20_diff1": 0.197488,
        "nauc_ndcg_at_100_max": 0.34033,
        "nauc_ndcg_at_100_std": 0.243258,
        "nauc_ndcg_at_100_diff1": 0.191735,
        "nauc_ndcg_at_1000_max": 0.356992,
        "nauc_ndcg_at_1000_std": 0.263364,
        "nauc_ndcg_at_1000_diff1": 0.187721,
        "nauc_map_at_1_max": 0.22791,
        "nauc_map_at_1_std": 0.037694,
        "nauc_map_at_1_diff1": 0.244705,
        "nauc_map_at_3_max": 0.278758,
        "nauc_map_at_3_std": 0.09541,
        "nauc_map_at_3_diff1": 0.22003,
        "nauc_map_at_5_max": 0.304029,
        "nauc_map_at_5_std": 0.126707,
        "nauc_map_at_5_diff1": 0.212129,
        "nauc_map_at_10_max": 0.316433,
        "nauc_map_at_10_std": 0.149623,
        "nauc_map_at_10_diff1": 0.198954,
        "nauc_map_at_20_max": 0.326406,
        "nauc_map_at_20_std": 0.166166,
        "nauc_map_at_20_diff1": 0.198929,
        "nauc_map_at_100_max": 0.330163,
        "nauc_map_at_100_std": 0.18484,
        "nauc_map_at_100_diff1": 0.196609,
        "nauc_map_at_1000_max": 0.332314,
        "nauc_map_at_1000_std": 0.188616,
        "nauc_map_at_1000_diff1": 0.195717,
        "nauc_recall_at_1_max": 0.22791,
        "nauc_recall_at_1_std": 0.037694,
        "nauc_recall_at_1_diff1": 0.244705,
        "nauc_recall_at_3_max": 0.289729,
        "nauc_recall_at_3_std": 0.132948,
        "nauc_recall_at_3_diff1": 0.197755,
        "nauc_recall_at_5_max": 0.330778,
        "nauc_recall_at_5_std": 0.187272,
        "nauc_recall_at_5_diff1": 0.179689,
        "nauc_recall_at_10_max": 0.331813,
        "nauc_recall_at_10_std": 0.213471,
        "nauc_recall_at_10_diff1": 0.159089,
        "nauc_recall_at_20_max": 0.344722,
        "nauc_recall_at_20_std": 0.252016,
        "nauc_recall_at_20_diff1": 0.150621,
        "nauc_recall_at_100_max": 0.316347,
        "nauc_recall_at_100_std": 0.341499,
        "nauc_recall_at_100_diff1": 0.122252,
        "nauc_recall_at_1000_max": 0.337075,
        "nauc_recall_at_1000_std": 0.407579,
        "nauc_recall_at_1000_diff1": 0.072943,
        "nauc_precision_at_1_max": 0.225028,
        "nauc_precision_at_1_std": 0.038521,
        "nauc_precision_at_1_diff1": 0.242455,
        "nauc_precision_at_3_max": 0.290834,
        "nauc_precision_at_3_std": 0.136761,
        "nauc_precision_at_3_diff1": 0.197547,
        "nauc_precision_at_5_max": 0.331457,
        "nauc_precision_at_5_std": 0.190543,
        "nauc_precision_at_5_diff1": 0.180441,
        "nauc_precision_at_10_max": 0.333738,
        "nauc_precision_at_10_std": 0.215391,
        "nauc_precision_at_10_diff1": 0.161005,
        "nauc_precision_at_20_max": 0.346429,
        "nauc_precision_at_20_std": 0.252896,
        "nauc_precision_at_20_diff1": 0.153337,
        "nauc_precision_at_100_max": 0.314784,
        "nauc_precision_at_100_std": 0.337666,
        "nauc_precision_at_100_diff1": 0.122248,
        "nauc_precision_at_1000_max": 0.330631,
        "nauc_precision_at_1000_std": 0.3943,
        "nauc_precision_at_1000_diff1": 0.074125,
        "nauc_mrr_at_1_max": 0.225028,
        "nauc_mrr_at_1_std": 0.038521,
        "nauc_mrr_at_1_diff1": 0.242455,
        "nauc_mrr_at_3_max": 0.257646,
        "nauc_mrr_at_3_std": 0.101983,
        "nauc_mrr_at_3_diff1": 0.225539,
        "nauc_mrr_at_5_max": 0.267582,
        "nauc_mrr_at_5_std": 0.116011,
        "nauc_mrr_at_5_diff1": 0.221622,
        "nauc_mrr_at_10_max": 0.270055,
        "nauc_mrr_at_10_std": 0.116245,
        "nauc_mrr_at_10_diff1": 0.225615,
        "nauc_mrr_at_20_max": 0.269785,
        "nauc_mrr_at_20_std": 0.117744,
        "nauc_mrr_at_20_diff1": 0.224942,
        "nauc_mrr_at_100_max": 0.26866,
        "nauc_mrr_at_100_std": 0.118078,
        "nauc_mrr_at_100_diff1": 0.224839,
        "nauc_mrr_at_1000_max": 0.268623,
        "nauc_mrr_at_1000_std": 0.11778,
        "nauc_mrr_at_1000_diff1": 0.224933,
        "main_score": 0.17428,
        "hf_subset": "default",
        "languages": [
          "eng-Latn"
        ]
      }
    ]
  },
  "evaluation_time": 7836.4512820243835,
  "kg_co2_emissions": null
}