{
  "dataset_revision": "0228b52cf27578f30900b9e5271d331663a030d7",
  "task_name": "SciFact",
  "mteb_version": "1.38.54",
  "scores": {
    "test": [
      {
        "ndcg_at_1": 0.5,
        "ndcg_at_3": 0.55449,
        "ndcg_at_5": 0.57527,
        "ndcg_at_10": 0.60086,
        "ndcg_at_20": 0.61562,
        "ndcg_at_100": 0.6358,
        "ndcg_at_1000": 0.64857,
        "map_at_1": 0.47217,
        "map_at_3": 0.53156,
        "map_at_5": 0.54546,
        "map_at_10": 0.55758,
        "map_at_20": 0.56255,
        "map_at_100": 0.56565,
        "map_at_1000": 0.56607,
        "recall_at_1": 0.47217,
        "recall_at_3": 0.59044,
        "recall_at_5": 0.6435,
        "recall_at_10": 0.71722,
        "recall_at_20": 0.7715,
        "recall_at_100": 0.876,
        "recall_at_1000": 0.98,
        "precision_at_1": 0.5,
        "precision_at_3": 0.21444,
        "precision_at_5": 0.142,
        "precision_at_10": 0.08067,
        "precision_at_20": 0.04383,
        "precision_at_100": 0.00997,
        "precision_at_1000": 0.00111,
        "mrr_at_1": 0.5,
        "mrr_at_3": 0.552778,
        "mrr_at_5": 0.565111,
        "mrr_at_10": 0.574582,
        "mrr_at_20": 0.577768,
        "mrr_at_100": 0.580463,
        "mrr_at_1000": 0.580825,
        "nauc_ndcg_at_1_max": 0.550491,
        "nauc_ndcg_at_1_std": 0.297464,
        "nauc_ndcg_at_1_diff1": 0.696558,
        "nauc_ndcg_at_3_max": 0.504205,
        "nauc_ndcg_at_3_std": 0.217707,
        "nauc_ndcg_at_3_diff1": 0.659848,
        "nauc_ndcg_at_5_max": 0.513942,
        "nauc_ndcg_at_5_std": 0.24675,
        "nauc_ndcg_at_5_diff1": 0.66419,
        "nauc_ndcg_at_10_max": 0.546874,
        "nauc_ndcg_at_10_std": 0.272766,
        "nauc_ndcg_at_10_diff1": 0.665279,
        "nauc_ndcg_at_20_max": 0.554619,
        "nauc_ndcg_at_20_std": 0.275148,
        "nauc_ndcg_at_20_diff1": 0.663049,
        "nauc_ndcg_at_100_max": 0.54804,
        "nauc_ndcg_at_100_std": 0.277282,
        "nauc_ndcg_at_100_diff1": 0.666803,
        "nauc_ndcg_at_1000_max": 0.545214,
        "nauc_ndcg_at_1000_std": 0.271968,
        "nauc_ndcg_at_1000_diff1": 0.666555,
        "nauc_map_at_1_max": 0.494549,
        "nauc_map_at_1_std": 0.211432,
        "nauc_map_at_1_diff1": 0.69122,
        "nauc_map_at_3_max": 0.489986,
        "nauc_map_at_3_std": 0.20401,
        "nauc_map_at_3_diff1": 0.665226,
        "nauc_map_at_5_max": 0.499657,
        "nauc_map_at_5_std": 0.228191,
        "nauc_map_at_5_diff1": 0.667839,
        "nauc_map_at_10_max": 0.518361,
        "nauc_map_at_10_std": 0.243252,
        "nauc_map_at_10_diff1": 0.667898,
        "nauc_map_at_20_max": 0.522301,
        "nauc_map_at_20_std": 0.245999,
        "nauc_map_at_20_diff1": 0.667661,
        "nauc_map_at_100_max": 0.521572,
        "nauc_map_at_100_std": 0.246159,
        "nauc_map_at_100_diff1": 0.667708,
        "nauc_map_at_1000_max": 0.521602,
        "nauc_map_at_1000_std": 0.245944,
        "nauc_map_at_1000_diff1": 0.667672,
        "nauc_recall_at_1_max": 0.494549,
        "nauc_recall_at_1_std": 0.211432,
        "nauc_recall_at_1_diff1": 0.69122,
        "nauc_recall_at_3_max": 0.47546,
        "nauc_recall_at_3_std": 0.16138,
        "nauc_recall_at_3_diff1": 0.632821,
        "nauc_recall_at_5_max": 0.499765,
        "nauc_recall_at_5_std": 0.247935,
        "nauc_recall_at_5_diff1": 0.631936,
        "nauc_recall_at_10_max": 0.598487,
        "nauc_recall_at_10_std": 0.327829,
        "nauc_recall_at_10_diff1": 0.636145,
        "nauc_recall_at_20_max": 0.646209,
        "nauc_recall_at_20_std": 0.341752,
        "nauc_recall_at_20_diff1": 0.62925,
        "nauc_recall_at_100_max": 0.628716,
        "nauc_recall_at_100_std": 0.423341,
        "nauc_recall_at_100_diff1": 0.674209,
        "nauc_recall_at_1000_max": 0.665422,
        "nauc_recall_at_1000_std": 0.618814,
        "nauc_recall_at_1000_diff1": 0.717943,
        "nauc_precision_at_1_max": 0.550491,
        "nauc_precision_at_1_std": 0.297464,
        "nauc_precision_at_1_diff1": 0.696558,
        "nauc_precision_at_3_max": 0.502843,
        "nauc_precision_at_3_std": 0.302717,
        "nauc_precision_at_3_diff1": 0.543582,
        "nauc_precision_at_5_max": 0.531194,
        "nauc_precision_at_5_std": 0.393077,
        "nauc_precision_at_5_diff1": 0.51097,
        "nauc_precision_at_10_max": 0.608385,
        "nauc_precision_at_10_std": 0.472588,
        "nauc_precision_at_10_diff1": 0.420125,
        "nauc_precision_at_20_max": 0.57372,
        "nauc_precision_at_20_std": 0.466274,
        "nauc_precision_at_20_diff1": 0.333987,
        "nauc_precision_at_100_max": 0.476148,
        "nauc_precision_at_100_std": 0.480753,
        "nauc_precision_at_100_diff1": 0.20199,
        "nauc_precision_at_1000_max": 0.35296,
        "nauc_precision_at_1000_std": 0.450359,
        "nauc_precision_at_1000_diff1": -0.032723,
        "nauc_mrr_at_1_max": 0.550491,
        "nauc_mrr_at_1_std": 0.297464,
        "nauc_mrr_at_1_diff1": 0.696558,
        "nauc_mrr_at_3_max": 0.536439,
        "nauc_mrr_at_3_std": 0.260209,
        "nauc_mrr_at_3_diff1": 0.671188,
        "nauc_mrr_at_5_max": 0.541953,
        "nauc_mrr_at_5_std": 0.276638,
        "nauc_mrr_at_5_diff1": 0.672378,
        "nauc_mrr_at_10_max": 0.549621,
        "nauc_mrr_at_10_std": 0.283373,
        "nauc_mrr_at_10_diff1": 0.671371,
        "nauc_mrr_at_20_max": 0.549121,
        "nauc_mrr_at_20_std": 0.281261,
        "nauc_mrr_at_20_diff1": 0.669906,
        "nauc_mrr_at_100_max": 0.548324,
        "nauc_mrr_at_100_std": 0.281177,
        "nauc_mrr_at_100_diff1": 0.670416,
        "nauc_mrr_at_1000_max": 0.54831,
        "nauc_mrr_at_1000_std": 0.281032,
        "nauc_mrr_at_1000_diff1": 0.670429,
        "main_score": 0.60086,
        "hf_subset": "default",
        "languages": [
          "eng-Latn"
        ]
      }
    ]
  },
  "evaluation_time": 2456.6258976459503,
  "kg_co2_emissions": null
}