{
  "dataset_revision": "c22ab2a51041ffd869aaddef7af8d8215647e41a",
  "task_name": "ArguAna",
  "mteb_version": "1.38.54",
  "scores": {
    "test": [
      {
        "ndcg_at_1": 0.25249,
        "ndcg_at_3": 0.4073,
        "ndcg_at_5": 0.46197,
        "ndcg_at_10": 0.51134,
        "ndcg_at_20": 0.53438,
        "ndcg_at_100": 0.54964,
        "ndcg_at_1000": 0.55269,
        "map_at_1": 0.25249,
        "map_at_3": 0.36913,
        "map_at_5": 0.39957,
        "map_at_10": 0.41991,
        "map_at_20": 0.42643,
        "map_at_100": 0.42877,
        "map_at_1000": 0.42888,
        "recall_at_1": 0.25249,
        "recall_at_3": 0.51778,
        "recall_at_5": 0.65007,
        "recall_at_10": 0.80299,
        "recall_at_20": 0.8926,
        "recall_at_100": 0.97155,
        "recall_at_1000": 0.99573,
        "precision_at_1": 0.25249,
        "precision_at_3": 0.17259,
        "precision_at_5": 0.13001,
        "precision_at_10": 0.0803,
        "precision_at_20": 0.04463,
        "precision_at_100": 0.00972,
        "precision_at_1000": 0.001,
        "mrr_at_1": 0.256757,
        "mrr_at_3": 0.371029,
        "mrr_at_5": 0.400901,
        "mrr_at_10": 0.421417,
        "mrr_at_20": 0.427865,
        "mrr_at_100": 0.430202,
        "mrr_at_1000": 0.430313,
        "nauc_ndcg_at_1_max": -0.043672,
        "nauc_ndcg_at_1_std": -0.026346,
        "nauc_ndcg_at_1_diff1": 0.101312,
        "nauc_ndcg_at_3_max": -0.010236,
        "nauc_ndcg_at_3_std": -0.029702,
        "nauc_ndcg_at_3_diff1": 0.065951,
        "nauc_ndcg_at_5_max": 0.000537,
        "nauc_ndcg_at_5_std": -0.026964,
        "nauc_ndcg_at_5_diff1": 0.060081,
        "nauc_ndcg_at_10_max": -0.00283,
        "nauc_ndcg_at_10_std": -0.021128,
        "nauc_ndcg_at_10_diff1": 0.061817,
        "nauc_ndcg_at_20_max": -0.00115,
        "nauc_ndcg_at_20_std": -0.019946,
        "nauc_ndcg_at_20_diff1": 0.068251,
        "nauc_ndcg_at_100_max": -0.004886,
        "nauc_ndcg_at_100_std": -0.011234,
        "nauc_ndcg_at_100_diff1": 0.069604,
        "nauc_ndcg_at_1000_max": -0.007169,
        "nauc_ndcg_at_1000_std": -0.016773,
        "nauc_ndcg_at_1000_diff1": 0.069367,
        "nauc_map_at_1_max": -0.043672,
        "nauc_map_at_1_std": -0.026346,
        "nauc_map_at_1_diff1": 0.101312,
        "nauc_map_at_3_max": -0.018247,
        "nauc_map_at_3_std": -0.029369,
        "nauc_map_at_3_diff1": 0.072955,
        "nauc_map_at_5_max": -0.01193,
        "nauc_map_at_5_std": -0.026945,
        "nauc_map_at_5_diff1": 0.070364,
        "nauc_map_at_10_max": -0.014289,
        "nauc_map_at_10_std": -0.02496,
        "nauc_map_at_10_diff1": 0.071083,
        "nauc_map_at_20_max": -0.014114,
        "nauc_map_at_20_std": -0.024641,
        "nauc_map_at_20_diff1": 0.072685,
        "nauc_map_at_100_max": -0.014463,
        "nauc_map_at_100_std": -0.023238,
        "nauc_map_at_100_diff1": 0.072961,
        "nauc_map_at_1000_max": -0.014512,
        "nauc_map_at_1000_std": -0.023344,
        "nauc_map_at_1000_diff1": 0.072937,
        "nauc_recall_at_1_max": -0.043672,
        "nauc_recall_at_1_std": -0.026346,
        "nauc_recall_at_1_diff1": 0.101312,
        "nauc_recall_at_3_max": 0.012337,
        "nauc_recall_at_3_std": -0.030459,
        "nauc_recall_at_3_diff1": 0.046779,
        "nauc_recall_at_5_max": 0.041686,
        "nauc_recall_at_5_std": -0.027652,
        "nauc_recall_at_5_diff1": 0.025966,
        "nauc_recall_at_10_max": 0.053744,
        "nauc_recall_at_10_std": 0.001557,
        "nauc_recall_at_10_diff1": 0.018744,
        "nauc_recall_at_20_max": 0.111694,
        "nauc_recall_at_20_std": 0.027179,
        "nauc_recall_at_20_diff1": 0.051689,
        "nauc_recall_at_100_max": 0.22327,
        "nauc_recall_at_100_std": 0.496606,
        "nauc_recall_at_100_diff1": 0.055244,
        "nauc_recall_at_1000_max": 0.407367,
        "nauc_recall_at_1000_std": 0.656939,
        "nauc_recall_at_1000_diff1": -0.066312,
        "nauc_precision_at_1_max": -0.043672,
        "nauc_precision_at_1_std": -0.026346,
        "nauc_precision_at_1_diff1": 0.101312,
        "nauc_precision_at_3_max": 0.012337,
        "nauc_precision_at_3_std": -0.030459,
        "nauc_precision_at_3_diff1": 0.046779,
        "nauc_precision_at_5_max": 0.041686,
        "nauc_precision_at_5_std": -0.027652,
        "nauc_precision_at_5_diff1": 0.025966,
        "nauc_precision_at_10_max": 0.053744,
        "nauc_precision_at_10_std": 0.001557,
        "nauc_precision_at_10_diff1": 0.018744,
        "nauc_precision_at_20_max": 0.111694,
        "nauc_precision_at_20_std": 0.027179,
        "nauc_precision_at_20_diff1": 0.051689,
        "nauc_precision_at_100_max": 0.22327,
        "nauc_precision_at_100_std": 0.496606,
        "nauc_precision_at_100_diff1": 0.055244,
        "nauc_precision_at_1000_max": 0.407367,
        "nauc_precision_at_1000_std": 0.656939,
        "nauc_precision_at_1000_diff1": -0.066312,
        "nauc_mrr_at_1_max": -0.04381,
        "nauc_mrr_at_1_std": -0.028474,
        "nauc_mrr_at_1_diff1": 0.087265,
        "nauc_mrr_at_3_max": -0.02292,
        "nauc_mrr_at_3_std": -0.031504,
        "nauc_mrr_at_3_diff1": 0.059802,
        "nauc_mrr_at_5_max": -0.019411,
        "nauc_mrr_at_5_std": -0.028667,
        "nauc_mrr_at_5_diff1": 0.05565,
        "nauc_mrr_at_10_max": -0.020699,
        "nauc_mrr_at_10_std": -0.027209,
        "nauc_mrr_at_10_diff1": 0.057106,
        "nauc_mrr_at_20_max": -0.020765,
        "nauc_mrr_at_20_std": -0.0267,
        "nauc_mrr_at_20_diff1": 0.058245,
        "nauc_mrr_at_100_max": -0.021176,
        "nauc_mrr_at_100_std": -0.025319,
        "nauc_mrr_at_100_diff1": 0.058404,
        "nauc_mrr_at_1000_max": -0.021227,
        "nauc_mrr_at_1000_std": -0.025425,
        "nauc_mrr_at_1000_diff1": 0.058375,
        "main_score": 0.51134,
        "hf_subset": "default",
        "languages": [
          "eng-Latn"
        ]
      }
    ]
  },
  "evaluation_time": 12922.570917367935,
  "kg_co2_emissions": null
}