{
  "dataset_revision": "ad9991cb51e31e31e430383c75ffb2885547b5f0",
  "task_name": "CQADupstackEnglishRetrieval",
  "mteb_version": "1.38.54",
  "scores": {
    "test": [
      {
        "ndcg_at_1": 0.31783,
        "ndcg_at_3": 0.35442,
        "ndcg_at_5": 0.37353,
        "ndcg_at_10": 0.39394,
        "ndcg_at_20": 0.40972,
        "ndcg_at_100": 0.43559,
        "ndcg_at_1000": 0.4583,
        "map_at_1": 0.25534,
        "map_at_3": 0.31597,
        "map_at_5": 0.33061,
        "map_at_10": 0.34182,
        "map_at_20": 0.34763,
        "map_at_100": 0.3525,
        "map_at_1000": 0.35374,
        "recall_at_1": 0.25534,
        "recall_at_3": 0.37157,
        "recall_at_5": 0.42327,
        "recall_at_10": 0.48812,
        "recall_at_20": 0.54436,
        "recall_at_100": 0.66626,
        "recall_at_1000": 0.81475,
        "precision_at_1": 0.31783,
        "precision_at_3": 0.17006,
        "precision_at_5": 0.1214,
        "precision_at_10": 0.07293,
        "precision_at_20": 0.04347,
        "precision_at_100": 0.01198,
        "precision_at_1000": 0.00166,
        "mrr_at_1": 0.317834,
        "mrr_at_3": 0.375053,
        "mrr_at_5": 0.388333,
        "mrr_at_10": 0.397307,
        "mrr_at_20": 0.401395,
        "mrr_at_100": 0.404202,
        "mrr_at_1000": 0.404696,
        "nauc_ndcg_at_1_max": 0.423278,
        "nauc_ndcg_at_1_std": 0.095783,
        "nauc_ndcg_at_1_diff1": 0.520629,
        "nauc_ndcg_at_3_max": 0.404695,
        "nauc_ndcg_at_3_std": 0.089698,
        "nauc_ndcg_at_3_diff1": 0.471719,
        "nauc_ndcg_at_5_max": 0.404228,
        "nauc_ndcg_at_5_std": 0.092819,
        "nauc_ndcg_at_5_diff1": 0.468736,
        "nauc_ndcg_at_10_max": 0.408438,
        "nauc_ndcg_at_10_std": 0.104475,
        "nauc_ndcg_at_10_diff1": 0.468595,
        "nauc_ndcg_at_20_max": 0.409633,
        "nauc_ndcg_at_20_std": 0.111448,
        "nauc_ndcg_at_20_diff1": 0.463528,
        "nauc_ndcg_at_100_max": 0.414207,
        "nauc_ndcg_at_100_std": 0.122371,
        "nauc_ndcg_at_100_diff1": 0.460265,
        "nauc_ndcg_at_1000_max": 0.417711,
        "nauc_ndcg_at_1000_std": 0.130271,
        "nauc_ndcg_at_1000_diff1": 0.465605,
        "nauc_map_at_1_max": 0.347161,
        "nauc_map_at_1_std": 0.028631,
        "nauc_map_at_1_diff1": 0.524753,
        "nauc_map_at_3_max": 0.373951,
        "nauc_map_at_3_std": 0.051534,
        "nauc_map_at_3_diff1": 0.49229,
        "nauc_map_at_5_max": 0.381545,
        "nauc_map_at_5_std": 0.05953,
        "nauc_map_at_5_diff1": 0.491352,
        "nauc_map_at_10_max": 0.387627,
        "nauc_map_at_10_std": 0.06992,
        "nauc_map_at_10_diff1": 0.489492,
        "nauc_map_at_20_max": 0.390948,
        "nauc_map_at_20_std": 0.07546,
        "nauc_map_at_20_diff1": 0.487067,
        "nauc_map_at_100_max": 0.393936,
        "nauc_map_at_100_std": 0.080307,
        "nauc_map_at_100_diff1": 0.486162,
        "nauc_map_at_1000_max": 0.394732,
        "nauc_map_at_1000_std": 0.081606,
        "nauc_map_at_1000_diff1": 0.486142,
        "nauc_recall_at_1_max": 0.347161,
        "nauc_recall_at_1_std": 0.028631,
        "nauc_recall_at_1_diff1": 0.524753,
        "nauc_recall_at_3_max": 0.371352,
        "nauc_recall_at_3_std": 0.065594,
        "nauc_recall_at_3_diff1": 0.435712,
        "nauc_recall_at_5_max": 0.369639,
        "nauc_recall_at_5_std": 0.080882,
        "nauc_recall_at_5_diff1": 0.419705,
        "nauc_recall_at_10_max": 0.378759,
        "nauc_recall_at_10_std": 0.118074,
        "nauc_recall_at_10_diff1": 0.400103,
        "nauc_recall_at_20_max": 0.376647,
        "nauc_recall_at_20_std": 0.143276,
        "nauc_recall_at_20_diff1": 0.372158,
        "nauc_recall_at_100_max": 0.390568,
        "nauc_recall_at_100_std": 0.202621,
        "nauc_recall_at_100_diff1": 0.331078,
        "nauc_recall_at_1000_max": 0.417631,
        "nauc_recall_at_1000_std": 0.304363,
        "nauc_recall_at_1000_diff1": 0.359629,
        "nauc_precision_at_1_max": 0.423278,
        "nauc_precision_at_1_std": 0.095783,
        "nauc_precision_at_1_diff1": 0.520629,
        "nauc_precision_at_3_max": 0.427955,
        "nauc_precision_at_3_std": 0.163935,
        "nauc_precision_at_3_diff1": 0.352552,
        "nauc_precision_at_5_max": 0.423983,
        "nauc_precision_at_5_std": 0.206675,
        "nauc_precision_at_5_diff1": 0.29559,
        "nauc_precision_at_10_max": 0.416648,
        "nauc_precision_at_10_std": 0.265133,
        "nauc_precision_at_10_diff1": 0.231513,
        "nauc_precision_at_20_max": 0.401229,
        "nauc_precision_at_20_std": 0.318611,
        "nauc_precision_at_20_diff1": 0.157,
        "nauc_precision_at_100_max": 0.321374,
        "nauc_precision_at_100_std": 0.353017,
        "nauc_precision_at_100_diff1": 0.022153,
        "nauc_precision_at_1000_max": 0.211106,
        "nauc_precision_at_1000_std": 0.329919,
        "nauc_precision_at_1000_diff1": -0.055483,
        "nauc_mrr_at_1_max": 0.423278,
        "nauc_mrr_at_1_std": 0.095783,
        "nauc_mrr_at_1_diff1": 0.520629,
        "nauc_mrr_at_3_max": 0.43021,
        "nauc_mrr_at_3_std": 0.109765,
        "nauc_mrr_at_3_diff1": 0.484388,
        "nauc_mrr_at_5_max": 0.428926,
        "nauc_mrr_at_5_std": 0.114084,
        "nauc_mrr_at_5_diff1": 0.48016,
        "nauc_mrr_at_10_max": 0.430852,
        "nauc_mrr_at_10_std": 0.118283,
        "nauc_mrr_at_10_diff1": 0.480175,
        "nauc_mrr_at_20_max": 0.429857,
        "nauc_mrr_at_20_std": 0.119951,
        "nauc_mrr_at_20_diff1": 0.478718,
        "nauc_mrr_at_100_max": 0.429855,
        "nauc_mrr_at_100_std": 0.120262,
        "nauc_mrr_at_100_diff1": 0.478876,
        "nauc_mrr_at_1000_max": 0.429858,
        "nauc_mrr_at_1000_std": 0.12026,
        "nauc_mrr_at_1000_diff1": 0.479031,
        "main_score": 0.39394,
        "hf_subset": "default",
        "languages": [
          "eng-Latn"
        ]
      }
    ]
  },
  "evaluation_time": 13598.050086975098,
  "kg_co2_emissions": null
}