{
  "dataset_revision": "ec0fa4fe99da2ff19ca1214b7966684033a58814",
  "task_name": "NFCorpus",
  "mteb_version": "1.38.54",
  "scores": {
    "test": [
      {
        "ndcg_at_1": 0.35449,
        "ndcg_at_3": 0.31486,
        "ndcg_at_5": 0.28989,
        "ndcg_at_10": 0.26081,
        "ndcg_at_20": 0.23892,
        "ndcg_at_100": 0.23673,
        "ndcg_at_1000": 0.32424,
        "map_at_1": 0.0395,
        "map_at_3": 0.06518,
        "map_at_5": 0.07629,
        "map_at_10": 0.08784,
        "map_at_20": 0.09677,
        "map_at_100": 0.10862,
        "map_at_1000": 0.11936,
        "recall_at_1": 0.0395,
        "recall_at_3": 0.07367,
        "recall_at_5": 0.09313,
        "recall_at_10": 0.11848,
        "recall_at_20": 0.15191,
        "recall_at_100": 0.24833,
        "recall_at_1000": 0.55837,
        "precision_at_1": 0.36842,
        "precision_at_3": 0.30444,
        "precision_at_5": 0.25263,
        "precision_at_10": 0.19257,
        "precision_at_20": 0.13669,
        "precision_at_100": 0.05978,
        "precision_at_1000": 0.01824,
        "mrr_at_1": 0.368421,
        "mrr_at_3": 0.434985,
        "mrr_at_5": 0.445046,
        "mrr_at_10": 0.452431,
        "mrr_at_20": 0.457135,
        "mrr_at_100": 0.460832,
        "mrr_at_1000": 0.461256,
        "nauc_ndcg_at_1_max": 0.364325,
        "nauc_ndcg_at_1_std": 0.277967,
        "nauc_ndcg_at_1_diff1": 0.292097,
        "nauc_ndcg_at_3_max": 0.397061,
        "nauc_ndcg_at_3_std": 0.34371,
        "nauc_ndcg_at_3_diff1": 0.257466,
        "nauc_ndcg_at_5_max": 0.400729,
        "nauc_ndcg_at_5_std": 0.356842,
        "nauc_ndcg_at_5_diff1": 0.23548,
        "nauc_ndcg_at_10_max": 0.393872,
        "nauc_ndcg_at_10_std": 0.374942,
        "nauc_ndcg_at_10_diff1": 0.228915,
        "nauc_ndcg_at_20_max": 0.380017,
        "nauc_ndcg_at_20_std": 0.368992,
        "nauc_ndcg_at_20_diff1": 0.232545,
        "nauc_ndcg_at_100_max": 0.3938,
        "nauc_ndcg_at_100_std": 0.379984,
        "nauc_ndcg_at_100_diff1": 0.230383,
        "nauc_ndcg_at_1000_max": 0.437864,
        "nauc_ndcg_at_1000_std": 0.428548,
        "nauc_ndcg_at_1000_diff1": 0.217859,
        "nauc_map_at_1_max": 0.144371,
        "nauc_map_at_1_std": 0.069139,
        "nauc_map_at_1_diff1": 0.36269,
        "nauc_map_at_3_max": 0.220532,
        "nauc_map_at_3_std": 0.130327,
        "nauc_map_at_3_diff1": 0.327207,
        "nauc_map_at_5_max": 0.256497,
        "nauc_map_at_5_std": 0.154481,
        "nauc_map_at_5_diff1": 0.293298,
        "nauc_map_at_10_max": 0.293017,
        "nauc_map_at_10_std": 0.201336,
        "nauc_map_at_10_diff1": 0.281609,
        "nauc_map_at_20_max": 0.314407,
        "nauc_map_at_20_std": 0.234618,
        "nauc_map_at_20_diff1": 0.27898,
        "nauc_map_at_100_max": 0.337657,
        "nauc_map_at_100_std": 0.275718,
        "nauc_map_at_100_diff1": 0.258496,
        "nauc_map_at_1000_max": 0.344051,
        "nauc_map_at_1000_std": 0.302614,
        "nauc_map_at_1000_diff1": 0.244854,
        "nauc_recall_at_1_max": 0.144371,
        "nauc_recall_at_1_std": 0.069139,
        "nauc_recall_at_1_diff1": 0.36269,
        "nauc_recall_at_3_max": 0.204511,
        "nauc_recall_at_3_std": 0.135888,
        "nauc_recall_at_3_diff1": 0.28635,
        "nauc_recall_at_5_max": 0.218363,
        "nauc_recall_at_5_std": 0.135844,
        "nauc_recall_at_5_diff1": 0.253587,
        "nauc_recall_at_10_max": 0.234909,
        "nauc_recall_at_10_std": 0.169358,
        "nauc_recall_at_10_diff1": 0.238939,
        "nauc_recall_at_20_max": 0.227171,
        "nauc_recall_at_20_std": 0.209278,
        "nauc_recall_at_20_diff1": 0.210349,
        "nauc_recall_at_100_max": 0.21578,
        "nauc_recall_at_100_std": 0.211472,
        "nauc_recall_at_100_diff1": 0.098794,
        "nauc_recall_at_1000_max": 0.221435,
        "nauc_recall_at_1000_std": 0.272564,
        "nauc_recall_at_1000_diff1": 0.030978,
        "nauc_precision_at_1_max": 0.388095,
        "nauc_precision_at_1_std": 0.30693,
        "nauc_precision_at_1_diff1": 0.297349,
        "nauc_precision_at_3_max": 0.424883,
        "nauc_precision_at_3_std": 0.380381,
        "nauc_precision_at_3_diff1": 0.22124,
        "nauc_precision_at_5_max": 0.420226,
        "nauc_precision_at_5_std": 0.403162,
        "nauc_precision_at_5_diff1": 0.152256,
        "nauc_precision_at_10_max": 0.397366,
        "nauc_precision_at_10_std": 0.431937,
        "nauc_precision_at_10_diff1": 0.103767,
        "nauc_precision_at_20_max": 0.367058,
        "nauc_precision_at_20_std": 0.448262,
        "nauc_precision_at_20_diff1": 0.066661,
        "nauc_precision_at_100_max": 0.261531,
        "nauc_precision_at_100_std": 0.432696,
        "nauc_precision_at_100_diff1": -0.030639,
        "nauc_precision_at_1000_max": 0.102476,
        "nauc_precision_at_1000_std": 0.290234,
        "nauc_precision_at_1000_diff1": -0.068312,
        "nauc_mrr_at_1_max": 0.388095,
        "nauc_mrr_at_1_std": 0.30693,
        "nauc_mrr_at_1_diff1": 0.297349,
        "nauc_mrr_at_3_max": 0.418794,
        "nauc_mrr_at_3_std": 0.37056,
        "nauc_mrr_at_3_diff1": 0.289912,
        "nauc_mrr_at_5_max": 0.414119,
        "nauc_mrr_at_5_std": 0.363543,
        "nauc_mrr_at_5_diff1": 0.292958,
        "nauc_mrr_at_10_max": 0.419187,
        "nauc_mrr_at_10_std": 0.368987,
        "nauc_mrr_at_10_diff1": 0.295224,
        "nauc_mrr_at_20_max": 0.42167,
        "nauc_mrr_at_20_std": 0.370782,
        "nauc_mrr_at_20_diff1": 0.292805,
        "nauc_mrr_at_100_max": 0.420536,
        "nauc_mrr_at_100_std": 0.368484,
        "nauc_mrr_at_100_diff1": 0.291749,
        "nauc_mrr_at_1000_max": 0.420364,
        "nauc_mrr_at_1000_std": 0.368372,
        "nauc_mrr_at_1000_diff1": 0.29192,
        "main_score": 0.26081,
        "hf_subset": "default",
        "languages": [
          "eng-Latn"
        ]
      }
    ]
  },
  "evaluation_time": 3150.1583139896393,
  "kg_co2_emissions": null
}