{
  "dataset_revision": "f8c2fcf00f625baaa80f62ec5bd9e1fff3b8ae88",
  "task_name": "SCIDOCS",
  "mteb_version": "1.38.54",
  "scores": {
    "test": [
      {
        "ndcg_at_1": 0.165,
        "ndcg_at_3": 0.12953,
        "ndcg_at_5": 0.11033,
        "ndcg_at_10": 0.13161,
        "ndcg_at_20": 0.15138,
        "ndcg_at_100": 0.18988,
        "ndcg_at_1000": 0.24242,
        "map_at_1": 0.03358,
        "map_at_3": 0.05656,
        "map_at_5": 0.06473,
        "map_at_10": 0.0746,
        "map_at_20": 0.08087,
        "map_at_100": 0.08748,
        "map_at_1000": 0.08993,
        "recall_at_1": 0.03358,
        "recall_at_3": 0.07283,
        "recall_at_5": 0.09573,
        "recall_at_10": 0.13477,
        "recall_at_20": 0.18092,
        "recall_at_100": 0.30593,
        "recall_at_1000": 0.56467,
        "precision_at_1": 0.165,
        "precision_at_3": 0.11967,
        "precision_at_5": 0.0946,
        "precision_at_10": 0.0666,
        "precision_at_20": 0.04465,
        "precision_at_100": 0.0151,
        "precision_at_1000": 0.00278,
        "mrr_at_1": 0.165,
        "mrr_at_3": 0.219,
        "mrr_at_5": 0.23415,
        "mrr_at_10": 0.244018,
        "mrr_at_20": 0.250887,
        "mrr_at_100": 0.255833,
        "mrr_at_1000": 0.256741,
        "nauc_ndcg_at_1_max": 0.219221,
        "nauc_ndcg_at_1_std": 0.096675,
        "nauc_ndcg_at_1_diff1": 0.239302,
        "nauc_ndcg_at_3_max": 0.251682,
        "nauc_ndcg_at_3_std": 0.139195,
        "nauc_ndcg_at_3_diff1": 0.178972,
        "nauc_ndcg_at_5_max": 0.287268,
        "nauc_ndcg_at_5_std": 0.176345,
        "nauc_ndcg_at_5_diff1": 0.175402,
        "nauc_ndcg_at_10_max": 0.29831,
        "nauc_ndcg_at_10_std": 0.212936,
        "nauc_ndcg_at_10_diff1": 0.169143,
        "nauc_ndcg_at_20_max": 0.311386,
        "nauc_ndcg_at_20_std": 0.244288,
        "nauc_ndcg_at_20_diff1": 0.166068,
        "nauc_ndcg_at_100_max": 0.307005,
        "nauc_ndcg_at_100_std": 0.296711,
        "nauc_ndcg_at_100_diff1": 0.161909,
        "nauc_ndcg_at_1000_max": 0.310395,
        "nauc_ndcg_at_1000_std": 0.316493,
        "nauc_ndcg_at_1000_diff1": 0.159791,
        "nauc_map_at_1_max": 0.222093,
        "nauc_map_at_1_std": 0.092758,
        "nauc_map_at_1_diff1": 0.242002,
        "nauc_map_at_3_max": 0.263097,
        "nauc_map_at_3_std": 0.134435,
        "nauc_map_at_3_diff1": 0.18869,
        "nauc_map_at_5_max": 0.304632,
        "nauc_map_at_5_std": 0.161889,
        "nauc_map_at_5_diff1": 0.195639,
        "nauc_map_at_10_max": 0.317845,
        "nauc_map_at_10_std": 0.196453,
        "nauc_map_at_10_diff1": 0.191204,
        "nauc_map_at_20_max": 0.324968,
        "nauc_map_at_20_std": 0.216227,
        "nauc_map_at_20_diff1": 0.186521,
        "nauc_map_at_100_max": 0.323586,
        "nauc_map_at_100_std": 0.237509,
        "nauc_map_at_100_diff1": 0.184275,
        "nauc_map_at_1000_max": 0.324566,
        "nauc_map_at_1000_std": 0.241653,
        "nauc_map_at_1000_diff1": 0.184697,
        "nauc_recall_at_1_max": 0.222093,
        "nauc_recall_at_1_std": 0.092758,
        "nauc_recall_at_1_diff1": 0.242002,
        "nauc_recall_at_3_max": 0.264012,
        "nauc_recall_at_3_std": 0.151913,
        "nauc_recall_at_3_diff1": 0.152625,
        "nauc_recall_at_5_max": 0.319353,
        "nauc_recall_at_5_std": 0.216468,
        "nauc_recall_at_5_diff1": 0.146685,
        "nauc_recall_at_10_max": 0.316674,
        "nauc_recall_at_10_std": 0.266295,
        "nauc_recall_at_10_diff1": 0.132156,
        "nauc_recall_at_20_max": 0.326391,
        "nauc_recall_at_20_std": 0.313426,
        "nauc_recall_at_20_diff1": 0.121864,
        "nauc_recall_at_100_max": 0.279735,
        "nauc_recall_at_100_std": 0.401502,
        "nauc_recall_at_100_diff1": 0.101371,
        "nauc_recall_at_1000_max": 0.2437,
        "nauc_recall_at_1000_std": 0.421643,
        "nauc_recall_at_1000_diff1": 0.066273,
        "nauc_precision_at_1_max": 0.219221,
        "nauc_precision_at_1_std": 0.096675,
        "nauc_precision_at_1_diff1": 0.239302,
        "nauc_precision_at_3_max": 0.267206,
        "nauc_precision_at_3_std": 0.156029,
        "nauc_precision_at_3_diff1": 0.154048,
        "nauc_precision_at_5_max": 0.322779,
        "nauc_precision_at_5_std": 0.220071,
        "nauc_precision_at_5_diff1": 0.147405,
        "nauc_precision_at_10_max": 0.322085,
        "nauc_precision_at_10_std": 0.269479,
        "nauc_precision_at_10_diff1": 0.131643,
        "nauc_precision_at_20_max": 0.33154,
        "nauc_precision_at_20_std": 0.317288,
        "nauc_precision_at_20_diff1": 0.122993,
        "nauc_precision_at_100_max": 0.285106,
        "nauc_precision_at_100_std": 0.402382,
        "nauc_precision_at_100_diff1": 0.102984,
        "nauc_precision_at_1000_max": 0.249358,
        "nauc_precision_at_1000_std": 0.416487,
        "nauc_precision_at_1000_diff1": 0.072608,
        "nauc_mrr_at_1_max": 0.219221,
        "nauc_mrr_at_1_std": 0.096675,
        "nauc_mrr_at_1_diff1": 0.239302,
        "nauc_mrr_at_3_max": 0.220499,
        "nauc_mrr_at_3_std": 0.122809,
        "nauc_mrr_at_3_diff1": 0.1888,
        "nauc_mrr_at_5_max": 0.23205,
        "nauc_mrr_at_5_std": 0.147869,
        "nauc_mrr_at_5_diff1": 0.182606,
        "nauc_mrr_at_10_max": 0.230979,
        "nauc_mrr_at_10_std": 0.15286,
        "nauc_mrr_at_10_diff1": 0.181269,
        "nauc_mrr_at_20_max": 0.231992,
        "nauc_mrr_at_20_std": 0.155464,
        "nauc_mrr_at_20_diff1": 0.182834,
        "nauc_mrr_at_100_max": 0.23329,
        "nauc_mrr_at_100_std": 0.156553,
        "nauc_mrr_at_100_diff1": 0.184501,
        "nauc_mrr_at_1000_max": 0.233152,
        "nauc_mrr_at_1000_std": 0.156113,
        "nauc_mrr_at_1000_diff1": 0.184345,
        "main_score": 0.13161,
        "hf_subset": "default",
        "languages": [
          "eng-Latn"
        ]
      }
    ]
  },
  "evaluation_time": 10426.096148490906,
  "kg_co2_emissions": null
}