{
  "dataset_revision": "0228b52cf27578f30900b9e5271d331663a030d7",
  "task_name": "SciFact",
  "mteb_version": "1.38.54",
  "scores": {
    "test": [
      {
        "ndcg_at_1": 0.45333,
        "ndcg_at_3": 0.51612,
        "ndcg_at_5": 0.53869,
        "ndcg_at_10": 0.5642,
        "ndcg_at_20": 0.58113,
        "ndcg_at_100": 0.607,
        "ndcg_at_1000": 0.61752,
        "map_at_1": 0.43483,
        "map_at_3": 0.49189,
        "map_at_5": 0.50717,
        "map_at_10": 0.51976,
        "map_at_20": 0.52461,
        "map_at_100": 0.52861,
        "map_at_1000": 0.5289,
        "recall_at_1": 0.43483,
        "recall_at_3": 0.55767,
        "recall_at_5": 0.61406,
        "recall_at_10": 0.68611,
        "recall_at_20": 0.75178,
        "recall_at_100": 0.88633,
        "recall_at_1000": 0.97333,
        "precision_at_1": 0.45333,
        "precision_at_3": 0.20444,
        "precision_at_5": 0.13667,
        "precision_at_10": 0.07767,
        "precision_at_20": 0.0425,
        "precision_at_100": 0.01,
        "precision_at_1000": 0.0011,
        "mrr_at_1": 0.453333,
        "mrr_at_3": 0.510556,
        "mrr_at_5": 0.523222,
        "mrr_at_10": 0.532934,
        "mrr_at_20": 0.537204,
        "mrr_at_100": 0.540567,
        "mrr_at_1000": 0.540806,
        "nauc_ndcg_at_1_max": 0.492248,
        "nauc_ndcg_at_1_std": 0.118187,
        "nauc_ndcg_at_1_diff1": 0.704276,
        "nauc_ndcg_at_3_max": 0.514696,
        "nauc_ndcg_at_3_std": 0.099934,
        "nauc_ndcg_at_3_diff1": 0.638205,
        "nauc_ndcg_at_5_max": 0.506539,
        "nauc_ndcg_at_5_std": 0.094305,
        "nauc_ndcg_at_5_diff1": 0.619969,
        "nauc_ndcg_at_10_max": 0.524886,
        "nauc_ndcg_at_10_std": 0.125702,
        "nauc_ndcg_at_10_diff1": 0.617742,
        "nauc_ndcg_at_20_max": 0.525209,
        "nauc_ndcg_at_20_std": 0.145804,
        "nauc_ndcg_at_20_diff1": 0.619403,
        "nauc_ndcg_at_100_max": 0.528996,
        "nauc_ndcg_at_100_std": 0.15072,
        "nauc_ndcg_at_100_diff1": 0.625763,
        "nauc_ndcg_at_1000_max": 0.526507,
        "nauc_ndcg_at_1000_std": 0.139254,
        "nauc_ndcg_at_1000_diff1": 0.628316,
        "nauc_map_at_1_max": 0.452075,
        "nauc_map_at_1_std": 0.059899,
        "nauc_map_at_1_diff1": 0.687475,
        "nauc_map_at_3_max": 0.49231,
        "nauc_map_at_3_std": 0.079669,
        "nauc_map_at_3_diff1": 0.651684,
        "nauc_map_at_5_max": 0.494776,
        "nauc_map_at_5_std": 0.087985,
        "nauc_map_at_5_diff1": 0.639087,
        "nauc_map_at_10_max": 0.506981,
        "nauc_map_at_10_std": 0.106604,
        "nauc_map_at_10_diff1": 0.637979,
        "nauc_map_at_20_max": 0.507978,
        "nauc_map_at_20_std": 0.111781,
        "nauc_map_at_20_diff1": 0.639749,
        "nauc_map_at_100_max": 0.508922,
        "nauc_map_at_100_std": 0.112827,
        "nauc_map_at_100_diff1": 0.640466,
        "nauc_map_at_1000_max": 0.50895,
        "nauc_map_at_1000_std": 0.112655,
        "nauc_map_at_1000_diff1": 0.640593,
        "nauc_recall_at_1_max": 0.452075,
        "nauc_recall_at_1_std": 0.059899,
        "nauc_recall_at_1_diff1": 0.687475,
        "nauc_recall_at_3_max": 0.51856,
        "nauc_recall_at_3_std": 0.073237,
        "nauc_recall_at_3_diff1": 0.59759,
        "nauc_recall_at_5_max": 0.497186,
        "nauc_recall_at_5_std": 0.06481,
        "nauc_recall_at_5_diff1": 0.543163,
        "nauc_recall_at_10_max": 0.546978,
        "nauc_recall_at_10_std": 0.153405,
        "nauc_recall_at_10_diff1": 0.526728,
        "nauc_recall_at_20_max": 0.542806,
        "nauc_recall_at_20_std": 0.263834,
        "nauc_recall_at_20_diff1": 0.507308,
        "nauc_recall_at_100_max": 0.587431,
        "nauc_recall_at_100_std": 0.413426,
        "nauc_recall_at_100_diff1": 0.501124,
        "nauc_recall_at_1000_max": 0.541958,
        "nauc_recall_at_1000_std": 0.224381,
        "nauc_recall_at_1000_diff1": 0.356151,
        "nauc_precision_at_1_max": 0.492248,
        "nauc_precision_at_1_std": 0.118187,
        "nauc_precision_at_1_diff1": 0.704276,
        "nauc_precision_at_3_max": 0.545713,
        "nauc_precision_at_3_std": 0.221979,
        "nauc_precision_at_3_diff1": 0.485905,
        "nauc_precision_at_5_max": 0.522401,
        "nauc_precision_at_5_std": 0.259176,
        "nauc_precision_at_5_diff1": 0.379618,
        "nauc_precision_at_10_max": 0.548602,
        "nauc_precision_at_10_std": 0.38076,
        "nauc_precision_at_10_diff1": 0.298526,
        "nauc_precision_at_20_max": 0.528267,
        "nauc_precision_at_20_std": 0.462728,
        "nauc_precision_at_20_diff1": 0.244509,
        "nauc_precision_at_100_max": 0.473244,
        "nauc_precision_at_100_std": 0.570351,
        "nauc_precision_at_100_diff1": 0.092679,
        "nauc_precision_at_1000_max": 0.335573,
        "nauc_precision_at_1000_std": 0.502791,
        "nauc_precision_at_1000_diff1": -0.099939,
        "nauc_mrr_at_1_max": 0.492248,
        "nauc_mrr_at_1_std": 0.118187,
        "nauc_mrr_at_1_diff1": 0.704276,
        "nauc_mrr_at_3_max": 0.529162,
        "nauc_mrr_at_3_std": 0.127906,
        "nauc_mrr_at_3_diff1": 0.659449,
        "nauc_mrr_at_5_max": 0.522699,
        "nauc_mrr_at_5_std": 0.121725,
        "nauc_mrr_at_5_diff1": 0.651142,
        "nauc_mrr_at_10_max": 0.526574,
        "nauc_mrr_at_10_std": 0.130372,
        "nauc_mrr_at_10_diff1": 0.650235,
        "nauc_mrr_at_20_max": 0.525545,
        "nauc_mrr_at_20_std": 0.135534,
        "nauc_mrr_at_20_diff1": 0.649889,
        "nauc_mrr_at_100_max": 0.526203,
        "nauc_mrr_at_100_std": 0.135685,
        "nauc_mrr_at_100_diff1": 0.650877,
        "nauc_mrr_at_1000_max": 0.526119,
        "nauc_mrr_at_1000_std": 0.135396,
        "nauc_mrr_at_1000_diff1": 0.65094,
        "main_score": 0.5642,
        "hf_subset": "default",
        "languages": [
          "eng-Latn"
        ]
      }
    ]
  },
  "evaluation_time": 3134.8186197280884,
  "kg_co2_emissions": null
}