{
  "dataset_revision": "c22ab2a51041ffd869aaddef7af8d8215647e41a",
  "task_name": "ArguAna",
  "mteb_version": "1.38.54",
  "scores": {
    "test": [
      {
        "ndcg_at_1": 0.14865,
        "ndcg_at_3": 0.22599,
        "ndcg_at_5": 0.25574,
        "ndcg_at_10": 0.28966,
        "ndcg_at_20": 0.3176,
        "ndcg_at_100": 0.35054,
        "ndcg_at_1000": 0.37236,
        "map_at_1": 0.14865,
        "map_at_3": 0.20614,
        "map_at_5": 0.22257,
        "map_at_10": 0.23677,
        "map_at_20": 0.24457,
        "map_at_100": 0.24918,
        "map_at_1000": 0.24991,
        "recall_at_1": 0.14865,
        "recall_at_3": 0.28378,
        "recall_at_5": 0.35633,
        "recall_at_10": 0.46017,
        "recall_at_20": 0.5697,
        "recall_at_100": 0.7468,
        "recall_at_1000": 0.9239,
        "precision_at_1": 0.14865,
        "precision_at_3": 0.09459,
        "precision_at_5": 0.07127,
        "precision_at_10": 0.04602,
        "precision_at_20": 0.02849,
        "precision_at_100": 0.00747,
        "precision_at_1000": 0.00092,
        "mrr_at_1": 0.151494,
        "mrr_at_3": 0.20697,
        "mrr_at_5": 0.223613,
        "mrr_at_10": 0.237943,
        "mrr_at_20": 0.245736,
        "mrr_at_100": 0.250352,
        "mrr_at_1000": 0.25108,
        "nauc_ndcg_at_1_max": -0.069639,
        "nauc_ndcg_at_1_std": -0.005587,
        "nauc_ndcg_at_1_diff1": 0.097757,
        "nauc_ndcg_at_3_max": -0.024508,
        "nauc_ndcg_at_3_std": 0.025473,
        "nauc_ndcg_at_3_diff1": 0.078676,
        "nauc_ndcg_at_5_max": -0.024384,
        "nauc_ndcg_at_5_std": 0.028044,
        "nauc_ndcg_at_5_diff1": 0.068761,
        "nauc_ndcg_at_10_max": -0.028628,
        "nauc_ndcg_at_10_std": 0.054747,
        "nauc_ndcg_at_10_diff1": 0.05473,
        "nauc_ndcg_at_20_max": -0.021631,
        "nauc_ndcg_at_20_std": 0.064065,
        "nauc_ndcg_at_20_diff1": 0.056798,
        "nauc_ndcg_at_100_max": -0.019408,
        "nauc_ndcg_at_100_std": 0.094922,
        "nauc_ndcg_at_100_diff1": 0.065943,
        "nauc_ndcg_at_1000_max": -0.022961,
        "nauc_ndcg_at_1000_std": 0.07953,
        "nauc_ndcg_at_1000_diff1": 0.067396,
        "nauc_map_at_1_max": -0.069639,
        "nauc_map_at_1_std": -0.005587,
        "nauc_map_at_1_diff1": 0.097757,
        "nauc_map_at_3_max": -0.033306,
        "nauc_map_at_3_std": 0.01956,
        "nauc_map_at_3_diff1": 0.081371,
        "nauc_map_at_5_max": -0.033078,
        "nauc_map_at_5_std": 0.02126,
        "nauc_map_at_5_diff1": 0.075485,
        "nauc_map_at_10_max": -0.035034,
        "nauc_map_at_10_std": 0.032801,
        "nauc_map_at_10_diff1": 0.069121,
        "nauc_map_at_20_max": -0.032723,
        "nauc_map_at_20_std": 0.035281,
        "nauc_map_at_20_diff1": 0.0698,
        "nauc_map_at_100_max": -0.032609,
        "nauc_map_at_100_std": 0.039285,
        "nauc_map_at_100_diff1": 0.071316,
        "nauc_map_at_1000_max": -0.032744,
        "nauc_map_at_1000_std": 0.038957,
        "nauc_map_at_1000_diff1": 0.071363,
        "nauc_recall_at_1_max": -0.069639,
        "nauc_recall_at_1_std": -0.005587,
        "nauc_recall_at_1_diff1": 0.097757,
        "nauc_recall_at_3_max": -0.003637,
        "nauc_recall_at_3_std": 0.039452,
        "nauc_recall_at_3_diff1": 0.07264,
        "nauc_recall_at_5_max": -0.004541,
        "nauc_recall_at_5_std": 0.043709,
        "nauc_recall_at_5_diff1": 0.052525,
        "nauc_recall_at_10_max": -0.015236,
        "nauc_recall_at_10_std": 0.114599,
        "nauc_recall_at_10_diff1": 0.016583,
        "nauc_recall_at_20_max": 0.008847,
        "nauc_recall_at_20_std": 0.153682,
        "nauc_recall_at_20_diff1": 0.020616,
        "nauc_recall_at_100_max": 0.03846,
        "nauc_recall_at_100_std": 0.397232,
        "nauc_recall_at_100_diff1": 0.063577,
        "nauc_recall_at_1000_max": 0.051512,
        "nauc_recall_at_1000_std": 0.5197,
        "nauc_recall_at_1000_diff1": 0.101168,
        "nauc_precision_at_1_max": -0.069639,
        "nauc_precision_at_1_std": -0.005587,
        "nauc_precision_at_1_diff1": 0.097757,
        "nauc_precision_at_3_max": -0.003637,
        "nauc_precision_at_3_std": 0.039452,
        "nauc_precision_at_3_diff1": 0.07264,
        "nauc_precision_at_5_max": -0.004541,
        "nauc_precision_at_5_std": 0.043709,
        "nauc_precision_at_5_diff1": 0.052525,
        "nauc_precision_at_10_max": -0.015236,
        "nauc_precision_at_10_std": 0.114599,
        "nauc_precision_at_10_diff1": 0.016583,
        "nauc_precision_at_20_max": 0.008847,
        "nauc_precision_at_20_std": 0.153682,
        "nauc_precision_at_20_diff1": 0.020616,
        "nauc_precision_at_100_max": 0.03846,
        "nauc_precision_at_100_std": 0.397232,
        "nauc_precision_at_100_diff1": 0.063577,
        "nauc_precision_at_1000_max": 0.051512,
        "nauc_precision_at_1000_std": 0.5197,
        "nauc_precision_at_1000_diff1": 0.101168,
        "nauc_mrr_at_1_max": -0.071157,
        "nauc_mrr_at_1_std": -0.002045,
        "nauc_mrr_at_1_diff1": 0.084192,
        "nauc_mrr_at_3_max": -0.040321,
        "nauc_mrr_at_3_std": 0.019966,
        "nauc_mrr_at_3_diff1": 0.067742,
        "nauc_mrr_at_5_max": -0.038357,
        "nauc_mrr_at_5_std": 0.020875,
        "nauc_mrr_at_5_diff1": 0.065011,
        "nauc_mrr_at_10_max": -0.039643,
        "nauc_mrr_at_10_std": 0.032579,
        "nauc_mrr_at_10_diff1": 0.058953,
        "nauc_mrr_at_20_max": -0.037397,
        "nauc_mrr_at_20_std": 0.03504,
        "nauc_mrr_at_20_diff1": 0.059536,
        "nauc_mrr_at_100_max": -0.037322,
        "nauc_mrr_at_100_std": 0.039021,
        "nauc_mrr_at_100_diff1": 0.06095,
        "nauc_mrr_at_1000_max": -0.037466,
        "nauc_mrr_at_1000_std": 0.038694,
        "nauc_mrr_at_1000_diff1": 0.060975,
        "main_score": 0.28966,
        "hf_subset": "default",
        "languages": [
          "eng-Latn"
        ]
      }
    ]
  },
  "evaluation_time": 10650.906459569931,
  "kg_co2_emissions": null
}