{
  "dataset_revision": "ad9991cb51e31e31e430383c75ffb2885547b5f0",
  "task_name": "CQADupstackEnglishRetrieval",
  "mteb_version": "1.38.54",
  "scores": {
    "test": [
      {
        "ndcg_at_1": 0.11529,
        "ndcg_at_3": 0.13487,
        "ndcg_at_5": 0.14538,
        "ndcg_at_10": 0.15485,
        "ndcg_at_20": 0.16511,
        "ndcg_at_100": 0.18987,
        "ndcg_at_1000": 0.22018,
        "map_at_1": 0.08923,
        "map_at_3": 0.11635,
        "map_at_5": 0.12375,
        "map_at_10": 0.12815,
        "map_at_20": 0.13118,
        "map_at_100": 0.13469,
        "map_at_1000": 0.13578,
        "recall_at_1": 0.08923,
        "recall_at_3": 0.14688,
        "recall_at_5": 0.17526,
        "recall_at_10": 0.20504,
        "recall_at_20": 0.24313,
        "recall_at_100": 0.36593,
        "recall_at_1000": 0.57809,
        "precision_at_1": 0.11529,
        "precision_at_3": 0.06645,
        "precision_at_5": 0.04854,
        "precision_at_10": 0.02917,
        "precision_at_20": 0.01783,
        "precision_at_100": 0.00581,
        "precision_at_1000": 0.00108,
        "mrr_at_1": 0.115287,
        "mrr_at_3": 0.146391,
        "mrr_at_5": 0.154002,
        "mrr_at_10": 0.158933,
        "mrr_at_20": 0.162274,
        "mrr_at_100": 0.165773,
        "mrr_at_1000": 0.166683,
        "nauc_ndcg_at_1_max": 0.170206,
        "nauc_ndcg_at_1_std": -0.035532,
        "nauc_ndcg_at_1_diff1": 0.337911,
        "nauc_ndcg_at_3_max": 0.117579,
        "nauc_ndcg_at_3_std": -0.004526,
        "nauc_ndcg_at_3_diff1": 0.304545,
        "nauc_ndcg_at_5_max": 0.111216,
        "nauc_ndcg_at_5_std": -0.006693,
        "nauc_ndcg_at_5_diff1": 0.284619,
        "nauc_ndcg_at_10_max": 0.106948,
        "nauc_ndcg_at_10_std": -0.011792,
        "nauc_ndcg_at_10_diff1": 0.280428,
        "nauc_ndcg_at_20_max": 0.101803,
        "nauc_ndcg_at_20_std": -0.010707,
        "nauc_ndcg_at_20_diff1": 0.269249,
        "nauc_ndcg_at_100_max": 0.103943,
        "nauc_ndcg_at_100_std": -0.004291,
        "nauc_ndcg_at_100_diff1": 0.257048,
        "nauc_ndcg_at_1000_max": 0.10755,
        "nauc_ndcg_at_1000_std": 0.003093,
        "nauc_ndcg_at_1000_diff1": 0.252709,
        "nauc_map_at_1_max": 0.128495,
        "nauc_map_at_1_std": -0.016487,
        "nauc_map_at_1_diff1": 0.367487,
        "nauc_map_at_3_max": 0.115322,
        "nauc_map_at_3_std": -0.002286,
        "nauc_map_at_3_diff1": 0.328537,
        "nauc_map_at_5_max": 0.114635,
        "nauc_map_at_5_std": -0.003044,
        "nauc_map_at_5_diff1": 0.312732,
        "nauc_map_at_10_max": 0.114217,
        "nauc_map_at_10_std": -0.006434,
        "nauc_map_at_10_diff1": 0.309694,
        "nauc_map_at_20_max": 0.112929,
        "nauc_map_at_20_std": -0.006484,
        "nauc_map_at_20_diff1": 0.305106,
        "nauc_map_at_100_max": 0.112851,
        "nauc_map_at_100_std": -0.004832,
        "nauc_map_at_100_diff1": 0.302661,
        "nauc_map_at_1000_max": 0.112922,
        "nauc_map_at_1000_std": -0.004413,
        "nauc_map_at_1000_diff1": 0.302206,
        "nauc_recall_at_1_max": 0.128495,
        "nauc_recall_at_1_std": -0.016487,
        "nauc_recall_at_1_diff1": 0.367487,
        "nauc_recall_at_3_max": 0.087542,
        "nauc_recall_at_3_std": 0.007658,
        "nauc_recall_at_3_diff1": 0.288135,
        "nauc_recall_at_5_max": 0.084762,
        "nauc_recall_at_5_std": -0.002036,
        "nauc_recall_at_5_diff1": 0.24265,
        "nauc_recall_at_10_max": 0.079485,
        "nauc_recall_at_10_std": -0.018643,
        "nauc_recall_at_10_diff1": 0.227228,
        "nauc_recall_at_20_max": 0.06382,
        "nauc_recall_at_20_std": -0.014366,
        "nauc_recall_at_20_diff1": 0.193128,
        "nauc_recall_at_100_max": 0.073006,
        "nauc_recall_at_100_std": 0.003695,
        "nauc_recall_at_100_diff1": 0.149603,
        "nauc_recall_at_1000_max": 0.086661,
        "nauc_recall_at_1000_std": 0.04808,
        "nauc_recall_at_1000_diff1": 0.131469,
        "nauc_precision_at_1_max": 0.170206,
        "nauc_precision_at_1_std": -0.035532,
        "nauc_precision_at_1_diff1": 0.337911,
        "nauc_precision_at_3_max": 0.141807,
        "nauc_precision_at_3_std": -0.011494,
        "nauc_precision_at_3_diff1": 0.264008,
        "nauc_precision_at_5_max": 0.135989,
        "nauc_precision_at_5_std": -0.009616,
        "nauc_precision_at_5_diff1": 0.22577,
        "nauc_precision_at_10_max": 0.122638,
        "nauc_precision_at_10_std": -0.011405,
        "nauc_precision_at_10_diff1": 0.2059,
        "nauc_precision_at_20_max": 0.096468,
        "nauc_precision_at_20_std": 0.000234,
        "nauc_precision_at_20_diff1": 0.17309,
        "nauc_precision_at_100_max": 0.078336,
        "nauc_precision_at_100_std": 0.01828,
        "nauc_precision_at_100_diff1": 0.090163,
        "nauc_precision_at_1000_max": 0.051145,
        "nauc_precision_at_1000_std": 0.024546,
        "nauc_precision_at_1000_diff1": -0.024594,
        "nauc_mrr_at_1_max": 0.170206,
        "nauc_mrr_at_1_std": -0.035532,
        "nauc_mrr_at_1_diff1": 0.337911,
        "nauc_mrr_at_3_max": 0.134393,
        "nauc_mrr_at_3_std": -0.019787,
        "nauc_mrr_at_3_diff1": 0.295259,
        "nauc_mrr_at_5_max": 0.132903,
        "nauc_mrr_at_5_std": -0.022535,
        "nauc_mrr_at_5_diff1": 0.284185,
        "nauc_mrr_at_10_max": 0.129433,
        "nauc_mrr_at_10_std": -0.023682,
        "nauc_mrr_at_10_diff1": 0.280728,
        "nauc_mrr_at_20_max": 0.127255,
        "nauc_mrr_at_20_std": -0.02271,
        "nauc_mrr_at_20_diff1": 0.277725,
        "nauc_mrr_at_100_max": 0.127082,
        "nauc_mrr_at_100_std": -0.021495,
        "nauc_mrr_at_100_diff1": 0.276182,
        "nauc_mrr_at_1000_max": 0.127248,
        "nauc_mrr_at_1000_std": -0.021508,
        "nauc_mrr_at_1000_diff1": 0.276034,
        "main_score": 0.15485,
        "hf_subset": "default",
        "languages": [
          "eng-Latn"
        ]
      }
    ]
  },
  "evaluation_time": 14314.643912553787,
  "kg_co2_emissions": null
}