{
  "dataset_revision": "ec0fa4fe99da2ff19ca1214b7966684033a58814",
  "task_name": "NFCorpus",
  "mteb_version": "1.38.54",
  "scores": {
    "test": [
      {
        "ndcg_at_1": 0.08669,
        "ndcg_at_3": 0.08475,
        "ndcg_at_5": 0.07546,
        "ndcg_at_10": 0.07605,
        "ndcg_at_20": 0.07586,
        "ndcg_at_100": 0.09187,
        "ndcg_at_1000": 0.19336,
        "map_at_1": 0.00794,
        "map_at_3": 0.01093,
        "map_at_5": 0.01206,
        "map_at_10": 0.01499,
        "map_at_20": 0.01785,
        "map_at_100": 0.02262,
        "map_at_1000": 0.03082,
        "recall_at_1": 0.00794,
        "recall_at_3": 0.01328,
        "recall_at_5": 0.01673,
        "recall_at_10": 0.03051,
        "recall_at_20": 0.05477,
        "recall_at_100": 0.12898,
        "recall_at_1000": 0.47508,
        "precision_at_1": 0.09598,
        "precision_at_3": 0.08669,
        "precision_at_5": 0.06935,
        "precision_at_10": 0.06533,
        "precision_at_20": 0.05418,
        "precision_at_100": 0.03214,
        "precision_at_1000": 0.01587,
        "mrr_at_1": 0.095975,
        "mrr_at_3": 0.143447,
        "mrr_at_5": 0.154283,
        "mrr_at_10": 0.165576,
        "mrr_at_20": 0.174606,
        "mrr_at_100": 0.179534,
        "mrr_at_1000": 0.18082,
        "nauc_ndcg_at_1_max": -0.08145,
        "nauc_ndcg_at_1_std": -0.056671,
        "nauc_ndcg_at_1_diff1": 0.213914,
        "nauc_ndcg_at_3_max": -0.044326,
        "nauc_ndcg_at_3_std": 0.024584,
        "nauc_ndcg_at_3_diff1": 0.124624,
        "nauc_ndcg_at_5_max": -0.011265,
        "nauc_ndcg_at_5_std": 0.023808,
        "nauc_ndcg_at_5_diff1": 0.130309,
        "nauc_ndcg_at_10_max": -0.000942,
        "nauc_ndcg_at_10_std": -0.014168,
        "nauc_ndcg_at_10_diff1": 0.106236,
        "nauc_ndcg_at_20_max": 0.015927,
        "nauc_ndcg_at_20_std": -0.014501,
        "nauc_ndcg_at_20_diff1": 0.079588,
        "nauc_ndcg_at_100_max": 0.074704,
        "nauc_ndcg_at_100_std": 0.021824,
        "nauc_ndcg_at_100_diff1": 0.081664,
        "nauc_ndcg_at_1000_max": 0.127654,
        "nauc_ndcg_at_1000_std": 0.021492,
        "nauc_ndcg_at_1000_diff1": 0.099256,
        "nauc_map_at_1_max": -0.182068,
        "nauc_map_at_1_std": -0.124033,
        "nauc_map_at_1_diff1": 0.447957,
        "nauc_map_at_3_max": -0.089047,
        "nauc_map_at_3_std": -0.056764,
        "nauc_map_at_3_diff1": 0.31229,
        "nauc_map_at_5_max": -0.029383,
        "nauc_map_at_5_std": -0.039974,
        "nauc_map_at_5_diff1": 0.284837,
        "nauc_map_at_10_max": 0.019213,
        "nauc_map_at_10_std": -0.065074,
        "nauc_map_at_10_diff1": 0.227514,
        "nauc_map_at_20_max": 0.013456,
        "nauc_map_at_20_std": -0.06572,
        "nauc_map_at_20_diff1": 0.211052,
        "nauc_map_at_100_max": 0.012072,
        "nauc_map_at_100_std": -0.053473,
        "nauc_map_at_100_diff1": 0.185128,
        "nauc_map_at_1000_max": -0.005063,
        "nauc_map_at_1000_std": -0.043962,
        "nauc_map_at_1000_diff1": 0.158597,
        "nauc_recall_at_1_max": -0.182068,
        "nauc_recall_at_1_std": -0.124033,
        "nauc_recall_at_1_diff1": 0.447957,
        "nauc_recall_at_3_max": -0.060089,
        "nauc_recall_at_3_std": -0.006827,
        "nauc_recall_at_3_diff1": 0.260726,
        "nauc_recall_at_5_max": 0.049599,
        "nauc_recall_at_5_std": 0.031255,
        "nauc_recall_at_5_diff1": 0.195252,
        "nauc_recall_at_10_max": 0.115318,
        "nauc_recall_at_10_std": -0.048751,
        "nauc_recall_at_10_diff1": 0.063111,
        "nauc_recall_at_20_max": 0.08747,
        "nauc_recall_at_20_std": -0.001252,
        "nauc_recall_at_20_diff1": -0.018491,
        "nauc_recall_at_100_max": 0.089416,
        "nauc_recall_at_100_std": 0.077522,
        "nauc_recall_at_100_diff1": -0.013206,
        "nauc_recall_at_1000_max": 0.168868,
        "nauc_recall_at_1000_std": 0.063394,
        "nauc_recall_at_1000_diff1": 0.022436,
        "nauc_precision_at_1_max": -0.010539,
        "nauc_precision_at_1_std": -0.039624,
        "nauc_precision_at_1_diff1": 0.238865,
        "nauc_precision_at_3_max": 0.013573,
        "nauc_precision_at_3_std": 0.052809,
        "nauc_precision_at_3_diff1": 0.071499,
        "nauc_precision_at_5_max": 0.050652,
        "nauc_precision_at_5_std": 0.0563,
        "nauc_precision_at_5_diff1": 0.06832,
        "nauc_precision_at_10_max": 0.009365,
        "nauc_precision_at_10_std": -0.011806,
        "nauc_precision_at_10_diff1": 0.028837,
        "nauc_precision_at_20_max": -0.016482,
        "nauc_precision_at_20_std": -0.025134,
        "nauc_precision_at_20_diff1": 0.012218,
        "nauc_precision_at_100_max": -0.08119,
        "nauc_precision_at_100_std": -0.004567,
        "nauc_precision_at_100_diff1": -0.012144,
        "nauc_precision_at_1000_max": -0.148875,
        "nauc_precision_at_1000_std": -0.005464,
        "nauc_precision_at_1000_diff1": -0.031001,
        "nauc_mrr_at_1_max": -0.010539,
        "nauc_mrr_at_1_std": -0.039624,
        "nauc_mrr_at_1_diff1": 0.238865,
        "nauc_mrr_at_3_max": 0.039508,
        "nauc_mrr_at_3_std": 0.034977,
        "nauc_mrr_at_3_diff1": 0.186201,
        "nauc_mrr_at_5_max": 0.036876,
        "nauc_mrr_at_5_std": 0.036752,
        "nauc_mrr_at_5_diff1": 0.174847,
        "nauc_mrr_at_10_max": 0.049964,
        "nauc_mrr_at_10_std": 0.028089,
        "nauc_mrr_at_10_diff1": 0.165156,
        "nauc_mrr_at_20_max": 0.057554,
        "nauc_mrr_at_20_std": 0.029549,
        "nauc_mrr_at_20_diff1": 0.15801,
        "nauc_mrr_at_100_max": 0.061457,
        "nauc_mrr_at_100_std": 0.031459,
        "nauc_mrr_at_100_diff1": 0.163841,
        "nauc_mrr_at_1000_max": 0.060742,
        "nauc_mrr_at_1000_std": 0.031024,
        "nauc_mrr_at_1000_diff1": 0.164117,
        "main_score": 0.07605,
        "hf_subset": "default",
        "languages": [
          "eng-Latn"
        ]
      }
    ]
  },
  "evaluation_time": 2653.795735359192,
  "kg_co2_emissions": null
}