{
  "dataset_revision": "f8c2fcf00f625baaa80f62ec5bd9e1fff3b8ae88",
  "task_name": "SCIDOCS",
  "mteb_version": "1.38.54",
  "scores": {
    "test": [
      {
        "ndcg_at_1": 0.037,
        "ndcg_at_3": 0.03228,
        "ndcg_at_5": 0.02901,
        "ndcg_at_10": 0.03834,
        "ndcg_at_20": 0.04822,
        "ndcg_at_100": 0.0756,
        "ndcg_at_1000": 0.12689,
        "map_at_1": 0.00763,
        "map_at_3": 0.01394,
        "map_at_5": 0.01618,
        "map_at_10": 0.01927,
        "map_at_20": 0.0217,
        "map_at_100": 0.02513,
        "map_at_1000": 0.02712,
        "recall_at_1": 0.00763,
        "recall_at_3": 0.01898,
        "recall_at_5": 0.02673,
        "recall_at_10": 0.04382,
        "recall_at_20": 0.06702,
        "recall_at_100": 0.15778,
        "recall_at_1000": 0.41297,
        "precision_at_1": 0.037,
        "precision_at_3": 0.031,
        "precision_at_5": 0.0262,
        "precision_at_10": 0.0214,
        "precision_at_20": 0.01645,
        "precision_at_100": 0.00775,
        "precision_at_1000": 0.00203,
        "mrr_at_1": 0.037,
        "mrr_at_3": 0.053667,
        "mrr_at_5": 0.060267,
        "mrr_at_10": 0.068789,
        "mrr_at_20": 0.073572,
        "mrr_at_100": 0.078999,
        "mrr_at_1000": 0.080423,
        "nauc_ndcg_at_1_max": 0.199784,
        "nauc_ndcg_at_1_std": 0.084758,
        "nauc_ndcg_at_1_diff1": 0.039739,
        "nauc_ndcg_at_3_max": 0.165879,
        "nauc_ndcg_at_3_std": 0.104219,
        "nauc_ndcg_at_3_diff1": 0.020334,
        "nauc_ndcg_at_5_max": 0.172466,
        "nauc_ndcg_at_5_std": 0.093507,
        "nauc_ndcg_at_5_diff1": 3.4e-05,
        "nauc_ndcg_at_10_max": 0.157835,
        "nauc_ndcg_at_10_std": 0.090714,
        "nauc_ndcg_at_10_diff1": 0.004222,
        "nauc_ndcg_at_20_max": 0.146416,
        "nauc_ndcg_at_20_std": 0.111158,
        "nauc_ndcg_at_20_diff1": -0.002745,
        "nauc_ndcg_at_100_max": 0.133153,
        "nauc_ndcg_at_100_std": 0.147895,
        "nauc_ndcg_at_100_diff1": -0.018537,
        "nauc_ndcg_at_1000_max": 0.147671,
        "nauc_ndcg_at_1000_std": 0.171769,
        "nauc_ndcg_at_1000_diff1": -0.042269,
        "nauc_map_at_1_max": 0.200968,
        "nauc_map_at_1_std": 0.094522,
        "nauc_map_at_1_diff1": 0.064663,
        "nauc_map_at_3_max": 0.168801,
        "nauc_map_at_3_std": 0.111527,
        "nauc_map_at_3_diff1": 0.046929,
        "nauc_map_at_5_max": 0.181387,
        "nauc_map_at_5_std": 0.112917,
        "nauc_map_at_5_diff1": 0.022809,
        "nauc_map_at_10_max": 0.181943,
        "nauc_map_at_10_std": 0.106937,
        "nauc_map_at_10_diff1": 0.024675,
        "nauc_map_at_20_max": 0.178162,
        "nauc_map_at_20_std": 0.112465,
        "nauc_map_at_20_diff1": 0.015846,
        "nauc_map_at_100_max": 0.172033,
        "nauc_map_at_100_std": 0.127646,
        "nauc_map_at_100_diff1": 0.009876,
        "nauc_map_at_1000_max": 0.172421,
        "nauc_map_at_1000_std": 0.136239,
        "nauc_map_at_1000_diff1": 0.006355,
        "nauc_recall_at_1_max": 0.200968,
        "nauc_recall_at_1_std": 0.094522,
        "nauc_recall_at_1_diff1": 0.064663,
        "nauc_recall_at_3_max": 0.15668,
        "nauc_recall_at_3_std": 0.11093,
        "nauc_recall_at_3_diff1": 0.028753,
        "nauc_recall_at_5_max": 0.167378,
        "nauc_recall_at_5_std": 0.087343,
        "nauc_recall_at_5_diff1": -0.019869,
        "nauc_recall_at_10_max": 0.143609,
        "nauc_recall_at_10_std": 0.083019,
        "nauc_recall_at_10_diff1": -0.002907,
        "nauc_recall_at_20_max": 0.124536,
        "nauc_recall_at_20_std": 0.122164,
        "nauc_recall_at_20_diff1": -0.012423,
        "nauc_recall_at_100_max": 0.101738,
        "nauc_recall_at_100_std": 0.177346,
        "nauc_recall_at_100_diff1": -0.029911,
        "nauc_recall_at_1000_max": 0.130319,
        "nauc_recall_at_1000_std": 0.197167,
        "nauc_recall_at_1000_diff1": -0.070119,
        "nauc_precision_at_1_max": 0.199784,
        "nauc_precision_at_1_std": 0.084758,
        "nauc_precision_at_1_diff1": 0.039739,
        "nauc_precision_at_3_max": 0.149762,
        "nauc_precision_at_3_std": 0.107556,
        "nauc_precision_at_3_diff1": 0.012371,
        "nauc_precision_at_5_max": 0.160467,
        "nauc_precision_at_5_std": 0.082911,
        "nauc_precision_at_5_diff1": -0.031834,
        "nauc_precision_at_10_max": 0.13969,
        "nauc_precision_at_10_std": 0.083314,
        "nauc_precision_at_10_diff1": -0.012788,
        "nauc_precision_at_20_max": 0.12094,
        "nauc_precision_at_20_std": 0.123016,
        "nauc_precision_at_20_diff1": -0.018925,
        "nauc_precision_at_100_max": 0.095443,
        "nauc_precision_at_100_std": 0.175292,
        "nauc_precision_at_100_diff1": -0.035647,
        "nauc_precision_at_1000_max": 0.12393,
        "nauc_precision_at_1000_std": 0.196621,
        "nauc_precision_at_1000_diff1": -0.075718,
        "nauc_mrr_at_1_max": 0.199784,
        "nauc_mrr_at_1_std": 0.084758,
        "nauc_mrr_at_1_diff1": 0.039739,
        "nauc_mrr_at_3_max": 0.183361,
        "nauc_mrr_at_3_std": 0.09728,
        "nauc_mrr_at_3_diff1": 0.020855,
        "nauc_mrr_at_5_max": 0.173244,
        "nauc_mrr_at_5_std": 0.079135,
        "nauc_mrr_at_5_diff1": 0.000456,
        "nauc_mrr_at_10_max": 0.158873,
        "nauc_mrr_at_10_std": 0.079081,
        "nauc_mrr_at_10_diff1": -0.001179,
        "nauc_mrr_at_20_max": 0.151996,
        "nauc_mrr_at_20_std": 0.087521,
        "nauc_mrr_at_20_diff1": -0.00112,
        "nauc_mrr_at_100_max": 0.150902,
        "nauc_mrr_at_100_std": 0.089259,
        "nauc_mrr_at_100_diff1": -0.006705,
        "nauc_mrr_at_1000_max": 0.151704,
        "nauc_mrr_at_1000_std": 0.088328,
        "nauc_mrr_at_1000_diff1": -0.006965,
        "main_score": 0.03834,
        "hf_subset": "default",
        "languages": [
          "eng-Latn"
        ]
      }
    ]
  },
  "evaluation_time": 8741.038172006607,
  "kg_co2_emissions": null
}