{
  "dataset_revision": "0228b52cf27578f30900b9e5271d331663a030d7",
  "task_name": "SciFact",
  "mteb_version": "1.38.54",
  "scores": {
    "test": [
      {
        "ndcg_at_1": 0.12667,
        "ndcg_at_3": 0.17232,
        "ndcg_at_5": 0.19143,
        "ndcg_at_10": 0.21595,
        "ndcg_at_20": 0.23537,
        "ndcg_at_100": 0.27242,
        "ndcg_at_1000": 0.31004,
        "map_at_1": 0.11917,
        "map_at_3": 0.15843,
        "map_at_5": 0.16926,
        "map_at_10": 0.17911,
        "map_at_20": 0.18472,
        "map_at_100": 0.18999,
        "map_at_1000": 0.19137,
        "recall_at_1": 0.11917,
        "recall_at_3": 0.20306,
        "recall_at_5": 0.24972,
        "recall_at_10": 0.32389,
        "recall_at_20": 0.3975,
        "recall_at_100": 0.59194,
        "recall_at_1000": 0.88756,
        "precision_at_1": 0.12667,
        "precision_at_3": 0.07333,
        "precision_at_5": 0.05333,
        "precision_at_10": 0.03533,
        "precision_at_20": 0.022,
        "precision_at_100": 0.00663,
        "precision_at_1000": 0.00101,
        "mrr_at_1": 0.126667,
        "mrr_at_3": 0.167222,
        "mrr_at_5": 0.178056,
        "mrr_at_10": 0.188589,
        "mrr_at_20": 0.193834,
        "mrr_at_100": 0.198652,
        "mrr_at_1000": 0.199862,
        "nauc_ndcg_at_1_max": 0.010643,
        "nauc_ndcg_at_1_std": 0.070553,
        "nauc_ndcg_at_1_diff1": 0.347757,
        "nauc_ndcg_at_3_max": 0.015277,
        "nauc_ndcg_at_3_std": 0.047179,
        "nauc_ndcg_at_3_diff1": 0.244593,
        "nauc_ndcg_at_5_max": 0.025388,
        "nauc_ndcg_at_5_std": 0.028121,
        "nauc_ndcg_at_5_diff1": 0.209965,
        "nauc_ndcg_at_10_max": 0.042266,
        "nauc_ndcg_at_10_std": 0.048046,
        "nauc_ndcg_at_10_diff1": 0.184501,
        "nauc_ndcg_at_20_max": 0.042667,
        "nauc_ndcg_at_20_std": 0.033495,
        "nauc_ndcg_at_20_diff1": 0.160205,
        "nauc_ndcg_at_100_max": 0.04848,
        "nauc_ndcg_at_100_std": 0.036094,
        "nauc_ndcg_at_100_diff1": 0.157844,
        "nauc_ndcg_at_1000_max": 0.028116,
        "nauc_ndcg_at_1000_std": 0.051634,
        "nauc_ndcg_at_1000_diff1": 0.166644,
        "nauc_map_at_1_max": 0.024904,
        "nauc_map_at_1_std": 0.042107,
        "nauc_map_at_1_diff1": 0.346606,
        "nauc_map_at_3_max": 0.020069,
        "nauc_map_at_3_std": 0.039603,
        "nauc_map_at_3_diff1": 0.262245,
        "nauc_map_at_5_max": 0.025759,
        "nauc_map_at_5_std": 0.029276,
        "nauc_map_at_5_diff1": 0.241,
        "nauc_map_at_10_max": 0.034903,
        "nauc_map_at_10_std": 0.038173,
        "nauc_map_at_10_diff1": 0.228343,
        "nauc_map_at_20_max": 0.034831,
        "nauc_map_at_20_std": 0.034611,
        "nauc_map_at_20_diff1": 0.220545,
        "nauc_map_at_100_max": 0.03642,
        "nauc_map_at_100_std": 0.03437,
        "nauc_map_at_100_diff1": 0.219313,
        "nauc_map_at_1000_max": 0.035167,
        "nauc_map_at_1000_std": 0.035131,
        "nauc_map_at_1000_diff1": 0.219789,
        "nauc_recall_at_1_max": 0.024904,
        "nauc_recall_at_1_std": 0.042107,
        "nauc_recall_at_1_diff1": 0.346606,
        "nauc_recall_at_3_max": 0.009011,
        "nauc_recall_at_3_std": 0.042977,
        "nauc_recall_at_3_diff1": 0.206825,
        "nauc_recall_at_5_max": 0.030227,
        "nauc_recall_at_5_std": 0.003682,
        "nauc_recall_at_5_diff1": 0.136816,
        "nauc_recall_at_10_max": 0.056111,
        "nauc_recall_at_10_std": 0.057646,
        "nauc_recall_at_10_diff1": 0.076545,
        "nauc_recall_at_20_max": 0.059281,
        "nauc_recall_at_20_std": 0.007277,
        "nauc_recall_at_20_diff1": 0.006499,
        "nauc_recall_at_100_max": 0.080549,
        "nauc_recall_at_100_std": 0.020418,
        "nauc_recall_at_100_diff1": -0.010581,
        "nauc_recall_at_1000_max": -0.180928,
        "nauc_recall_at_1000_std": 0.228501,
        "nauc_recall_at_1000_diff1": -0.14504,
        "nauc_precision_at_1_max": 0.010643,
        "nauc_precision_at_1_std": 0.070553,
        "nauc_precision_at_1_diff1": 0.347757,
        "nauc_precision_at_3_max": -0.002321,
        "nauc_precision_at_3_std": 0.080795,
        "nauc_precision_at_3_diff1": 0.195463,
        "nauc_precision_at_5_max": 0.018985,
        "nauc_precision_at_5_std": 0.040347,
        "nauc_precision_at_5_diff1": 0.130436,
        "nauc_precision_at_10_max": 0.069509,
        "nauc_precision_at_10_std": 0.084107,
        "nauc_precision_at_10_diff1": 0.087427,
        "nauc_precision_at_20_max": 0.058748,
        "nauc_precision_at_20_std": 0.057813,
        "nauc_precision_at_20_diff1": 0.020379,
        "nauc_precision_at_100_max": 0.070031,
        "nauc_precision_at_100_std": 0.092196,
        "nauc_precision_at_100_diff1": -0.004644,
        "nauc_precision_at_1000_max": -0.035673,
        "nauc_precision_at_1000_std": 0.264261,
        "nauc_precision_at_1000_diff1": -0.057891,
        "nauc_mrr_at_1_max": 0.010643,
        "nauc_mrr_at_1_std": 0.070553,
        "nauc_mrr_at_1_diff1": 0.347757,
        "nauc_mrr_at_3_max": 0.013469,
        "nauc_mrr_at_3_std": 0.065631,
        "nauc_mrr_at_3_diff1": 0.259457,
        "nauc_mrr_at_5_max": 0.019127,
        "nauc_mrr_at_5_std": 0.055027,
        "nauc_mrr_at_5_diff1": 0.238993,
        "nauc_mrr_at_10_max": 0.031373,
        "nauc_mrr_at_10_std": 0.060902,
        "nauc_mrr_at_10_diff1": 0.22936,
        "nauc_mrr_at_20_max": 0.031095,
        "nauc_mrr_at_20_std": 0.056629,
        "nauc_mrr_at_20_diff1": 0.221637,
        "nauc_mrr_at_100_max": 0.032643,
        "nauc_mrr_at_100_std": 0.055494,
        "nauc_mrr_at_100_diff1": 0.22046,
        "nauc_mrr_at_1000_max": 0.031552,
        "nauc_mrr_at_1000_std": 0.055935,
        "nauc_mrr_at_1000_diff1": 0.22078,
        "main_score": 0.21595,
        "hf_subset": "default",
        "languages": [
          "eng-Latn"
        ]
      }
    ]
  },
  "evaluation_time": 2770.710668563843,
  "kg_co2_emissions": null
}