{
  "dataset_revision": "c22ab2a51041ffd869aaddef7af8d8215647e41a",
  "task_name": "ArguAna",
  "mteb_version": "1.38.54",
  "scores": {
    "test": [
      {
        "ndcg_at_1": 0.14794,
        "ndcg_at_3": 0.24283,
        "ndcg_at_5": 0.27312,
        "ndcg_at_10": 0.3111,
        "ndcg_at_20": 0.34116,
        "ndcg_at_100": 0.3764,
        "ndcg_at_1000": 0.3936,
        "map_at_1": 0.14794,
        "map_at_3": 0.21871,
        "map_at_5": 0.23542,
        "map_at_10": 0.25112,
        "map_at_20": 0.25937,
        "map_at_100": 0.26423,
        "map_at_1000": 0.26482,
        "recall_at_1": 0.14794,
        "recall_at_3": 0.31294,
        "recall_at_5": 0.38691,
        "recall_at_10": 0.50427,
        "recall_at_20": 0.62304,
        "recall_at_100": 0.81366,
        "recall_at_1000": 0.95235,
        "precision_at_1": 0.14794,
        "precision_at_3": 0.10431,
        "precision_at_5": 0.07738,
        "precision_at_10": 0.05043,
        "precision_at_20": 0.03115,
        "precision_at_100": 0.00814,
        "precision_at_1000": 0.00095,
        "mrr_at_1": 0.151494,
        "mrr_at_3": 0.219417,
        "mrr_at_5": 0.236771,
        "mrr_at_10": 0.252406,
        "mrr_at_20": 0.260561,
        "mrr_at_100": 0.26545,
        "mrr_at_1000": 0.266038,
        "nauc_ndcg_at_1_max": -0.066745,
        "nauc_ndcg_at_1_std": 0.029458,
        "nauc_ndcg_at_1_diff1": 0.116522,
        "nauc_ndcg_at_3_max": -0.004181,
        "nauc_ndcg_at_3_std": 0.029248,
        "nauc_ndcg_at_3_diff1": 0.092162,
        "nauc_ndcg_at_5_max": -0.011491,
        "nauc_ndcg_at_5_std": 0.022034,
        "nauc_ndcg_at_5_diff1": 0.081785,
        "nauc_ndcg_at_10_max": -0.007445,
        "nauc_ndcg_at_10_std": 0.060246,
        "nauc_ndcg_at_10_diff1": 0.081319,
        "nauc_ndcg_at_20_max": -0.000734,
        "nauc_ndcg_at_20_std": 0.072985,
        "nauc_ndcg_at_20_diff1": 0.089416,
        "nauc_ndcg_at_100_max": 0.014141,
        "nauc_ndcg_at_100_std": 0.086842,
        "nauc_ndcg_at_100_diff1": 0.096526,
        "nauc_ndcg_at_1000_max": 0.002178,
        "nauc_ndcg_at_1000_std": 0.072374,
        "nauc_ndcg_at_1000_diff1": 0.091214,
        "nauc_map_at_1_max": -0.066745,
        "nauc_map_at_1_std": 0.029458,
        "nauc_map_at_1_diff1": 0.116522,
        "nauc_map_at_3_max": -0.017101,
        "nauc_map_at_3_std": 0.028206,
        "nauc_map_at_3_diff1": 0.096668,
        "nauc_map_at_5_max": -0.021636,
        "nauc_map_at_5_std": 0.023712,
        "nauc_map_at_5_diff1": 0.089841,
        "nauc_map_at_10_max": -0.019806,
        "nauc_map_at_10_std": 0.040445,
        "nauc_map_at_10_diff1": 0.089692,
        "nauc_map_at_20_max": -0.018522,
        "nauc_map_at_20_std": 0.043577,
        "nauc_map_at_20_diff1": 0.091542,
        "nauc_map_at_100_max": -0.016647,
        "nauc_map_at_100_std": 0.045556,
        "nauc_map_at_100_diff1": 0.092586,
        "nauc_map_at_1000_max": -0.017069,
        "nauc_map_at_1000_std": 0.045092,
        "nauc_map_at_1000_diff1": 0.09236,
        "nauc_recall_at_1_max": -0.066745,
        "nauc_recall_at_1_std": 0.029458,
        "nauc_recall_at_1_diff1": 0.116522,
        "nauc_recall_at_3_max": 0.02636,
        "nauc_recall_at_3_std": 0.032057,
        "nauc_recall_at_3_diff1": 0.081676,
        "nauc_recall_at_5_max": 0.011392,
        "nauc_recall_at_5_std": 0.01792,
        "nauc_recall_at_5_diff1": 0.062846,
        "nauc_recall_at_10_max": 0.022489,
        "nauc_recall_at_10_std": 0.119775,
        "nauc_recall_at_10_diff1": 0.060859,
        "nauc_recall_at_20_max": 0.056056,
        "nauc_recall_at_20_std": 0.179099,
        "nauc_recall_at_20_diff1": 0.09221,
        "nauc_recall_at_100_max": 0.217816,
        "nauc_recall_at_100_std": 0.359894,
        "nauc_recall_at_100_diff1": 0.150588,
        "nauc_recall_at_1000_max": 0.254465,
        "nauc_recall_at_1000_std": 0.4607,
        "nauc_recall_at_1000_diff1": 0.084223,
        "nauc_precision_at_1_max": -0.066745,
        "nauc_precision_at_1_std": 0.029458,
        "nauc_precision_at_1_diff1": 0.116522,
        "nauc_precision_at_3_max": 0.02636,
        "nauc_precision_at_3_std": 0.032057,
        "nauc_precision_at_3_diff1": 0.081676,
        "nauc_precision_at_5_max": 0.011392,
        "nauc_precision_at_5_std": 0.01792,
        "nauc_precision_at_5_diff1": 0.062846,
        "nauc_precision_at_10_max": 0.022489,
        "nauc_precision_at_10_std": 0.119775,
        "nauc_precision_at_10_diff1": 0.060859,
        "nauc_precision_at_20_max": 0.056056,
        "nauc_precision_at_20_std": 0.179099,
        "nauc_precision_at_20_diff1": 0.09221,
        "nauc_precision_at_100_max": 0.217816,
        "nauc_precision_at_100_std": 0.359894,
        "nauc_precision_at_100_diff1": 0.150588,
        "nauc_precision_at_1000_max": 0.254465,
        "nauc_precision_at_1000_std": 0.4607,
        "nauc_precision_at_1000_diff1": 0.084223,
        "nauc_mrr_at_1_max": -0.068135,
        "nauc_mrr_at_1_std": 0.030715,
        "nauc_mrr_at_1_diff1": 0.099237,
        "nauc_mrr_at_3_max": -0.025155,
        "nauc_mrr_at_3_std": 0.02664,
        "nauc_mrr_at_3_diff1": 0.080913,
        "nauc_mrr_at_5_max": -0.02741,
        "nauc_mrr_at_5_std": 0.022903,
        "nauc_mrr_at_5_diff1": 0.077487,
        "nauc_mrr_at_10_max": -0.025481,
        "nauc_mrr_at_10_std": 0.039895,
        "nauc_mrr_at_10_diff1": 0.077392,
        "nauc_mrr_at_20_max": -0.024846,
        "nauc_mrr_at_20_std": 0.042735,
        "nauc_mrr_at_20_diff1": 0.078631,
        "nauc_mrr_at_100_max": -0.02287,
        "nauc_mrr_at_100_std": 0.044901,
        "nauc_mrr_at_100_diff1": 0.079709,
        "nauc_mrr_at_1000_max": -0.023301,
        "nauc_mrr_at_1000_std": 0.04444,
        "nauc_mrr_at_1000_diff1": 0.079461,
        "main_score": 0.3111,
        "hf_subset": "default",
        "languages": [
          "eng-Latn"
        ]
      }
    ]
  },
  "evaluation_time": 9431.425630807877,
  "kg_co2_emissions": null
}