{
  "dataset_revision": "ad9991cb51e31e31e430383c75ffb2885547b5f0",
  "task_name": "CQADupstackEnglishRetrieval",
  "mteb_version": "1.38.54",
  "scores": {
    "test": [
      {
        "ndcg_at_1": 0.04268,
        "ndcg_at_3": 0.05415,
        "ndcg_at_5": 0.05926,
        "ndcg_at_10": 0.06651,
        "ndcg_at_20": 0.07408,
        "ndcg_at_100": 0.09264,
        "ndcg_at_1000": 0.12392,
        "map_at_1": 0.03517,
        "map_at_3": 0.04661,
        "map_at_5": 0.0496,
        "map_at_10": 0.05258,
        "map_at_20": 0.05483,
        "map_at_100": 0.05722,
        "map_at_1000": 0.05815,
        "recall_at_1": 0.03517,
        "recall_at_3": 0.0605,
        "recall_at_5": 0.07371,
        "recall_at_10": 0.09615,
        "recall_at_20": 0.12363,
        "recall_at_100": 0.21583,
        "recall_at_1000": 0.44589,
        "precision_at_1": 0.04268,
        "precision_at_3": 0.02654,
        "precision_at_5": 0.01987,
        "precision_at_10": 0.01325,
        "precision_at_20": 0.00882,
        "precision_at_100": 0.00341,
        "precision_at_1000": 0.00083,
        "mrr_at_1": 0.042675,
        "mrr_at_3": 0.058386,
        "mrr_at_5": 0.062431,
        "mrr_at_10": 0.065971,
        "mrr_at_20": 0.068384,
        "mrr_at_100": 0.071298,
        "mrr_at_1000": 0.072191,
        "nauc_ndcg_at_1_max": 0.203973,
        "nauc_ndcg_at_1_std": -0.029699,
        "nauc_ndcg_at_1_diff1": 0.347649,
        "nauc_ndcg_at_3_max": 0.162623,
        "nauc_ndcg_at_3_std": -0.037003,
        "nauc_ndcg_at_3_diff1": 0.280644,
        "nauc_ndcg_at_5_max": 0.149761,
        "nauc_ndcg_at_5_std": -0.03422,
        "nauc_ndcg_at_5_diff1": 0.253529,
        "nauc_ndcg_at_10_max": 0.134768,
        "nauc_ndcg_at_10_std": -0.037363,
        "nauc_ndcg_at_10_diff1": 0.215887,
        "nauc_ndcg_at_20_max": 0.123048,
        "nauc_ndcg_at_20_std": -0.043628,
        "nauc_ndcg_at_20_diff1": 0.19962,
        "nauc_ndcg_at_100_max": 0.091578,
        "nauc_ndcg_at_100_std": -0.039835,
        "nauc_ndcg_at_100_diff1": 0.181143,
        "nauc_ndcg_at_1000_max": 0.088712,
        "nauc_ndcg_at_1000_std": -0.030875,
        "nauc_ndcg_at_1000_diff1": 0.174064,
        "nauc_map_at_1_max": 0.176986,
        "nauc_map_at_1_std": -0.034987,
        "nauc_map_at_1_diff1": 0.363094,
        "nauc_map_at_3_max": 0.165025,
        "nauc_map_at_3_std": -0.030358,
        "nauc_map_at_3_diff1": 0.309468,
        "nauc_map_at_5_max": 0.159183,
        "nauc_map_at_5_std": -0.028352,
        "nauc_map_at_5_diff1": 0.28846,
        "nauc_map_at_10_max": 0.150997,
        "nauc_map_at_10_std": -0.031174,
        "nauc_map_at_10_diff1": 0.265152,
        "nauc_map_at_20_max": 0.146605,
        "nauc_map_at_20_std": -0.033715,
        "nauc_map_at_20_diff1": 0.257315,
        "nauc_map_at_100_max": 0.140979,
        "nauc_map_at_100_std": -0.033453,
        "nauc_map_at_100_diff1": 0.251519,
        "nauc_map_at_1000_max": 0.140619,
        "nauc_map_at_1000_std": -0.033001,
        "nauc_map_at_1000_diff1": 0.250975,
        "nauc_recall_at_1_max": 0.176986,
        "nauc_recall_at_1_std": -0.034987,
        "nauc_recall_at_1_diff1": 0.363094,
        "nauc_recall_at_3_max": 0.150686,
        "nauc_recall_at_3_std": -0.027452,
        "nauc_recall_at_3_diff1": 0.258621,
        "nauc_recall_at_5_max": 0.134126,
        "nauc_recall_at_5_std": -0.023007,
        "nauc_recall_at_5_diff1": 0.205022,
        "nauc_recall_at_10_max": 0.104484,
        "nauc_recall_at_10_std": -0.035017,
        "nauc_recall_at_10_diff1": 0.126786,
        "nauc_recall_at_20_max": 0.082727,
        "nauc_recall_at_20_std": -0.053801,
        "nauc_recall_at_20_diff1": 0.102255,
        "nauc_recall_at_100_max": 0.013295,
        "nauc_recall_at_100_std": -0.038555,
        "nauc_recall_at_100_diff1": 0.090425,
        "nauc_recall_at_1000_max": 0.022556,
        "nauc_recall_at_1000_std": -0.003038,
        "nauc_recall_at_1000_diff1": 0.079807,
        "nauc_precision_at_1_max": 0.203973,
        "nauc_precision_at_1_std": -0.029699,
        "nauc_precision_at_1_diff1": 0.347649,
        "nauc_precision_at_3_max": 0.151783,
        "nauc_precision_at_3_std": -0.049741,
        "nauc_precision_at_3_diff1": 0.235387,
        "nauc_precision_at_5_max": 0.129794,
        "nauc_precision_at_5_std": -0.053442,
        "nauc_precision_at_5_diff1": 0.183302,
        "nauc_precision_at_10_max": 0.107344,
        "nauc_precision_at_10_std": -0.068315,
        "nauc_precision_at_10_diff1": 0.116059,
        "nauc_precision_at_20_max": 0.081739,
        "nauc_precision_at_20_std": -0.073779,
        "nauc_precision_at_20_diff1": 0.095416,
        "nauc_precision_at_100_max": -0.006023,
        "nauc_precision_at_100_std": -0.07498,
        "nauc_precision_at_100_diff1": 0.065933,
        "nauc_precision_at_1000_max": -0.033456,
        "nauc_precision_at_1000_std": -0.051031,
        "nauc_precision_at_1000_diff1": 0.032408,
        "nauc_mrr_at_1_max": 0.203973,
        "nauc_mrr_at_1_std": -0.029699,
        "nauc_mrr_at_1_diff1": 0.347649,
        "nauc_mrr_at_3_max": 0.166431,
        "nauc_mrr_at_3_std": -0.042934,
        "nauc_mrr_at_3_diff1": 0.285763,
        "nauc_mrr_at_5_max": 0.157447,
        "nauc_mrr_at_5_std": -0.045022,
        "nauc_mrr_at_5_diff1": 0.267554,
        "nauc_mrr_at_10_max": 0.148861,
        "nauc_mrr_at_10_std": -0.045802,
        "nauc_mrr_at_10_diff1": 0.251581,
        "nauc_mrr_at_20_max": 0.143409,
        "nauc_mrr_at_20_std": -0.046966,
        "nauc_mrr_at_20_diff1": 0.243739,
        "nauc_mrr_at_100_max": 0.137342,
        "nauc_mrr_at_100_std": -0.045193,
        "nauc_mrr_at_100_diff1": 0.23889,
        "nauc_mrr_at_1000_max": 0.137324,
        "nauc_mrr_at_1000_std": -0.045178,
        "nauc_mrr_at_1000_diff1": 0.23868,
        "main_score": 0.06651,
        "hf_subset": "default",
        "languages": [
          "eng-Latn"
        ]
      }
    ]
  },
  "evaluation_time": 9179.658340930939,
  "kg_co2_emissions": null
}