{
  "dataset_revision": "ec0fa4fe99da2ff19ca1214b7966684033a58814",
  "task_name": "NFCorpus",
  "mteb_version": "1.38.54",
  "scores": {
    "test": [
      {
        "ndcg_at_1": 0.0356,
        "ndcg_at_3": 0.0434,
        "ndcg_at_5": 0.03945,
        "ndcg_at_10": 0.04193,
        "ndcg_at_20": 0.04128,
        "ndcg_at_100": 0.05974,
        "ndcg_at_1000": 0.15798,
        "map_at_1": 0.00298,
        "map_at_3": 0.00517,
        "map_at_5": 0.00558,
        "map_at_10": 0.00732,
        "map_at_20": 0.00851,
        "map_at_100": 0.01162,
        "map_at_1000": 0.01835,
        "recall_at_1": 0.00298,
        "recall_at_3": 0.007,
        "recall_at_5": 0.00841,
        "recall_at_10": 0.01788,
        "recall_at_20": 0.02964,
        "recall_at_100": 0.09167,
        "recall_at_1000": 0.43055,
        "precision_at_1": 0.04025,
        "precision_at_3": 0.04747,
        "precision_at_5": 0.03963,
        "precision_at_10": 0.0387,
        "precision_at_20": 0.03111,
        "precision_at_100": 0.02344,
        "precision_at_1000": 0.01441,
        "mrr_at_1": 0.040248,
        "mrr_at_3": 0.076883,
        "mrr_at_5": 0.086481,
        "mrr_at_10": 0.097113,
        "mrr_at_20": 0.1033,
        "mrr_at_100": 0.110156,
        "mrr_at_1000": 0.111398,
        "nauc_ndcg_at_1_max": 0.166425,
        "nauc_ndcg_at_1_std": 0.093071,
        "nauc_ndcg_at_1_diff1": 0.359594,
        "nauc_ndcg_at_3_max": 0.137118,
        "nauc_ndcg_at_3_std": 0.062375,
        "nauc_ndcg_at_3_diff1": 0.16284,
        "nauc_ndcg_at_5_max": 0.131928,
        "nauc_ndcg_at_5_std": 0.079926,
        "nauc_ndcg_at_5_diff1": 0.154629,
        "nauc_ndcg_at_10_max": 0.087538,
        "nauc_ndcg_at_10_std": 0.144236,
        "nauc_ndcg_at_10_diff1": 0.142558,
        "nauc_ndcg_at_20_max": 0.114867,
        "nauc_ndcg_at_20_std": 0.101505,
        "nauc_ndcg_at_20_diff1": 0.149492,
        "nauc_ndcg_at_100_max": 0.166241,
        "nauc_ndcg_at_100_std": 0.171834,
        "nauc_ndcg_at_100_diff1": 0.143264,
        "nauc_ndcg_at_1000_max": 0.187158,
        "nauc_ndcg_at_1000_std": 0.15499,
        "nauc_ndcg_at_1000_diff1": 0.179151,
        "nauc_map_at_1_max": 0.116672,
        "nauc_map_at_1_std": -0.011409,
        "nauc_map_at_1_diff1": 0.597678,
        "nauc_map_at_3_max": 0.099816,
        "nauc_map_at_3_std": -0.009448,
        "nauc_map_at_3_diff1": 0.453413,
        "nauc_map_at_5_max": 0.108953,
        "nauc_map_at_5_std": 0.023822,
        "nauc_map_at_5_diff1": 0.439702,
        "nauc_map_at_10_max": 0.096792,
        "nauc_map_at_10_std": 0.102984,
        "nauc_map_at_10_diff1": 0.377789,
        "nauc_map_at_20_max": 0.123192,
        "nauc_map_at_20_std": 0.103828,
        "nauc_map_at_20_diff1": 0.364107,
        "nauc_map_at_100_max": 0.138638,
        "nauc_map_at_100_std": 0.142134,
        "nauc_map_at_100_diff1": 0.315855,
        "nauc_map_at_1000_max": 0.127234,
        "nauc_map_at_1000_std": 0.106813,
        "nauc_map_at_1000_diff1": 0.256051,
        "nauc_recall_at_1_max": 0.116672,
        "nauc_recall_at_1_std": -0.011409,
        "nauc_recall_at_1_diff1": 0.597678,
        "nauc_recall_at_3_max": 0.094192,
        "nauc_recall_at_3_std": -0.030488,
        "nauc_recall_at_3_diff1": 0.375959,
        "nauc_recall_at_5_max": 0.101171,
        "nauc_recall_at_5_std": 0.047823,
        "nauc_recall_at_5_diff1": 0.367043,
        "nauc_recall_at_10_max": 0.059535,
        "nauc_recall_at_10_std": 0.167349,
        "nauc_recall_at_10_diff1": 0.182409,
        "nauc_recall_at_20_max": 0.154143,
        "nauc_recall_at_20_std": 0.086132,
        "nauc_recall_at_20_diff1": 0.150207,
        "nauc_recall_at_100_max": 0.201603,
        "nauc_recall_at_100_std": 0.194336,
        "nauc_recall_at_100_diff1": 0.065331,
        "nauc_recall_at_1000_max": 0.158582,
        "nauc_recall_at_1000_std": 0.169785,
        "nauc_recall_at_1000_diff1": 0.101311,
        "nauc_precision_at_1_max": 0.208346,
        "nauc_precision_at_1_std": 0.116697,
        "nauc_precision_at_1_diff1": 0.433487,
        "nauc_precision_at_3_max": 0.133751,
        "nauc_precision_at_3_std": 0.092157,
        "nauc_precision_at_3_diff1": 0.188648,
        "nauc_precision_at_5_max": 0.132928,
        "nauc_precision_at_5_std": 0.119404,
        "nauc_precision_at_5_diff1": 0.156781,
        "nauc_precision_at_10_max": 0.08168,
        "nauc_precision_at_10_std": 0.191371,
        "nauc_precision_at_10_diff1": 0.095788,
        "nauc_precision_at_20_max": 0.101925,
        "nauc_precision_at_20_std": 0.119454,
        "nauc_precision_at_20_diff1": 0.099239,
        "nauc_precision_at_100_max": 0.065696,
        "nauc_precision_at_100_std": 0.033945,
        "nauc_precision_at_100_diff1": 0.010908,
        "nauc_precision_at_1000_max": -0.029002,
        "nauc_precision_at_1000_std": -0.074705,
        "nauc_precision_at_1000_diff1": -0.048649,
        "nauc_mrr_at_1_max": 0.208346,
        "nauc_mrr_at_1_std": 0.116697,
        "nauc_mrr_at_1_diff1": 0.433487,
        "nauc_mrr_at_3_max": 0.134955,
        "nauc_mrr_at_3_std": 0.056587,
        "nauc_mrr_at_3_diff1": 0.238028,
        "nauc_mrr_at_5_max": 0.119621,
        "nauc_mrr_at_5_std": 0.056351,
        "nauc_mrr_at_5_diff1": 0.232918,
        "nauc_mrr_at_10_max": 0.115756,
        "nauc_mrr_at_10_std": 0.073488,
        "nauc_mrr_at_10_diff1": 0.200444,
        "nauc_mrr_at_20_max": 0.125037,
        "nauc_mrr_at_20_std": 0.071303,
        "nauc_mrr_at_20_diff1": 0.203225,
        "nauc_mrr_at_100_max": 0.130275,
        "nauc_mrr_at_100_std": 0.076702,
        "nauc_mrr_at_100_diff1": 0.205742,
        "nauc_mrr_at_1000_max": 0.130471,
        "nauc_mrr_at_1000_std": 0.076886,
        "nauc_mrr_at_1000_diff1": 0.20708,
        "main_score": 0.04193,
        "hf_subset": "default",
        "languages": [
          "eng-Latn"
        ]
      }
    ]
  },
  "evaluation_time": 1896.053367614746,
  "kg_co2_emissions": null
}