{
  "dataset_revision": "f8c2fcf00f625baaa80f62ec5bd9e1fff3b8ae88",
  "task_name": "SCIDOCS",
  "mteb_version": "1.38.54",
  "scores": {
    "test": [
      {
        "ndcg_at_1": 0.009,
        "ndcg_at_3": 0.00841,
        "ndcg_at_5": 0.00992,
        "ndcg_at_10": 0.01282,
        "ndcg_at_20": 0.0168,
        "ndcg_at_100": 0.03236,
        "ndcg_at_1000": 0.07461,
        "map_at_1": 0.00198,
        "map_at_3": 0.00338,
        "map_at_5": 0.00483,
        "map_at_10": 0.00587,
        "map_at_20": 0.00671,
        "map_at_100": 0.00851,
        "map_at_1000": 0.00976,
        "recall_at_1": 0.00198,
        "recall_at_3": 0.00523,
        "recall_at_5": 0.01043,
        "recall_at_10": 0.01578,
        "recall_at_20": 0.02507,
        "recall_at_100": 0.07665,
        "recall_at_1000": 0.29053,
        "precision_at_1": 0.009,
        "precision_at_3": 0.00833,
        "precision_at_5": 0.0102,
        "precision_at_10": 0.0077,
        "precision_at_20": 0.0061,
        "precision_at_100": 0.00376,
        "precision_at_1000": 0.00143,
        "mrr_at_1": 0.009,
        "mrr_at_3": 0.015167,
        "mrr_at_5": 0.020017,
        "mrr_at_10": 0.02229,
        "mrr_at_20": 0.024858,
        "mrr_at_100": 0.028399,
        "mrr_at_1000": 0.029914,
        "nauc_ndcg_at_1_max": 0.084131,
        "nauc_ndcg_at_1_std": -0.249978,
        "nauc_ndcg_at_1_diff1": 0.071162,
        "nauc_ndcg_at_3_max": -0.025418,
        "nauc_ndcg_at_3_std": -0.325747,
        "nauc_ndcg_at_3_diff1": 0.106531,
        "nauc_ndcg_at_5_max": -0.06272,
        "nauc_ndcg_at_5_std": -0.316927,
        "nauc_ndcg_at_5_diff1": 0.121257,
        "nauc_ndcg_at_10_max": -0.052267,
        "nauc_ndcg_at_10_std": -0.326093,
        "nauc_ndcg_at_10_diff1": 0.116636,
        "nauc_ndcg_at_20_max": -0.101267,
        "nauc_ndcg_at_20_std": -0.340436,
        "nauc_ndcg_at_20_diff1": 0.08707,
        "nauc_ndcg_at_100_max": -0.144499,
        "nauc_ndcg_at_100_std": -0.35409,
        "nauc_ndcg_at_100_diff1": 0.050543,
        "nauc_ndcg_at_1000_max": -0.142119,
        "nauc_ndcg_at_1000_std": -0.299498,
        "nauc_ndcg_at_1000_diff1": 0.03813,
        "nauc_map_at_1_max": 0.030173,
        "nauc_map_at_1_std": -0.26737,
        "nauc_map_at_1_diff1": 0.024168,
        "nauc_map_at_3_max": -0.02025,
        "nauc_map_at_3_std": -0.322081,
        "nauc_map_at_3_diff1": 0.087225,
        "nauc_map_at_5_max": -0.032618,
        "nauc_map_at_5_std": -0.319309,
        "nauc_map_at_5_diff1": 0.133044,
        "nauc_map_at_10_max": -0.018243,
        "nauc_map_at_10_std": -0.325274,
        "nauc_map_at_10_diff1": 0.124481,
        "nauc_map_at_20_max": -0.049801,
        "nauc_map_at_20_std": -0.335993,
        "nauc_map_at_20_diff1": 0.105572,
        "nauc_map_at_100_max": -0.083635,
        "nauc_map_at_100_std": -0.342237,
        "nauc_map_at_100_diff1": 0.088916,
        "nauc_map_at_1000_max": -0.089757,
        "nauc_map_at_1000_std": -0.337817,
        "nauc_map_at_1000_diff1": 0.08643,
        "nauc_recall_at_1_max": 0.030173,
        "nauc_recall_at_1_std": -0.26737,
        "nauc_recall_at_1_diff1": 0.024168,
        "nauc_recall_at_3_max": -0.072981,
        "nauc_recall_at_3_std": -0.349831,
        "nauc_recall_at_3_diff1": 0.08336,
        "nauc_recall_at_5_max": -0.085675,
        "nauc_recall_at_5_std": -0.321865,
        "nauc_recall_at_5_diff1": 0.131518,
        "nauc_recall_at_10_max": -0.061906,
        "nauc_recall_at_10_std": -0.334593,
        "nauc_recall_at_10_diff1": 0.12732,
        "nauc_recall_at_20_max": -0.132073,
        "nauc_recall_at_20_std": -0.352595,
        "nauc_recall_at_20_diff1": 0.076833,
        "nauc_recall_at_100_max": -0.174269,
        "nauc_recall_at_100_std": -0.363054,
        "nauc_recall_at_100_diff1": 0.021189,
        "nauc_recall_at_1000_max": -0.143773,
        "nauc_recall_at_1000_std": -0.245519,
        "nauc_recall_at_1000_diff1": 0.011416,
        "nauc_precision_at_1_max": 0.084131,
        "nauc_precision_at_1_std": -0.249978,
        "nauc_precision_at_1_diff1": 0.071162,
        "nauc_precision_at_3_max": -0.053072,
        "nauc_precision_at_3_std": -0.34594,
        "nauc_precision_at_3_diff1": 0.103987,
        "nauc_precision_at_5_max": -0.076206,
        "nauc_precision_at_5_std": -0.319318,
        "nauc_precision_at_5_diff1": 0.142732,
        "nauc_precision_at_10_max": -0.051011,
        "nauc_precision_at_10_std": -0.331766,
        "nauc_precision_at_10_diff1": 0.133135,
        "nauc_precision_at_20_max": -0.126698,
        "nauc_precision_at_20_std": -0.350748,
        "nauc_precision_at_20_diff1": 0.082946,
        "nauc_precision_at_100_max": -0.17168,
        "nauc_precision_at_100_std": -0.361118,
        "nauc_precision_at_100_diff1": 0.025622,
        "nauc_precision_at_1000_max": -0.1435,
        "nauc_precision_at_1000_std": -0.240869,
        "nauc_precision_at_1000_diff1": 0.01476,
        "nauc_mrr_at_1_max": 0.084131,
        "nauc_mrr_at_1_std": -0.249978,
        "nauc_mrr_at_1_diff1": 0.071162,
        "nauc_mrr_at_3_max": -0.032174,
        "nauc_mrr_at_3_std": -0.314459,
        "nauc_mrr_at_3_diff1": 0.094962,
        "nauc_mrr_at_5_max": -0.051842,
        "nauc_mrr_at_5_std": -0.304582,
        "nauc_mrr_at_5_diff1": 0.092915,
        "nauc_mrr_at_10_max": -0.052079,
        "nauc_mrr_at_10_std": -0.310215,
        "nauc_mrr_at_10_diff1": 0.09377,
        "nauc_mrr_at_20_max": -0.075589,
        "nauc_mrr_at_20_std": -0.316714,
        "nauc_mrr_at_20_diff1": 0.086179,
        "nauc_mrr_at_100_max": -0.083954,
        "nauc_mrr_at_100_std": -0.318182,
        "nauc_mrr_at_100_diff1": 0.084536,
        "nauc_mrr_at_1000_max": -0.082883,
        "nauc_mrr_at_1000_std": -0.316752,
        "nauc_mrr_at_1000_diff1": 0.083524,
        "main_score": 0.01282,
        "hf_subset": "default",
        "languages": [
          "eng-Latn"
        ]
      }
    ]
  },
  "evaluation_time": 6094.328801870346,
  "kg_co2_emissions": null
}