{
  "dataset_revision": "0228b52cf27578f30900b9e5271d331663a030d7",
  "task_name": "SciFact",
  "mteb_version": "1.38.54",
  "scores": {
    "test": [
      {
        "ndcg_at_1": 0.12,
        "ndcg_at_3": 0.16524,
        "ndcg_at_5": 0.184,
        "ndcg_at_10": 0.20737,
        "ndcg_at_20": 0.22465,
        "ndcg_at_100": 0.26465,
        "ndcg_at_1000": 0.29838,
        "map_at_1": 0.11194,
        "map_at_3": 0.15028,
        "map_at_5": 0.16092,
        "map_at_10": 0.17071,
        "map_at_20": 0.17568,
        "map_at_100": 0.18154,
        "map_at_1000": 0.18262,
        "recall_at_1": 0.11194,
        "recall_at_3": 0.19778,
        "recall_at_5": 0.24389,
        "recall_at_10": 0.31444,
        "recall_at_20": 0.38056,
        "recall_at_100": 0.59028,
        "recall_at_1000": 0.8625,
        "precision_at_1": 0.12,
        "precision_at_3": 0.07444,
        "precision_at_5": 0.05467,
        "precision_at_10": 0.03533,
        "precision_at_20": 0.0215,
        "precision_at_100": 0.0066,
        "precision_at_1000": 0.00097,
        "mrr_at_1": 0.12,
        "mrr_at_3": 0.158889,
        "mrr_at_5": 0.169389,
        "mrr_at_10": 0.179016,
        "mrr_at_20": 0.183613,
        "mrr_at_100": 0.189078,
        "mrr_at_1000": 0.19003,
        "nauc_ndcg_at_1_max": 0.11029,
        "nauc_ndcg_at_1_std": 0.076928,
        "nauc_ndcg_at_1_diff1": 0.312522,
        "nauc_ndcg_at_3_max": 0.072694,
        "nauc_ndcg_at_3_std": 0.107118,
        "nauc_ndcg_at_3_diff1": 0.262463,
        "nauc_ndcg_at_5_max": 0.062348,
        "nauc_ndcg_at_5_std": 0.107662,
        "nauc_ndcg_at_5_diff1": 0.2409,
        "nauc_ndcg_at_10_max": 0.063187,
        "nauc_ndcg_at_10_std": 0.103711,
        "nauc_ndcg_at_10_diff1": 0.236465,
        "nauc_ndcg_at_20_max": 0.058149,
        "nauc_ndcg_at_20_std": 0.114376,
        "nauc_ndcg_at_20_diff1": 0.227067,
        "nauc_ndcg_at_100_max": 0.066216,
        "nauc_ndcg_at_100_std": 0.120889,
        "nauc_ndcg_at_100_diff1": 0.220137,
        "nauc_ndcg_at_1000_max": 0.061745,
        "nauc_ndcg_at_1000_std": 0.120328,
        "nauc_ndcg_at_1000_diff1": 0.243001,
        "nauc_map_at_1_max": 0.1136,
        "nauc_map_at_1_std": 0.060672,
        "nauc_map_at_1_diff1": 0.327218,
        "nauc_map_at_3_max": 0.079371,
        "nauc_map_at_3_std": 0.096335,
        "nauc_map_at_3_diff1": 0.274753,
        "nauc_map_at_5_max": 0.07302,
        "nauc_map_at_5_std": 0.098175,
        "nauc_map_at_5_diff1": 0.260791,
        "nauc_map_at_10_max": 0.074505,
        "nauc_map_at_10_std": 0.096915,
        "nauc_map_at_10_diff1": 0.257486,
        "nauc_map_at_20_max": 0.073473,
        "nauc_map_at_20_std": 0.099935,
        "nauc_map_at_20_diff1": 0.253774,
        "nauc_map_at_100_max": 0.074407,
        "nauc_map_at_100_std": 0.102304,
        "nauc_map_at_100_diff1": 0.253056,
        "nauc_map_at_1000_max": 0.073943,
        "nauc_map_at_1000_std": 0.102395,
        "nauc_map_at_1000_diff1": 0.254328,
        "nauc_recall_at_1_max": 0.1136,
        "nauc_recall_at_1_std": 0.060672,
        "nauc_recall_at_1_diff1": 0.327218,
        "nauc_recall_at_3_max": 0.05563,
        "nauc_recall_at_3_std": 0.115918,
        "nauc_recall_at_3_diff1": 0.238925,
        "nauc_recall_at_5_max": 0.032178,
        "nauc_recall_at_5_std": 0.122624,
        "nauc_recall_at_5_diff1": 0.188792,
        "nauc_recall_at_10_max": 0.028945,
        "nauc_recall_at_10_std": 0.108385,
        "nauc_recall_at_10_diff1": 0.178916,
        "nauc_recall_at_20_max": 0.014691,
        "nauc_recall_at_20_std": 0.135911,
        "nauc_recall_at_20_diff1": 0.149994,
        "nauc_recall_at_100_max": 0.050181,
        "nauc_recall_at_100_std": 0.154886,
        "nauc_recall_at_100_diff1": 0.102622,
        "nauc_recall_at_1000_max": -0.027605,
        "nauc_recall_at_1000_std": 0.182094,
        "nauc_recall_at_1000_diff1": 0.260508,
        "nauc_precision_at_1_max": 0.11029,
        "nauc_precision_at_1_std": 0.076928,
        "nauc_precision_at_1_diff1": 0.312522,
        "nauc_precision_at_3_max": 0.052968,
        "nauc_precision_at_3_std": 0.137079,
        "nauc_precision_at_3_diff1": 0.227434,
        "nauc_precision_at_5_max": 0.035657,
        "nauc_precision_at_5_std": 0.137834,
        "nauc_precision_at_5_diff1": 0.191813,
        "nauc_precision_at_10_max": 0.042319,
        "nauc_precision_at_10_std": 0.140783,
        "nauc_precision_at_10_diff1": 0.192787,
        "nauc_precision_at_20_max": 0.028513,
        "nauc_precision_at_20_std": 0.17184,
        "nauc_precision_at_20_diff1": 0.184369,
        "nauc_precision_at_100_max": 0.042601,
        "nauc_precision_at_100_std": 0.210808,
        "nauc_precision_at_100_diff1": 0.161956,
        "nauc_precision_at_1000_max": 0.006332,
        "nauc_precision_at_1000_std": 0.262685,
        "nauc_precision_at_1000_diff1": 0.229292,
        "nauc_mrr_at_1_max": 0.11029,
        "nauc_mrr_at_1_std": 0.076928,
        "nauc_mrr_at_1_diff1": 0.312522,
        "nauc_mrr_at_3_max": 0.088818,
        "nauc_mrr_at_3_std": 0.10326,
        "nauc_mrr_at_3_diff1": 0.278037,
        "nauc_mrr_at_5_max": 0.078769,
        "nauc_mrr_at_5_std": 0.104698,
        "nauc_mrr_at_5_diff1": 0.263298,
        "nauc_mrr_at_10_max": 0.080143,
        "nauc_mrr_at_10_std": 0.102925,
        "nauc_mrr_at_10_diff1": 0.262106,
        "nauc_mrr_at_20_max": 0.077264,
        "nauc_mrr_at_20_std": 0.107618,
        "nauc_mrr_at_20_diff1": 0.259529,
        "nauc_mrr_at_100_max": 0.078561,
        "nauc_mrr_at_100_std": 0.108145,
        "nauc_mrr_at_100_diff1": 0.257923,
        "nauc_mrr_at_1000_max": 0.078386,
        "nauc_mrr_at_1000_std": 0.107916,
        "nauc_mrr_at_1000_diff1": 0.258778,
        "main_score": 0.20737,
        "hf_subset": "default",
        "languages": [
          "eng-Latn"
        ]
      }
    ]
  },
  "evaluation_time": 1882.1153242588043,
  "kg_co2_emissions": null
}