{
  "dataset_revision": "c22ab2a51041ffd869aaddef7af8d8215647e41a",
  "task_name": "ArguAna",
  "mteb_version": "1.38.54",
  "scores": {
    "test": [
      {
        "ndcg_at_1": 0.23613,
        "ndcg_at_3": 0.37451,
        "ndcg_at_5": 0.43502,
        "ndcg_at_10": 0.48064,
        "ndcg_at_20": 0.50863,
        "ndcg_at_100": 0.52559,
        "ndcg_at_1000": 0.52955,
        "map_at_1": 0.23613,
        "map_at_3": 0.33962,
        "map_at_5": 0.37347,
        "map_at_10": 0.39221,
        "map_at_20": 0.40005,
        "map_at_100": 0.40254,
        "map_at_1000": 0.4027,
        "recall_at_1": 0.23613,
        "recall_at_3": 0.47582,
        "recall_at_5": 0.62162,
        "recall_at_10": 0.76316,
        "recall_at_20": 0.87269,
        "recall_at_100": 0.96159,
        "recall_at_1000": 0.99218,
        "precision_at_1": 0.23613,
        "precision_at_3": 0.15861,
        "precision_at_5": 0.12432,
        "precision_at_10": 0.07632,
        "precision_at_20": 0.04363,
        "precision_at_100": 0.00962,
        "precision_at_1000": 0.00099,
        "mrr_at_1": 0.239687,
        "mrr_at_3": 0.341394,
        "mrr_at_5": 0.374716,
        "mrr_at_10": 0.393759,
        "mrr_at_20": 0.401531,
        "mrr_at_100": 0.404026,
        "mrr_at_1000": 0.404187,
        "nauc_ndcg_at_1_max": -0.032334,
        "nauc_ndcg_at_1_std": -0.046168,
        "nauc_ndcg_at_1_diff1": 0.11076,
        "nauc_ndcg_at_3_max": 0.004166,
        "nauc_ndcg_at_3_std": -0.005985,
        "nauc_ndcg_at_3_diff1": 0.071594,
        "nauc_ndcg_at_5_max": 0.015011,
        "nauc_ndcg_at_5_std": 0.023767,
        "nauc_ndcg_at_5_diff1": 0.063168,
        "nauc_ndcg_at_10_max": 0.020029,
        "nauc_ndcg_at_10_std": 0.025495,
        "nauc_ndcg_at_10_diff1": 0.064735,
        "nauc_ndcg_at_20_max": 0.016638,
        "nauc_ndcg_at_20_std": 0.023605,
        "nauc_ndcg_at_20_diff1": 0.062199,
        "nauc_ndcg_at_100_max": 0.012192,
        "nauc_ndcg_at_100_std": 0.018116,
        "nauc_ndcg_at_100_diff1": 0.069502,
        "nauc_ndcg_at_1000_max": 0.009768,
        "nauc_ndcg_at_1000_std": 0.013509,
        "nauc_ndcg_at_1000_diff1": 0.069624,
        "nauc_map_at_1_max": -0.032334,
        "nauc_map_at_1_std": -0.046168,
        "nauc_map_at_1_diff1": 0.11076,
        "nauc_map_at_3_max": -0.004495,
        "nauc_map_at_3_std": -0.013892,
        "nauc_map_at_3_diff1": 0.079844,
        "nauc_map_at_5_max": 0.001683,
        "nauc_map_at_5_std": 0.002344,
        "nauc_map_at_5_diff1": 0.075756,
        "nauc_map_at_10_max": 0.002683,
        "nauc_map_at_10_std": 0.001862,
        "nauc_map_at_10_diff1": 0.076485,
        "nauc_map_at_20_max": 0.001503,
        "nauc_map_at_20_std": 0.000706,
        "nauc_map_at_20_diff1": 0.075813,
        "nauc_map_at_100_max": 0.001336,
        "nauc_map_at_100_std": 0.000315,
        "nauc_map_at_100_diff1": 0.07698,
        "nauc_map_at_1000_max": 0.00126,
        "nauc_map_at_1000_std": 0.000206,
        "nauc_map_at_1000_diff1": 0.076946,
        "nauc_recall_at_1_max": -0.032334,
        "nauc_recall_at_1_std": -0.046168,
        "nauc_recall_at_1_diff1": 0.11076,
        "nauc_recall_at_3_max": 0.027856,
        "nauc_recall_at_3_std": 0.015043,
        "nauc_recall_at_3_diff1": 0.049409,
        "nauc_recall_at_5_max": 0.057027,
        "nauc_recall_at_5_std": 0.09335,
        "nauc_recall_at_5_diff1": 0.023226,
        "nauc_recall_at_10_max": 0.098837,
        "nauc_recall_at_10_std": 0.13231,
        "nauc_recall_at_10_diff1": 0.015726,
        "nauc_recall_at_20_max": 0.127267,
        "nauc_recall_at_20_std": 0.197525,
        "nauc_recall_at_20_diff1": -0.0358,
        "nauc_recall_at_100_max": 0.172175,
        "nauc_recall_at_100_std": 0.349227,
        "nauc_recall_at_100_diff1": -0.019426,
        "nauc_recall_at_1000_max": 0.223892,
        "nauc_recall_at_1000_std": 0.432492,
        "nauc_recall_at_1000_diff1": -0.231633,
        "nauc_precision_at_1_max": -0.032334,
        "nauc_precision_at_1_std": -0.046168,
        "nauc_precision_at_1_diff1": 0.11076,
        "nauc_precision_at_3_max": 0.027856,
        "nauc_precision_at_3_std": 0.015043,
        "nauc_precision_at_3_diff1": 0.049409,
        "nauc_precision_at_5_max": 0.057027,
        "nauc_precision_at_5_std": 0.09335,
        "nauc_precision_at_5_diff1": 0.023226,
        "nauc_precision_at_10_max": 0.098837,
        "nauc_precision_at_10_std": 0.13231,
        "nauc_precision_at_10_diff1": 0.015726,
        "nauc_precision_at_20_max": 0.127267,
        "nauc_precision_at_20_std": 0.197525,
        "nauc_precision_at_20_diff1": -0.0358,
        "nauc_precision_at_100_max": 0.172175,
        "nauc_precision_at_100_std": 0.349227,
        "nauc_precision_at_100_diff1": -0.019426,
        "nauc_precision_at_1000_max": 0.223892,
        "nauc_precision_at_1000_std": 0.432492,
        "nauc_precision_at_1000_diff1": -0.231633,
        "nauc_mrr_at_1_max": -0.034468,
        "nauc_mrr_at_1_std": -0.03989,
        "nauc_mrr_at_1_diff1": 0.098633,
        "nauc_mrr_at_3_max": -0.01126,
        "nauc_mrr_at_3_std": -0.010594,
        "nauc_mrr_at_3_diff1": 0.06645,
        "nauc_mrr_at_5_max": -0.006102,
        "nauc_mrr_at_5_std": 0.003388,
        "nauc_mrr_at_5_diff1": 0.062723,
        "nauc_mrr_at_10_max": -0.004031,
        "nauc_mrr_at_10_std": 0.00303,
        "nauc_mrr_at_10_diff1": 0.06437,
        "nauc_mrr_at_20_max": -0.005413,
        "nauc_mrr_at_20_std": 0.002097,
        "nauc_mrr_at_20_diff1": 0.063369,
        "nauc_mrr_at_100_max": -0.005636,
        "nauc_mrr_at_100_std": 0.001717,
        "nauc_mrr_at_100_diff1": 0.064434,
        "nauc_mrr_at_1000_max": -0.005715,
        "nauc_mrr_at_1000_std": 0.00161,
        "nauc_mrr_at_1000_diff1": 0.064393,
        "main_score": 0.48064,
        "hf_subset": "default",
        "languages": [
          "eng-Latn"
        ]
      }
    ]
  },
  "evaluation_time": 123.80486154556274,
  "kg_co2_emissions": null
}