{
  "dataset_revision": "ad9991cb51e31e31e430383c75ffb2885547b5f0",
  "task_name": "CQADupstackEnglishRetrieval",
  "mteb_version": "1.38.54",
  "scores": {
    "test": [
      {
        "ndcg_at_1": 0.30191,
        "ndcg_at_3": 0.33554,
        "ndcg_at_5": 0.3518,
        "ndcg_at_10": 0.3722,
        "ndcg_at_20": 0.38786,
        "ndcg_at_100": 0.41487,
        "ndcg_at_1000": 0.43774,
        "map_at_1": 0.24125,
        "map_at_3": 0.29748,
        "map_at_5": 0.3111,
        "map_at_10": 0.32201,
        "map_at_20": 0.32763,
        "map_at_100": 0.33255,
        "map_at_1000": 0.33372,
        "recall_at_1": 0.24125,
        "recall_at_3": 0.34868,
        "recall_at_5": 0.39686,
        "recall_at_10": 0.46139,
        "recall_at_20": 0.51855,
        "recall_at_100": 0.64776,
        "recall_at_1000": 0.79863,
        "precision_at_1": 0.30191,
        "precision_at_3": 0.16178,
        "precision_at_5": 0.11389,
        "precision_at_10": 0.0693,
        "precision_at_20": 0.04127,
        "precision_at_100": 0.01149,
        "precision_at_1000": 0.00162,
        "mrr_at_1": 0.301911,
        "mrr_at_3": 0.3569,
        "mrr_at_5": 0.367824,
        "mrr_at_10": 0.377355,
        "mrr_at_20": 0.381493,
        "mrr_at_100": 0.384479,
        "mrr_at_1000": 0.384989,
        "nauc_ndcg_at_1_max": 0.372967,
        "nauc_ndcg_at_1_std": 0.125817,
        "nauc_ndcg_at_1_diff1": 0.46987,
        "nauc_ndcg_at_3_max": 0.386212,
        "nauc_ndcg_at_3_std": 0.137157,
        "nauc_ndcg_at_3_diff1": 0.430965,
        "nauc_ndcg_at_5_max": 0.38777,
        "nauc_ndcg_at_5_std": 0.144169,
        "nauc_ndcg_at_5_diff1": 0.425556,
        "nauc_ndcg_at_10_max": 0.378971,
        "nauc_ndcg_at_10_std": 0.154818,
        "nauc_ndcg_at_10_diff1": 0.419645,
        "nauc_ndcg_at_20_max": 0.381472,
        "nauc_ndcg_at_20_std": 0.160634,
        "nauc_ndcg_at_20_diff1": 0.415833,
        "nauc_ndcg_at_100_max": 0.386734,
        "nauc_ndcg_at_100_std": 0.174211,
        "nauc_ndcg_at_100_diff1": 0.413633,
        "nauc_ndcg_at_1000_max": 0.387041,
        "nauc_ndcg_at_1000_std": 0.177814,
        "nauc_ndcg_at_1000_diff1": 0.413774,
        "nauc_map_at_1_max": 0.317949,
        "nauc_map_at_1_std": 0.063206,
        "nauc_map_at_1_diff1": 0.482842,
        "nauc_map_at_3_max": 0.362888,
        "nauc_map_at_3_std": 0.10009,
        "nauc_map_at_3_diff1": 0.453525,
        "nauc_map_at_5_max": 0.370737,
        "nauc_map_at_5_std": 0.11189,
        "nauc_map_at_5_diff1": 0.448043,
        "nauc_map_at_10_max": 0.370213,
        "nauc_map_at_10_std": 0.120844,
        "nauc_map_at_10_diff1": 0.444368,
        "nauc_map_at_20_max": 0.372712,
        "nauc_map_at_20_std": 0.124636,
        "nauc_map_at_20_diff1": 0.443036,
        "nauc_map_at_100_max": 0.37498,
        "nauc_map_at_100_std": 0.128967,
        "nauc_map_at_100_diff1": 0.441707,
        "nauc_map_at_1000_max": 0.375229,
        "nauc_map_at_1000_std": 0.129809,
        "nauc_map_at_1000_diff1": 0.4411,
        "nauc_recall_at_1_max": 0.317949,
        "nauc_recall_at_1_std": 0.063206,
        "nauc_recall_at_1_diff1": 0.482842,
        "nauc_recall_at_3_max": 0.364245,
        "nauc_recall_at_3_std": 0.118372,
        "nauc_recall_at_3_diff1": 0.406318,
        "nauc_recall_at_5_max": 0.372021,
        "nauc_recall_at_5_std": 0.14552,
        "nauc_recall_at_5_diff1": 0.386438,
        "nauc_recall_at_10_max": 0.343501,
        "nauc_recall_at_10_std": 0.177784,
        "nauc_recall_at_10_diff1": 0.354057,
        "nauc_recall_at_20_max": 0.349229,
        "nauc_recall_at_20_std": 0.202538,
        "nauc_recall_at_20_diff1": 0.327951,
        "nauc_recall_at_100_max": 0.357911,
        "nauc_recall_at_100_std": 0.280476,
        "nauc_recall_at_100_diff1": 0.287304,
        "nauc_recall_at_1000_max": 0.36257,
        "nauc_recall_at_1000_std": 0.360866,
        "nauc_recall_at_1000_diff1": 0.271273,
        "nauc_precision_at_1_max": 0.372967,
        "nauc_precision_at_1_std": 0.125817,
        "nauc_precision_at_1_diff1": 0.46987,
        "nauc_precision_at_3_max": 0.418083,
        "nauc_precision_at_3_std": 0.21422,
        "nauc_precision_at_3_diff1": 0.310528,
        "nauc_precision_at_5_max": 0.407519,
        "nauc_precision_at_5_std": 0.245102,
        "nauc_precision_at_5_diff1": 0.255915,
        "nauc_precision_at_10_max": 0.365369,
        "nauc_precision_at_10_std": 0.287011,
        "nauc_precision_at_10_diff1": 0.186626,
        "nauc_precision_at_20_max": 0.329249,
        "nauc_precision_at_20_std": 0.303889,
        "nauc_precision_at_20_diff1": 0.116761,
        "nauc_precision_at_100_max": 0.246279,
        "nauc_precision_at_100_std": 0.32246,
        "nauc_precision_at_100_diff1": -0.014996,
        "nauc_precision_at_1000_max": 0.108391,
        "nauc_precision_at_1000_std": 0.265075,
        "nauc_precision_at_1000_diff1": -0.122375,
        "nauc_mrr_at_1_max": 0.372967,
        "nauc_mrr_at_1_std": 0.125817,
        "nauc_mrr_at_1_diff1": 0.46987,
        "nauc_mrr_at_3_max": 0.390572,
        "nauc_mrr_at_3_std": 0.146704,
        "nauc_mrr_at_3_diff1": 0.437101,
        "nauc_mrr_at_5_max": 0.392222,
        "nauc_mrr_at_5_std": 0.15278,
        "nauc_mrr_at_5_diff1": 0.434596,
        "nauc_mrr_at_10_max": 0.388208,
        "nauc_mrr_at_10_std": 0.157571,
        "nauc_mrr_at_10_diff1": 0.431052,
        "nauc_mrr_at_20_max": 0.388272,
        "nauc_mrr_at_20_std": 0.159854,
        "nauc_mrr_at_20_diff1": 0.428947,
        "nauc_mrr_at_100_max": 0.388106,
        "nauc_mrr_at_100_std": 0.160581,
        "nauc_mrr_at_100_diff1": 0.428862,
        "nauc_mrr_at_1000_max": 0.388067,
        "nauc_mrr_at_1000_std": 0.160375,
        "nauc_mrr_at_1000_diff1": 0.429024,
        "main_score": 0.3722,
        "hf_subset": "default",
        "languages": [
          "eng-Latn"
        ]
      }
    ]
  },
  "evaluation_time": 282.6029016971588,
  "kg_co2_emissions": null
}