{
  "dataset_revision": "ec0fa4fe99da2ff19ca1214b7966684033a58814",
  "task_name": "NFCorpus",
  "mteb_version": "1.38.54",
  "scores": {
    "test": [
      {
        "ndcg_at_1": 0.35604,
        "ndcg_at_3": 0.30725,
        "ndcg_at_5": 0.27795,
        "ndcg_at_10": 0.24641,
        "ndcg_at_20": 0.22667,
        "ndcg_at_100": 0.22336,
        "ndcg_at_1000": 0.31475,
        "map_at_1": 0.03898,
        "map_at_3": 0.06167,
        "map_at_5": 0.07172,
        "map_at_10": 0.0832,
        "map_at_20": 0.09185,
        "map_at_100": 0.10182,
        "map_at_1000": 0.11248,
        "recall_at_1": 0.03898,
        "recall_at_3": 0.06887,
        "recall_at_5": 0.08702,
        "recall_at_10": 0.11143,
        "recall_at_20": 0.14171,
        "recall_at_100": 0.22862,
        "recall_at_1000": 0.54963,
        "precision_at_1": 0.37461,
        "precision_at_3": 0.29515,
        "precision_at_5": 0.24211,
        "precision_at_10": 0.1805,
        "precision_at_20": 0.13142,
        "precision_at_100": 0.05601,
        "precision_at_1000": 0.01826,
        "mrr_at_1": 0.374613,
        "mrr_at_3": 0.434469,
        "mrr_at_5": 0.44484,
        "mrr_at_10": 0.452084,
        "mrr_at_20": 0.455355,
        "mrr_at_100": 0.459149,
        "mrr_at_1000": 0.459611,
        "nauc_ndcg_at_1_max": 0.482831,
        "nauc_ndcg_at_1_std": 0.354317,
        "nauc_ndcg_at_1_diff1": 0.361351,
        "nauc_ndcg_at_3_max": 0.448018,
        "nauc_ndcg_at_3_std": 0.349186,
        "nauc_ndcg_at_3_diff1": 0.259285,
        "nauc_ndcg_at_5_max": 0.453291,
        "nauc_ndcg_at_5_std": 0.375359,
        "nauc_ndcg_at_5_diff1": 0.243834,
        "nauc_ndcg_at_10_max": 0.462386,
        "nauc_ndcg_at_10_std": 0.398037,
        "nauc_ndcg_at_10_diff1": 0.227918,
        "nauc_ndcg_at_20_max": 0.46392,
        "nauc_ndcg_at_20_std": 0.400494,
        "nauc_ndcg_at_20_diff1": 0.252368,
        "nauc_ndcg_at_100_max": 0.467048,
        "nauc_ndcg_at_100_std": 0.426059,
        "nauc_ndcg_at_100_diff1": 0.28158,
        "nauc_ndcg_at_1000_max": 0.501199,
        "nauc_ndcg_at_1000_std": 0.45669,
        "nauc_ndcg_at_1000_diff1": 0.297431,
        "nauc_map_at_1_max": 0.311412,
        "nauc_map_at_1_std": 0.165019,
        "nauc_map_at_1_diff1": 0.441652,
        "nauc_map_at_3_max": 0.352535,
        "nauc_map_at_3_std": 0.240306,
        "nauc_map_at_3_diff1": 0.427001,
        "nauc_map_at_5_max": 0.365095,
        "nauc_map_at_5_std": 0.272279,
        "nauc_map_at_5_diff1": 0.395851,
        "nauc_map_at_10_max": 0.389696,
        "nauc_map_at_10_std": 0.310326,
        "nauc_map_at_10_diff1": 0.349783,
        "nauc_map_at_20_max": 0.392986,
        "nauc_map_at_20_std": 0.336083,
        "nauc_map_at_20_diff1": 0.333167,
        "nauc_map_at_100_max": 0.40768,
        "nauc_map_at_100_std": 0.36477,
        "nauc_map_at_100_diff1": 0.320858,
        "nauc_map_at_1000_max": 0.418451,
        "nauc_map_at_1000_std": 0.377313,
        "nauc_map_at_1000_diff1": 0.309627,
        "nauc_recall_at_1_max": 0.311412,
        "nauc_recall_at_1_std": 0.165019,
        "nauc_recall_at_1_diff1": 0.441652,
        "nauc_recall_at_3_max": 0.323986,
        "nauc_recall_at_3_std": 0.230355,
        "nauc_recall_at_3_diff1": 0.385307,
        "nauc_recall_at_5_max": 0.336951,
        "nauc_recall_at_5_std": 0.281707,
        "nauc_recall_at_5_diff1": 0.332381,
        "nauc_recall_at_10_max": 0.38765,
        "nauc_recall_at_10_std": 0.296048,
        "nauc_recall_at_10_diff1": 0.281139,
        "nauc_recall_at_20_max": 0.355578,
        "nauc_recall_at_20_std": 0.305912,
        "nauc_recall_at_20_diff1": 0.265006,
        "nauc_recall_at_100_max": 0.330155,
        "nauc_recall_at_100_std": 0.349136,
        "nauc_recall_at_100_diff1": 0.197748,
        "nauc_recall_at_1000_max": 0.265702,
        "nauc_recall_at_1000_std": 0.303467,
        "nauc_recall_at_1000_diff1": 0.147238,
        "nauc_precision_at_1_max": 0.510444,
        "nauc_precision_at_1_std": 0.355023,
        "nauc_precision_at_1_diff1": 0.364226,
        "nauc_precision_at_3_max": 0.442304,
        "nauc_precision_at_3_std": 0.353517,
        "nauc_precision_at_3_diff1": 0.189771,
        "nauc_precision_at_5_max": 0.432514,
        "nauc_precision_at_5_std": 0.379311,
        "nauc_precision_at_5_diff1": 0.140686,
        "nauc_precision_at_10_max": 0.425623,
        "nauc_precision_at_10_std": 0.398774,
        "nauc_precision_at_10_diff1": 0.071387,
        "nauc_precision_at_20_max": 0.389384,
        "nauc_precision_at_20_std": 0.392882,
        "nauc_precision_at_20_diff1": 0.047312,
        "nauc_precision_at_100_max": 0.320531,
        "nauc_precision_at_100_std": 0.346439,
        "nauc_precision_at_100_diff1": -0.034983,
        "nauc_precision_at_1000_max": 0.166502,
        "nauc_precision_at_1000_std": 0.141591,
        "nauc_precision_at_1000_diff1": -0.093004,
        "nauc_mrr_at_1_max": 0.510444,
        "nauc_mrr_at_1_std": 0.355023,
        "nauc_mrr_at_1_diff1": 0.364226,
        "nauc_mrr_at_3_max": 0.470932,
        "nauc_mrr_at_3_std": 0.350158,
        "nauc_mrr_at_3_diff1": 0.312914,
        "nauc_mrr_at_5_max": 0.474948,
        "nauc_mrr_at_5_std": 0.35493,
        "nauc_mrr_at_5_diff1": 0.311352,
        "nauc_mrr_at_10_max": 0.481665,
        "nauc_mrr_at_10_std": 0.360575,
        "nauc_mrr_at_10_diff1": 0.31364,
        "nauc_mrr_at_20_max": 0.482737,
        "nauc_mrr_at_20_std": 0.362997,
        "nauc_mrr_at_20_diff1": 0.31684,
        "nauc_mrr_at_100_max": 0.482645,
        "nauc_mrr_at_100_std": 0.363659,
        "nauc_mrr_at_100_diff1": 0.315544,
        "nauc_mrr_at_1000_max": 0.482624,
        "nauc_mrr_at_1000_std": 0.363336,
        "nauc_mrr_at_1000_diff1": 0.315468,
        "main_score": 0.24641,
        "hf_subset": "default",
        "languages": [
          "eng-Latn"
        ]
      }
    ]
  },
  "evaluation_time": 74.96150135993958,
  "kg_co2_emissions": null
}