{
  "dataset_revision": "f8c2fcf00f625baaa80f62ec5bd9e1fff3b8ae88",
  "task_name": "SCIDOCS",
  "mteb_version": "1.38.54",
  "scores": {
    "test": [
      {
        "ndcg_at_1": 0.142,
        "ndcg_at_3": 0.11634,
        "ndcg_at_5": 0.10275,
        "ndcg_at_10": 0.12223,
        "ndcg_at_20": 0.13832,
        "ndcg_at_100": 0.17777,
        "ndcg_at_1000": 0.22863,
        "map_at_1": 0.02888,
        "map_at_3": 0.05082,
        "map_at_5": 0.06038,
        "map_at_10": 0.0685,
        "map_at_20": 0.0734,
        "map_at_100": 0.07996,
        "map_at_1000": 0.08232,
        "recall_at_1": 0.02888,
        "recall_at_3": 0.06578,
        "recall_at_5": 0.09163,
        "recall_at_10": 0.12777,
        "recall_at_20": 0.16552,
        "recall_at_100": 0.29452,
        "recall_at_1000": 0.54452,
        "precision_at_1": 0.142,
        "precision_at_3": 0.10833,
        "precision_at_5": 0.0906,
        "precision_at_10": 0.063,
        "precision_at_20": 0.04085,
        "precision_at_100": 0.01453,
        "precision_at_1000": 0.00268,
        "mrr_at_1": 0.142,
        "mrr_at_3": 0.194667,
        "mrr_at_5": 0.211067,
        "mrr_at_10": 0.222715,
        "mrr_at_20": 0.227806,
        "mrr_at_100": 0.232925,
        "mrr_at_1000": 0.233872,
        "nauc_ndcg_at_1_max": 0.217835,
        "nauc_ndcg_at_1_std": 0.131105,
        "nauc_ndcg_at_1_diff1": 0.196591,
        "nauc_ndcg_at_3_max": 0.245082,
        "nauc_ndcg_at_3_std": 0.175195,
        "nauc_ndcg_at_3_diff1": 0.14067,
        "nauc_ndcg_at_5_max": 0.263491,
        "nauc_ndcg_at_5_std": 0.195954,
        "nauc_ndcg_at_5_diff1": 0.147484,
        "nauc_ndcg_at_10_max": 0.262043,
        "nauc_ndcg_at_10_std": 0.225882,
        "nauc_ndcg_at_10_diff1": 0.136622,
        "nauc_ndcg_at_20_max": 0.263647,
        "nauc_ndcg_at_20_std": 0.249212,
        "nauc_ndcg_at_20_diff1": 0.126198,
        "nauc_ndcg_at_100_max": 0.275592,
        "nauc_ndcg_at_100_std": 0.287414,
        "nauc_ndcg_at_100_diff1": 0.1205,
        "nauc_ndcg_at_1000_max": 0.288335,
        "nauc_ndcg_at_1000_std": 0.306394,
        "nauc_ndcg_at_1000_diff1": 0.128749,
        "nauc_map_at_1_max": 0.220331,
        "nauc_map_at_1_std": 0.12526,
        "nauc_map_at_1_diff1": 0.20017,
        "nauc_map_at_3_max": 0.244197,
        "nauc_map_at_3_std": 0.157905,
        "nauc_map_at_3_diff1": 0.161215,
        "nauc_map_at_5_max": 0.26713,
        "nauc_map_at_5_std": 0.18114,
        "nauc_map_at_5_diff1": 0.16209,
        "nauc_map_at_10_max": 0.268249,
        "nauc_map_at_10_std": 0.206115,
        "nauc_map_at_10_diff1": 0.155216,
        "nauc_map_at_20_max": 0.269879,
        "nauc_map_at_20_std": 0.22311,
        "nauc_map_at_20_diff1": 0.15087,
        "nauc_map_at_100_max": 0.274488,
        "nauc_map_at_100_std": 0.239934,
        "nauc_map_at_100_diff1": 0.14727,
        "nauc_map_at_1000_max": 0.275205,
        "nauc_map_at_1000_std": 0.242594,
        "nauc_map_at_1000_diff1": 0.148038,
        "nauc_recall_at_1_max": 0.220331,
        "nauc_recall_at_1_std": 0.12526,
        "nauc_recall_at_1_diff1": 0.20017,
        "nauc_recall_at_3_max": 0.257882,
        "nauc_recall_at_3_std": 0.186887,
        "nauc_recall_at_3_diff1": 0.118921,
        "nauc_recall_at_5_max": 0.276366,
        "nauc_recall_at_5_std": 0.217565,
        "nauc_recall_at_5_diff1": 0.127684,
        "nauc_recall_at_10_max": 0.264234,
        "nauc_recall_at_10_std": 0.264016,
        "nauc_recall_at_10_diff1": 0.106997,
        "nauc_recall_at_20_max": 0.254842,
        "nauc_recall_at_20_std": 0.296623,
        "nauc_recall_at_20_diff1": 0.084062,
        "nauc_recall_at_100_max": 0.253893,
        "nauc_recall_at_100_std": 0.345698,
        "nauc_recall_at_100_diff1": 0.067081,
        "nauc_recall_at_1000_max": 0.264048,
        "nauc_recall_at_1000_std": 0.370246,
        "nauc_recall_at_1000_diff1": 0.077926,
        "nauc_precision_at_1_max": 0.217835,
        "nauc_precision_at_1_std": 0.131105,
        "nauc_precision_at_1_diff1": 0.196591,
        "nauc_precision_at_3_max": 0.257955,
        "nauc_precision_at_3_std": 0.192932,
        "nauc_precision_at_3_diff1": 0.116261,
        "nauc_precision_at_5_max": 0.278514,
        "nauc_precision_at_5_std": 0.223865,
        "nauc_precision_at_5_diff1": 0.126413,
        "nauc_precision_at_10_max": 0.268155,
        "nauc_precision_at_10_std": 0.270654,
        "nauc_precision_at_10_diff1": 0.10628,
        "nauc_precision_at_20_max": 0.258109,
        "nauc_precision_at_20_std": 0.302746,
        "nauc_precision_at_20_diff1": 0.083724,
        "nauc_precision_at_100_max": 0.256819,
        "nauc_precision_at_100_std": 0.350503,
        "nauc_precision_at_100_diff1": 0.066967,
        "nauc_precision_at_1000_max": 0.267895,
        "nauc_precision_at_1000_std": 0.369625,
        "nauc_precision_at_1000_diff1": 0.079884,
        "nauc_mrr_at_1_max": 0.217835,
        "nauc_mrr_at_1_std": 0.131105,
        "nauc_mrr_at_1_diff1": 0.196591,
        "nauc_mrr_at_3_max": 0.230483,
        "nauc_mrr_at_3_std": 0.171435,
        "nauc_mrr_at_3_diff1": 0.145039,
        "nauc_mrr_at_5_max": 0.229778,
        "nauc_mrr_at_5_std": 0.178396,
        "nauc_mrr_at_5_diff1": 0.147551,
        "nauc_mrr_at_10_max": 0.22881,
        "nauc_mrr_at_10_std": 0.185695,
        "nauc_mrr_at_10_diff1": 0.14474,
        "nauc_mrr_at_20_max": 0.230086,
        "nauc_mrr_at_20_std": 0.187486,
        "nauc_mrr_at_20_diff1": 0.141891,
        "nauc_mrr_at_100_max": 0.230793,
        "nauc_mrr_at_100_std": 0.188717,
        "nauc_mrr_at_100_diff1": 0.143001,
        "nauc_mrr_at_1000_max": 0.231019,
        "nauc_mrr_at_1000_std": 0.188498,
        "nauc_mrr_at_1000_diff1": 0.143378,
        "main_score": 0.12223,
        "hf_subset": "default",
        "languages": [
          "eng-Latn"
        ]
      }
    ]
  },
  "evaluation_time": 378.90554428100586,
  "kg_co2_emissions": null
}