{
  "dataset_revision": "0228b52cf27578f30900b9e5271d331663a030d7",
  "task_name": "SciFact",
  "mteb_version": "1.38.54",
  "scores": {
    "test": [
      {
        "ndcg_at_1": 0.42667,
        "ndcg_at_3": 0.49618,
        "ndcg_at_5": 0.51738,
        "ndcg_at_10": 0.54105,
        "ndcg_at_20": 0.55969,
        "ndcg_at_100": 0.582,
        "ndcg_at_1000": 0.59795,
        "map_at_1": 0.40317,
        "map_at_3": 0.46996,
        "map_at_5": 0.48356,
        "map_at_10": 0.49475,
        "map_at_20": 0.50054,
        "map_at_100": 0.50399,
        "map_at_1000": 0.50448,
        "recall_at_1": 0.40317,
        "recall_at_3": 0.5445,
        "recall_at_5": 0.59739,
        "recall_at_10": 0.66656,
        "recall_at_20": 0.73689,
        "recall_at_100": 0.852,
        "recall_at_1000": 0.98267,
        "precision_at_1": 0.42667,
        "precision_at_3": 0.19889,
        "precision_at_5": 0.13267,
        "precision_at_10": 0.07533,
        "precision_at_20": 0.042,
        "precision_at_100": 0.00967,
        "precision_at_1000": 0.00111,
        "mrr_at_1": 0.426667,
        "mrr_at_3": 0.490556,
        "mrr_at_5": 0.502389,
        "mrr_at_10": 0.510929,
        "mrr_at_20": 0.51535,
        "mrr_at_100": 0.518488,
        "mrr_at_1000": 0.51891,
        "nauc_ndcg_at_1_max": 0.505859,
        "nauc_ndcg_at_1_std": 0.124402,
        "nauc_ndcg_at_1_diff1": 0.702835,
        "nauc_ndcg_at_3_max": 0.461395,
        "nauc_ndcg_at_3_std": 0.11579,
        "nauc_ndcg_at_3_diff1": 0.647001,
        "nauc_ndcg_at_5_max": 0.458462,
        "nauc_ndcg_at_5_std": 0.145261,
        "nauc_ndcg_at_5_diff1": 0.636553,
        "nauc_ndcg_at_10_max": 0.495062,
        "nauc_ndcg_at_10_std": 0.164438,
        "nauc_ndcg_at_10_diff1": 0.64621,
        "nauc_ndcg_at_20_max": 0.502556,
        "nauc_ndcg_at_20_std": 0.162146,
        "nauc_ndcg_at_20_diff1": 0.64217,
        "nauc_ndcg_at_100_max": 0.489574,
        "nauc_ndcg_at_100_std": 0.164179,
        "nauc_ndcg_at_100_diff1": 0.635335,
        "nauc_ndcg_at_1000_max": 0.492783,
        "nauc_ndcg_at_1000_std": 0.159853,
        "nauc_ndcg_at_1000_diff1": 0.646432,
        "nauc_map_at_1_max": 0.446334,
        "nauc_map_at_1_std": 0.064288,
        "nauc_map_at_1_diff1": 0.704903,
        "nauc_map_at_3_max": 0.44967,
        "nauc_map_at_3_std": 0.092224,
        "nauc_map_at_3_diff1": 0.667852,
        "nauc_map_at_5_max": 0.453451,
        "nauc_map_at_5_std": 0.113858,
        "nauc_map_at_5_diff1": 0.660844,
        "nauc_map_at_10_max": 0.473345,
        "nauc_map_at_10_std": 0.126524,
        "nauc_map_at_10_diff1": 0.664,
        "nauc_map_at_20_max": 0.476163,
        "nauc_map_at_20_std": 0.126857,
        "nauc_map_at_20_diff1": 0.662493,
        "nauc_map_at_100_max": 0.474696,
        "nauc_map_at_100_std": 0.127468,
        "nauc_map_at_100_diff1": 0.661918,
        "nauc_map_at_1000_max": 0.474699,
        "nauc_map_at_1000_std": 0.127456,
        "nauc_map_at_1000_diff1": 0.66231,
        "nauc_recall_at_1_max": 0.446334,
        "nauc_recall_at_1_std": 0.064288,
        "nauc_recall_at_1_diff1": 0.704903,
        "nauc_recall_at_3_max": 0.423735,
        "nauc_recall_at_3_std": 0.105638,
        "nauc_recall_at_3_diff1": 0.598798,
        "nauc_recall_at_5_max": 0.419733,
        "nauc_recall_at_5_std": 0.18587,
        "nauc_recall_at_5_diff1": 0.565611,
        "nauc_recall_at_10_max": 0.527762,
        "nauc_recall_at_10_std": 0.244465,
        "nauc_recall_at_10_diff1": 0.595967,
        "nauc_recall_at_20_max": 0.566561,
        "nauc_recall_at_20_std": 0.240234,
        "nauc_recall_at_20_diff1": 0.57052,
        "nauc_recall_at_100_max": 0.462268,
        "nauc_recall_at_100_std": 0.302566,
        "nauc_recall_at_100_diff1": 0.450352,
        "nauc_recall_at_1000_max": 0.709581,
        "nauc_recall_at_1000_std": 0.505692,
        "nauc_recall_at_1000_diff1": 0.556938,
        "nauc_precision_at_1_max": 0.505859,
        "nauc_precision_at_1_std": 0.124402,
        "nauc_precision_at_1_diff1": 0.702835,
        "nauc_precision_at_3_max": 0.49196,
        "nauc_precision_at_3_std": 0.210057,
        "nauc_precision_at_3_diff1": 0.509263,
        "nauc_precision_at_5_max": 0.482731,
        "nauc_precision_at_5_std": 0.302133,
        "nauc_precision_at_5_diff1": 0.425545,
        "nauc_precision_at_10_max": 0.567714,
        "nauc_precision_at_10_std": 0.374456,
        "nauc_precision_at_10_diff1": 0.35934,
        "nauc_precision_at_20_max": 0.549882,
        "nauc_precision_at_20_std": 0.369196,
        "nauc_precision_at_20_diff1": 0.256316,
        "nauc_precision_at_100_max": 0.465186,
        "nauc_precision_at_100_std": 0.429154,
        "nauc_precision_at_100_diff1": 0.072265,
        "nauc_precision_at_1000_max": 0.405059,
        "nauc_precision_at_1000_std": 0.43897,
        "nauc_precision_at_1000_diff1": -0.124678,
        "nauc_mrr_at_1_max": 0.505859,
        "nauc_mrr_at_1_std": 0.124402,
        "nauc_mrr_at_1_diff1": 0.702835,
        "nauc_mrr_at_3_max": 0.496472,
        "nauc_mrr_at_3_std": 0.14814,
        "nauc_mrr_at_3_diff1": 0.6554,
        "nauc_mrr_at_5_max": 0.49454,
        "nauc_mrr_at_5_std": 0.164937,
        "nauc_mrr_at_5_diff1": 0.649779,
        "nauc_mrr_at_10_max": 0.50475,
        "nauc_mrr_at_10_std": 0.167216,
        "nauc_mrr_at_10_diff1": 0.654352,
        "nauc_mrr_at_20_max": 0.505406,
        "nauc_mrr_at_20_std": 0.165015,
        "nauc_mrr_at_20_diff1": 0.653729,
        "nauc_mrr_at_100_max": 0.503254,
        "nauc_mrr_at_100_std": 0.164538,
        "nauc_mrr_at_100_diff1": 0.653292,
        "nauc_mrr_at_1000_max": 0.503371,
        "nauc_mrr_at_1000_std": 0.164618,
        "nauc_mrr_at_1000_diff1": 0.65363,
        "main_score": 0.54105,
        "hf_subset": "default",
        "languages": [
          "eng-Latn"
        ]
      }
    ]
  },
  "evaluation_time": 103.5374047756195,
  "kg_co2_emissions": null
}