{
  "dataset_revision": "c22ab2a51041ffd869aaddef7af8d8215647e41a",
  "task_name": "ArguAna",
  "mteb_version": "1.38.54",
  "scores": {
    "test": [
      {
        "ndcg_at_1": 0.40256,
        "ndcg_at_3": 0.56501,
        "ndcg_at_5": 0.61122,
        "ndcg_at_10": 0.64848,
        "ndcg_at_20": 0.66192,
        "ndcg_at_100": 0.66741,
        "ndcg_at_1000": 0.66818,
        "map_at_1": 0.40256,
        "map_at_3": 0.52418,
        "map_at_5": 0.54979,
        "map_at_10": 0.56543,
        "map_at_20": 0.5692,
        "map_at_100": 0.57003,
        "map_at_1000": 0.57007,
        "recall_at_1": 0.40256,
        "recall_at_3": 0.6835,
        "recall_at_5": 0.79587,
        "recall_at_10": 0.90967,
        "recall_at_20": 0.9623,
        "recall_at_100": 0.99075,
        "recall_at_1000": 0.99644,
        "precision_at_1": 0.40256,
        "precision_at_3": 0.22783,
        "precision_at_5": 0.15917,
        "precision_at_10": 0.09097,
        "precision_at_20": 0.04812,
        "precision_at_100": 0.00991,
        "precision_at_1000": 0.001,
        "mrr_at_1": 0.407539,
        "mrr_at_3": 0.525723,
        "mrr_at_5": 0.55211,
        "mrr_at_10": 0.567513,
        "mrr_at_20": 0.571277,
        "mrr_at_100": 0.572113,
        "mrr_at_1000": 0.57215,
        "nauc_ndcg_at_1_max": -0.102323,
        "nauc_ndcg_at_1_std": -0.198274,
        "nauc_ndcg_at_1_diff1": 0.194417,
        "nauc_ndcg_at_3_max": -0.041182,
        "nauc_ndcg_at_3_std": -0.187311,
        "nauc_ndcg_at_3_diff1": 0.159743,
        "nauc_ndcg_at_5_max": -0.013387,
        "nauc_ndcg_at_5_std": -0.148795,
        "nauc_ndcg_at_5_diff1": 0.170226,
        "nauc_ndcg_at_10_max": -0.029004,
        "nauc_ndcg_at_10_std": -0.164109,
        "nauc_ndcg_at_10_diff1": 0.165103,
        "nauc_ndcg_at_20_max": -0.03912,
        "nauc_ndcg_at_20_std": -0.164577,
        "nauc_ndcg_at_20_diff1": 0.171275,
        "nauc_ndcg_at_100_max": -0.043338,
        "nauc_ndcg_at_100_std": -0.168048,
        "nauc_ndcg_at_100_diff1": 0.172501,
        "nauc_ndcg_at_1000_max": -0.046647,
        "nauc_ndcg_at_1000_std": -0.171448,
        "nauc_ndcg_at_1000_diff1": 0.170914,
        "nauc_map_at_1_max": -0.102323,
        "nauc_map_at_1_std": -0.198274,
        "nauc_map_at_1_diff1": 0.194417,
        "nauc_map_at_3_max": -0.058719,
        "nauc_map_at_3_std": -0.190151,
        "nauc_map_at_3_diff1": 0.166746,
        "nauc_map_at_5_max": -0.045857,
        "nauc_map_at_5_std": -0.171687,
        "nauc_map_at_5_diff1": 0.172584,
        "nauc_map_at_10_max": -0.05282,
        "nauc_map_at_10_std": -0.177692,
        "nauc_map_at_10_diff1": 0.170933,
        "nauc_map_at_20_max": -0.055479,
        "nauc_map_at_20_std": -0.177915,
        "nauc_map_at_20_diff1": 0.172296,
        "nauc_map_at_100_max": -0.055964,
        "nauc_map_at_100_std": -0.178549,
        "nauc_map_at_100_diff1": 0.172552,
        "nauc_map_at_1000_max": -0.056088,
        "nauc_map_at_1000_std": -0.178687,
        "nauc_map_at_1000_diff1": 0.172502,
        "nauc_recall_at_1_max": -0.102323,
        "nauc_recall_at_1_std": -0.198274,
        "nauc_recall_at_1_diff1": 0.194417,
        "nauc_recall_at_3_max": 0.020619,
        "nauc_recall_at_3_std": -0.177447,
        "nauc_recall_at_3_diff1": 0.136443,
        "nauc_recall_at_5_max": 0.145687,
        "nauc_recall_at_5_std": -0.031383,
        "nauc_recall_at_5_diff1": 0.163046,
        "nauc_recall_at_10_max": 0.19069,
        "nauc_recall_at_10_std": -0.03677,
        "nauc_recall_at_10_diff1": 0.111906,
        "nauc_recall_at_20_max": 0.257198,
        "nauc_recall_at_20_std": 0.125836,
        "nauc_recall_at_20_diff1": 0.191788,
        "nauc_recall_at_100_max": 0.598296,
        "nauc_recall_at_100_std": 0.656563,
        "nauc_recall_at_100_diff1": 0.362004,
        "nauc_recall_at_1000_max": 0.063433,
        "nauc_recall_at_1000_std": 0.423076,
        "nauc_recall_at_1000_diff1": -0.115433,
        "nauc_precision_at_1_max": -0.102323,
        "nauc_precision_at_1_std": -0.198274,
        "nauc_precision_at_1_diff1": 0.194417,
        "nauc_precision_at_3_max": 0.020619,
        "nauc_precision_at_3_std": -0.177447,
        "nauc_precision_at_3_diff1": 0.136443,
        "nauc_precision_at_5_max": 0.145687,
        "nauc_precision_at_5_std": -0.031383,
        "nauc_precision_at_5_diff1": 0.163046,
        "nauc_precision_at_10_max": 0.19069,
        "nauc_precision_at_10_std": -0.03677,
        "nauc_precision_at_10_diff1": 0.111906,
        "nauc_precision_at_20_max": 0.257198,
        "nauc_precision_at_20_std": 0.125836,
        "nauc_precision_at_20_diff1": 0.191788,
        "nauc_precision_at_100_max": 0.598296,
        "nauc_precision_at_100_std": 0.656563,
        "nauc_precision_at_100_diff1": 0.362004,
        "nauc_precision_at_1000_max": 0.063433,
        "nauc_precision_at_1000_std": 0.423076,
        "nauc_precision_at_1000_diff1": -0.115433,
        "nauc_mrr_at_1_max": -0.106815,
        "nauc_mrr_at_1_std": -0.199661,
        "nauc_mrr_at_1_diff1": 0.180981,
        "nauc_mrr_at_3_max": -0.070928,
        "nauc_mrr_at_3_std": -0.191164,
        "nauc_mrr_at_3_diff1": 0.149743,
        "nauc_mrr_at_5_max": -0.053653,
        "nauc_mrr_at_5_std": -0.172441,
        "nauc_mrr_at_5_diff1": 0.160243,
        "nauc_mrr_at_10_max": -0.062271,
        "nauc_mrr_at_10_std": -0.178712,
        "nauc_mrr_at_10_diff1": 0.156308,
        "nauc_mrr_at_20_max": -0.0651,
        "nauc_mrr_at_20_std": -0.178949,
        "nauc_mrr_at_20_diff1": 0.15743,
        "nauc_mrr_at_100_max": -0.065613,
        "nauc_mrr_at_100_std": -0.179587,
        "nauc_mrr_at_100_diff1": 0.157643,
        "nauc_mrr_at_1000_max": -0.065739,
        "nauc_mrr_at_1000_std": -0.179725,
        "nauc_mrr_at_1000_diff1": 0.157591,
        "main_score": 0.64848,
        "hf_subset": "default",
        "languages": [
          "eng-Latn"
        ]
      }
    ]
  },
  "evaluation_time": 11058.703481912613,
  "kg_co2_emissions": null
}