{
  "dataset_revision": "ad9991cb51e31e31e430383c75ffb2885547b5f0",
  "task_name": "CQADupstackEnglishRetrieval",
  "mteb_version": "1.38.54",
  "scores": {
    "test": [
      {
        "ndcg_at_1": 0.37643,
        "ndcg_at_3": 0.41087,
        "ndcg_at_5": 0.42677,
        "ndcg_at_10": 0.44677,
        "ndcg_at_20": 0.46256,
        "ndcg_at_100": 0.48623,
        "ndcg_at_1000": 0.5082,
        "map_at_1": 0.29391,
        "map_at_3": 0.36624,
        "map_at_5": 0.38092,
        "map_at_10": 0.39289,
        "map_at_20": 0.39906,
        "map_at_100": 0.40405,
        "map_at_1000": 0.40537,
        "recall_at_1": 0.29391,
        "recall_at_3": 0.42666,
        "recall_at_5": 0.47411,
        "recall_at_10": 0.53918,
        "recall_at_20": 0.59816,
        "recall_at_100": 0.70811,
        "recall_at_1000": 0.84855,
        "precision_at_1": 0.37643,
        "precision_at_3": 0.20085,
        "precision_at_5": 0.14,
        "precision_at_10": 0.08325,
        "precision_at_20": 0.04844,
        "precision_at_100": 0.01306,
        "precision_at_1000": 0.00179,
        "mrr_at_1": 0.376433,
        "mrr_at_3": 0.43397,
        "mrr_at_5": 0.444735,
        "mrr_at_10": 0.452776,
        "mrr_at_20": 0.456687,
        "mrr_at_100": 0.459056,
        "mrr_at_1000": 0.459599,
        "nauc_ndcg_at_1_max": 0.532523,
        "nauc_ndcg_at_1_std": 0.084995,
        "nauc_ndcg_at_1_diff1": 0.620365,
        "nauc_ndcg_at_3_max": 0.493492,
        "nauc_ndcg_at_3_std": 0.069978,
        "nauc_ndcg_at_3_diff1": 0.570905,
        "nauc_ndcg_at_5_max": 0.490429,
        "nauc_ndcg_at_5_std": 0.072475,
        "nauc_ndcg_at_5_diff1": 0.563073,
        "nauc_ndcg_at_10_max": 0.490491,
        "nauc_ndcg_at_10_std": 0.074814,
        "nauc_ndcg_at_10_diff1": 0.554983,
        "nauc_ndcg_at_20_max": 0.494306,
        "nauc_ndcg_at_20_std": 0.085768,
        "nauc_ndcg_at_20_diff1": 0.555599,
        "nauc_ndcg_at_100_max": 0.501799,
        "nauc_ndcg_at_100_std": 0.100705,
        "nauc_ndcg_at_100_diff1": 0.552745,
        "nauc_ndcg_at_1000_max": 0.508531,
        "nauc_ndcg_at_1000_std": 0.113422,
        "nauc_ndcg_at_1000_diff1": 0.557623,
        "nauc_map_at_1_max": 0.428598,
        "nauc_map_at_1_std": 0.016029,
        "nauc_map_at_1_diff1": 0.635834,
        "nauc_map_at_3_max": 0.463751,
        "nauc_map_at_3_std": 0.033344,
        "nauc_map_at_3_diff1": 0.591122,
        "nauc_map_at_5_max": 0.471151,
        "nauc_map_at_5_std": 0.042793,
        "nauc_map_at_5_diff1": 0.584132,
        "nauc_map_at_10_max": 0.477414,
        "nauc_map_at_10_std": 0.049784,
        "nauc_map_at_10_diff1": 0.579691,
        "nauc_map_at_20_max": 0.481194,
        "nauc_map_at_20_std": 0.056352,
        "nauc_map_at_20_diff1": 0.578934,
        "nauc_map_at_100_max": 0.485882,
        "nauc_map_at_100_std": 0.062321,
        "nauc_map_at_100_diff1": 0.577935,
        "nauc_map_at_1000_max": 0.486721,
        "nauc_map_at_1000_std": 0.063864,
        "nauc_map_at_1000_diff1": 0.578233,
        "nauc_recall_at_1_max": 0.428598,
        "nauc_recall_at_1_std": 0.016029,
        "nauc_recall_at_1_diff1": 0.635834,
        "nauc_recall_at_3_max": 0.433994,
        "nauc_recall_at_3_std": 0.033376,
        "nauc_recall_at_3_diff1": 0.537047,
        "nauc_recall_at_5_max": 0.430736,
        "nauc_recall_at_5_std": 0.054335,
        "nauc_recall_at_5_diff1": 0.50448,
        "nauc_recall_at_10_max": 0.430897,
        "nauc_recall_at_10_std": 0.062986,
        "nauc_recall_at_10_diff1": 0.466997,
        "nauc_recall_at_20_max": 0.440969,
        "nauc_recall_at_20_std": 0.106405,
        "nauc_recall_at_20_diff1": 0.45617,
        "nauc_recall_at_100_max": 0.457428,
        "nauc_recall_at_100_std": 0.188252,
        "nauc_recall_at_100_diff1": 0.417381,
        "nauc_recall_at_1000_max": 0.523737,
        "nauc_recall_at_1000_std": 0.391287,
        "nauc_recall_at_1000_diff1": 0.410639,
        "nauc_precision_at_1_max": 0.532523,
        "nauc_precision_at_1_std": 0.084995,
        "nauc_precision_at_1_diff1": 0.620365,
        "nauc_precision_at_3_max": 0.487842,
        "nauc_precision_at_3_std": 0.142371,
        "nauc_precision_at_3_diff1": 0.37181,
        "nauc_precision_at_5_max": 0.465769,
        "nauc_precision_at_5_std": 0.172077,
        "nauc_precision_at_5_diff1": 0.288756,
        "nauc_precision_at_10_max": 0.439768,
        "nauc_precision_at_10_std": 0.213486,
        "nauc_precision_at_10_diff1": 0.199339,
        "nauc_precision_at_20_max": 0.418622,
        "nauc_precision_at_20_std": 0.270301,
        "nauc_precision_at_20_diff1": 0.128021,
        "nauc_precision_at_100_max": 0.333815,
        "nauc_precision_at_100_std": 0.315646,
        "nauc_precision_at_100_diff1": 0.001527,
        "nauc_precision_at_1000_max": 0.204617,
        "nauc_precision_at_1000_std": 0.296612,
        "nauc_precision_at_1000_diff1": -0.072213,
        "nauc_mrr_at_1_max": 0.532523,
        "nauc_mrr_at_1_std": 0.084995,
        "nauc_mrr_at_1_diff1": 0.620365,
        "nauc_mrr_at_3_max": 0.524914,
        "nauc_mrr_at_3_std": 0.0951,
        "nauc_mrr_at_3_diff1": 0.582107,
        "nauc_mrr_at_5_max": 0.522944,
        "nauc_mrr_at_5_std": 0.097302,
        "nauc_mrr_at_5_diff1": 0.576711,
        "nauc_mrr_at_10_max": 0.521903,
        "nauc_mrr_at_10_std": 0.098199,
        "nauc_mrr_at_10_diff1": 0.572585,
        "nauc_mrr_at_20_max": 0.522923,
        "nauc_mrr_at_20_std": 0.100122,
        "nauc_mrr_at_20_diff1": 0.573187,
        "nauc_mrr_at_100_max": 0.523232,
        "nauc_mrr_at_100_std": 0.10133,
        "nauc_mrr_at_100_diff1": 0.573267,
        "nauc_mrr_at_1000_max": 0.523365,
        "nauc_mrr_at_1000_std": 0.101556,
        "nauc_mrr_at_1000_diff1": 0.573469,
        "main_score": 0.44677,
        "hf_subset": "default",
        "languages": [
          "eng-Latn"
        ]
      }
    ]
  },
  "evaluation_time": 17236.478074789047,
  "kg_co2_emissions": null
}