{
  "dataset_revision": "ec0fa4fe99da2ff19ca1214b7966684033a58814",
  "task_name": "NFCorpus",
  "mteb_version": "1.38.54",
  "scores": {
    "test": [
      {
        "ndcg_at_1": 0.33901,
        "ndcg_at_3": 0.30208,
        "ndcg_at_5": 0.28274,
        "ndcg_at_10": 0.25909,
        "ndcg_at_20": 0.24563,
        "ndcg_at_100": 0.24986,
        "ndcg_at_1000": 0.34371,
        "map_at_1": 0.0294,
        "map_at_3": 0.05571,
        "map_at_5": 0.0674,
        "map_at_10": 0.08091,
        "map_at_20": 0.09256,
        "map_at_100": 0.10804,
        "map_at_1000": 0.1213,
        "recall_at_1": 0.0294,
        "recall_at_3": 0.06842,
        "recall_at_5": 0.09046,
        "recall_at_10": 0.12031,
        "recall_at_20": 0.1672,
        "recall_at_100": 0.28141,
        "recall_at_1000": 0.61023,
        "precision_at_1": 0.35294,
        "precision_at_3": 0.28999,
        "precision_at_5": 0.25201,
        "precision_at_10": 0.20093,
        "precision_at_20": 0.15217,
        "precision_at_100": 0.06802,
        "precision_at_1000": 0.01975,
        "mrr_at_1": 0.352941,
        "mrr_at_3": 0.420021,
        "mrr_at_5": 0.429309,
        "mrr_at_10": 0.443559,
        "mrr_at_20": 0.448588,
        "mrr_at_100": 0.451361,
        "mrr_at_1000": 0.451828,
        "nauc_ndcg_at_1_max": 0.351471,
        "nauc_ndcg_at_1_std": 0.239323,
        "nauc_ndcg_at_1_diff1": 0.299806,
        "nauc_ndcg_at_3_max": 0.346684,
        "nauc_ndcg_at_3_std": 0.22557,
        "nauc_ndcg_at_3_diff1": 0.219639,
        "nauc_ndcg_at_5_max": 0.34439,
        "nauc_ndcg_at_5_std": 0.232438,
        "nauc_ndcg_at_5_diff1": 0.20066,
        "nauc_ndcg_at_10_max": 0.377614,
        "nauc_ndcg_at_10_std": 0.264353,
        "nauc_ndcg_at_10_diff1": 0.191038,
        "nauc_ndcg_at_20_max": 0.373448,
        "nauc_ndcg_at_20_std": 0.287164,
        "nauc_ndcg_at_20_diff1": 0.184859,
        "nauc_ndcg_at_100_max": 0.405626,
        "nauc_ndcg_at_100_std": 0.331752,
        "nauc_ndcg_at_100_diff1": 0.210455,
        "nauc_ndcg_at_1000_max": 0.457913,
        "nauc_ndcg_at_1000_std": 0.378468,
        "nauc_ndcg_at_1000_diff1": 0.213636,
        "nauc_map_at_1_max": 0.292396,
        "nauc_map_at_1_std": 0.072463,
        "nauc_map_at_1_diff1": 0.320997,
        "nauc_map_at_3_max": 0.257023,
        "nauc_map_at_3_std": 0.042349,
        "nauc_map_at_3_diff1": 0.267849,
        "nauc_map_at_5_max": 0.271219,
        "nauc_map_at_5_std": 0.085489,
        "nauc_map_at_5_diff1": 0.240744,
        "nauc_map_at_10_max": 0.310692,
        "nauc_map_at_10_std": 0.133259,
        "nauc_map_at_10_diff1": 0.232986,
        "nauc_map_at_20_max": 0.321645,
        "nauc_map_at_20_std": 0.170412,
        "nauc_map_at_20_diff1": 0.225489,
        "nauc_map_at_100_max": 0.339426,
        "nauc_map_at_100_std": 0.211523,
        "nauc_map_at_100_diff1": 0.210247,
        "nauc_map_at_1000_max": 0.345922,
        "nauc_map_at_1000_std": 0.236457,
        "nauc_map_at_1000_diff1": 0.199832,
        "nauc_recall_at_1_max": 0.292396,
        "nauc_recall_at_1_std": 0.072463,
        "nauc_recall_at_1_diff1": 0.320997,
        "nauc_recall_at_3_max": 0.219531,
        "nauc_recall_at_3_std": 0.024392,
        "nauc_recall_at_3_diff1": 0.191645,
        "nauc_recall_at_5_max": 0.208146,
        "nauc_recall_at_5_std": 0.06984,
        "nauc_recall_at_5_diff1": 0.131464,
        "nauc_recall_at_10_max": 0.254525,
        "nauc_recall_at_10_std": 0.130421,
        "nauc_recall_at_10_diff1": 0.136717,
        "nauc_recall_at_20_max": 0.189801,
        "nauc_recall_at_20_std": 0.126385,
        "nauc_recall_at_20_diff1": 0.11611,
        "nauc_recall_at_100_max": 0.191813,
        "nauc_recall_at_100_std": 0.185694,
        "nauc_recall_at_100_diff1": 0.086805,
        "nauc_recall_at_1000_max": 0.209649,
        "nauc_recall_at_1000_std": 0.204334,
        "nauc_recall_at_1000_diff1": 0.050179,
        "nauc_precision_at_1_max": 0.376539,
        "nauc_precision_at_1_std": 0.240046,
        "nauc_precision_at_1_diff1": 0.296429,
        "nauc_precision_at_3_max": 0.353322,
        "nauc_precision_at_3_std": 0.236552,
        "nauc_precision_at_3_diff1": 0.163407,
        "nauc_precision_at_5_max": 0.34319,
        "nauc_precision_at_5_std": 0.258905,
        "nauc_precision_at_5_diff1": 0.138945,
        "nauc_precision_at_10_max": 0.364837,
        "nauc_precision_at_10_std": 0.315753,
        "nauc_precision_at_10_diff1": 0.108409,
        "nauc_precision_at_20_max": 0.313461,
        "nauc_precision_at_20_std": 0.339679,
        "nauc_precision_at_20_diff1": 0.066224,
        "nauc_precision_at_100_max": 0.190449,
        "nauc_precision_at_100_std": 0.300947,
        "nauc_precision_at_100_diff1": -0.008776,
        "nauc_precision_at_1000_max": 0.070042,
        "nauc_precision_at_1000_std": 0.176195,
        "nauc_precision_at_1000_diff1": -0.037501,
        "nauc_mrr_at_1_max": 0.376539,
        "nauc_mrr_at_1_std": 0.240046,
        "nauc_mrr_at_1_diff1": 0.296429,
        "nauc_mrr_at_3_max": 0.410905,
        "nauc_mrr_at_3_std": 0.276238,
        "nauc_mrr_at_3_diff1": 0.256823,
        "nauc_mrr_at_5_max": 0.406414,
        "nauc_mrr_at_5_std": 0.273308,
        "nauc_mrr_at_5_diff1": 0.256245,
        "nauc_mrr_at_10_max": 0.419847,
        "nauc_mrr_at_10_std": 0.290467,
        "nauc_mrr_at_10_diff1": 0.265826,
        "nauc_mrr_at_20_max": 0.420428,
        "nauc_mrr_at_20_std": 0.290821,
        "nauc_mrr_at_20_diff1": 0.265308,
        "nauc_mrr_at_100_max": 0.421266,
        "nauc_mrr_at_100_std": 0.290432,
        "nauc_mrr_at_100_diff1": 0.265584,
        "nauc_mrr_at_1000_max": 0.42097,
        "nauc_mrr_at_1000_std": 0.290091,
        "nauc_mrr_at_1000_diff1": 0.265681,
        "main_score": 0.25909,
        "hf_subset": "default",
        "languages": [
          "eng-Latn"
        ]
      }
    ]
  },
  "evaluation_time": 3462.9015350341797,
  "kg_co2_emissions": null
}