{
  "dataset_revision": "f8c2fcf00f625baaa80f62ec5bd9e1fff3b8ae88",
  "task_name": "SCIDOCS",
  "mteb_version": "1.38.54",
  "scores": {
    "test": [
      {
        "ndcg_at_1": 0.159,
        "ndcg_at_3": 0.13131,
        "ndcg_at_5": 0.1192,
        "ndcg_at_10": 0.15008,
        "ndcg_at_20": 0.17942,
        "ndcg_at_100": 0.2396,
        "ndcg_at_1000": 0.30698,
        "map_at_1": 0.03215,
        "map_at_3": 0.05773,
        "map_at_5": 0.06982,
        "map_at_10": 0.08451,
        "map_at_20": 0.09428,
        "map_at_100": 0.10532,
        "map_at_1000": 0.10922,
        "recall_at_1": 0.03215,
        "recall_at_3": 0.0748,
        "recall_at_5": 0.10888,
        "recall_at_10": 0.16582,
        "recall_at_20": 0.2346,
        "recall_at_100": 0.43157,
        "recall_at_1000": 0.75985,
        "precision_at_1": 0.159,
        "precision_at_3": 0.12333,
        "precision_at_5": 0.1076,
        "precision_at_10": 0.0817,
        "precision_at_20": 0.0578,
        "precision_at_100": 0.02128,
        "precision_at_1000": 0.00375,
        "mrr_at_1": 0.159,
        "mrr_at_3": 0.217,
        "mrr_at_5": 0.2397,
        "mrr_at_10": 0.254142,
        "mrr_at_20": 0.26294,
        "mrr_at_100": 0.268566,
        "mrr_at_1000": 0.269229,
        "nauc_ndcg_at_1_max": 0.068974,
        "nauc_ndcg_at_1_std": 0.061387,
        "nauc_ndcg_at_1_diff1": 0.127874,
        "nauc_ndcg_at_3_max": 0.094495,
        "nauc_ndcg_at_3_std": 0.108757,
        "nauc_ndcg_at_3_diff1": 0.09533,
        "nauc_ndcg_at_5_max": 0.094827,
        "nauc_ndcg_at_5_std": 0.149532,
        "nauc_ndcg_at_5_diff1": 0.083394,
        "nauc_ndcg_at_10_max": 0.103747,
        "nauc_ndcg_at_10_std": 0.197097,
        "nauc_ndcg_at_10_diff1": 0.079771,
        "nauc_ndcg_at_20_max": 0.105918,
        "nauc_ndcg_at_20_std": 0.235028,
        "nauc_ndcg_at_20_diff1": 0.076925,
        "nauc_ndcg_at_100_max": 0.134549,
        "nauc_ndcg_at_100_std": 0.282637,
        "nauc_ndcg_at_100_diff1": 0.076169,
        "nauc_ndcg_at_1000_max": 0.140303,
        "nauc_ndcg_at_1000_std": 0.272555,
        "nauc_ndcg_at_1000_diff1": 0.073838,
        "nauc_map_at_1_max": 0.064369,
        "nauc_map_at_1_std": 0.05797,
        "nauc_map_at_1_diff1": 0.126373,
        "nauc_map_at_3_max": 0.082014,
        "nauc_map_at_3_std": 0.096842,
        "nauc_map_at_3_diff1": 0.098749,
        "nauc_map_at_5_max": 0.084117,
        "nauc_map_at_5_std": 0.129141,
        "nauc_map_at_5_diff1": 0.09072,
        "nauc_map_at_10_max": 0.089758,
        "nauc_map_at_10_std": 0.168001,
        "nauc_map_at_10_diff1": 0.088332,
        "nauc_map_at_20_max": 0.091302,
        "nauc_map_at_20_std": 0.193848,
        "nauc_map_at_20_diff1": 0.087153,
        "nauc_map_at_100_max": 0.100363,
        "nauc_map_at_100_std": 0.216334,
        "nauc_map_at_100_diff1": 0.084814,
        "nauc_map_at_1000_max": 0.102246,
        "nauc_map_at_1000_std": 0.217784,
        "nauc_map_at_1000_diff1": 0.08531,
        "nauc_recall_at_1_max": 0.064369,
        "nauc_recall_at_1_std": 0.05797,
        "nauc_recall_at_1_diff1": 0.126373,
        "nauc_recall_at_3_max": 0.1031,
        "nauc_recall_at_3_std": 0.124313,
        "nauc_recall_at_3_diff1": 0.083784,
        "nauc_recall_at_5_max": 0.099755,
        "nauc_recall_at_5_std": 0.187976,
        "nauc_recall_at_5_diff1": 0.062247,
        "nauc_recall_at_10_max": 0.107729,
        "nauc_recall_at_10_std": 0.251772,
        "nauc_recall_at_10_diff1": 0.054059,
        "nauc_recall_at_20_max": 0.10531,
        "nauc_recall_at_20_std": 0.31167,
        "nauc_recall_at_20_diff1": 0.049428,
        "nauc_recall_at_100_max": 0.158966,
        "nauc_recall_at_100_std": 0.379232,
        "nauc_recall_at_100_diff1": 0.046842,
        "nauc_recall_at_1000_max": 0.170662,
        "nauc_recall_at_1000_std": 0.338985,
        "nauc_recall_at_1000_diff1": 0.00987,
        "nauc_precision_at_1_max": 0.068974,
        "nauc_precision_at_1_std": 0.061387,
        "nauc_precision_at_1_diff1": 0.127874,
        "nauc_precision_at_3_max": 0.104883,
        "nauc_precision_at_3_std": 0.126612,
        "nauc_precision_at_3_diff1": 0.084705,
        "nauc_precision_at_5_max": 0.103111,
        "nauc_precision_at_5_std": 0.18982,
        "nauc_precision_at_5_diff1": 0.06402,
        "nauc_precision_at_10_max": 0.112866,
        "nauc_precision_at_10_std": 0.255849,
        "nauc_precision_at_10_diff1": 0.056986,
        "nauc_precision_at_20_max": 0.112206,
        "nauc_precision_at_20_std": 0.31614,
        "nauc_precision_at_20_diff1": 0.051864,
        "nauc_precision_at_100_max": 0.16558,
        "nauc_precision_at_100_std": 0.380152,
        "nauc_precision_at_100_diff1": 0.047378,
        "nauc_precision_at_1000_max": 0.180929,
        "nauc_precision_at_1000_std": 0.330219,
        "nauc_precision_at_1000_diff1": 0.014447,
        "nauc_mrr_at_1_max": 0.068974,
        "nauc_mrr_at_1_std": 0.061387,
        "nauc_mrr_at_1_diff1": 0.127874,
        "nauc_mrr_at_3_max": 0.096598,
        "nauc_mrr_at_3_std": 0.104273,
        "nauc_mrr_at_3_diff1": 0.101121,
        "nauc_mrr_at_5_max": 0.094072,
        "nauc_mrr_at_5_std": 0.123761,
        "nauc_mrr_at_5_diff1": 0.092191,
        "nauc_mrr_at_10_max": 0.09474,
        "nauc_mrr_at_10_std": 0.130076,
        "nauc_mrr_at_10_diff1": 0.090815,
        "nauc_mrr_at_20_max": 0.098175,
        "nauc_mrr_at_20_std": 0.133986,
        "nauc_mrr_at_20_diff1": 0.089856,
        "nauc_mrr_at_100_max": 0.09939,
        "nauc_mrr_at_100_std": 0.134001,
        "nauc_mrr_at_100_diff1": 0.090013,
        "nauc_mrr_at_1000_max": 0.099085,
        "nauc_mrr_at_1000_std": 0.13325,
        "nauc_mrr_at_1000_diff1": 0.090151,
        "main_score": 0.15008,
        "hf_subset": "default",
        "languages": [
          "eng-Latn"
        ]
      }
    ]
  },
  "evaluation_time": 5602.704760789871,
  "kg_co2_emissions": null
}