{
  "dataset_revision": "0228b52cf27578f30900b9e5271d331663a030d7",
  "task_name": "SciFact",
  "mteb_version": "1.38.54",
  "scores": {
    "test": [
      {
        "ndcg_at_1": 0.54333,
        "ndcg_at_3": 0.61415,
        "ndcg_at_5": 0.64656,
        "ndcg_at_10": 0.66793,
        "ndcg_at_20": 0.68236,
        "ndcg_at_100": 0.69755,
        "ndcg_at_1000": 0.70504,
        "map_at_1": 0.5155,
        "map_at_3": 0.58791,
        "map_at_5": 0.60991,
        "map_at_10": 0.62099,
        "map_at_20": 0.62546,
        "map_at_100": 0.62771,
        "map_at_1000": 0.62796,
        "recall_at_1": 0.5155,
        "recall_at_3": 0.66072,
        "recall_at_5": 0.74133,
        "recall_at_10": 0.80278,
        "recall_at_20": 0.85667,
        "recall_at_100": 0.93667,
        "recall_at_1000": 0.99667,
        "precision_at_1": 0.54333,
        "precision_at_3": 0.24444,
        "precision_at_5": 0.16667,
        "precision_at_10": 0.09167,
        "precision_at_20": 0.04917,
        "precision_at_100": 0.01067,
        "precision_at_1000": 0.00113,
        "mrr_at_1": 0.543333,
        "mrr_at_3": 0.605556,
        "mrr_at_5": 0.622722,
        "mrr_at_10": 0.629864,
        "mrr_at_20": 0.633424,
        "mrr_at_100": 0.63548,
        "mrr_at_1000": 0.635729,
        "nauc_ndcg_at_1_max": 0.547753,
        "nauc_ndcg_at_1_std": 0.019151,
        "nauc_ndcg_at_1_diff1": 0.690379,
        "nauc_ndcg_at_3_max": 0.606779,
        "nauc_ndcg_at_3_std": 0.037043,
        "nauc_ndcg_at_3_diff1": 0.666371,
        "nauc_ndcg_at_5_max": 0.602697,
        "nauc_ndcg_at_5_std": 0.040885,
        "nauc_ndcg_at_5_diff1": 0.670818,
        "nauc_ndcg_at_10_max": 0.611358,
        "nauc_ndcg_at_10_std": 0.062318,
        "nauc_ndcg_at_10_diff1": 0.658384,
        "nauc_ndcg_at_20_max": 0.614458,
        "nauc_ndcg_at_20_std": 0.080695,
        "nauc_ndcg_at_20_diff1": 0.662875,
        "nauc_ndcg_at_100_max": 0.611526,
        "nauc_ndcg_at_100_std": 0.065609,
        "nauc_ndcg_at_100_diff1": 0.666563,
        "nauc_ndcg_at_1000_max": 0.608787,
        "nauc_ndcg_at_1000_std": 0.063033,
        "nauc_ndcg_at_1000_diff1": 0.667003,
        "nauc_map_at_1_max": 0.507975,
        "nauc_map_at_1_std": -0.061471,
        "nauc_map_at_1_diff1": 0.704743,
        "nauc_map_at_3_max": 0.578804,
        "nauc_map_at_3_std": 0.00161,
        "nauc_map_at_3_diff1": 0.681536,
        "nauc_map_at_5_max": 0.580733,
        "nauc_map_at_5_std": 0.016435,
        "nauc_map_at_5_diff1": 0.681052,
        "nauc_map_at_10_max": 0.589353,
        "nauc_map_at_10_std": 0.034056,
        "nauc_map_at_10_diff1": 0.673776,
        "nauc_map_at_20_max": 0.590535,
        "nauc_map_at_20_std": 0.038973,
        "nauc_map_at_20_diff1": 0.674623,
        "nauc_map_at_100_max": 0.590237,
        "nauc_map_at_100_std": 0.036889,
        "nauc_map_at_100_diff1": 0.674599,
        "nauc_map_at_1000_max": 0.590203,
        "nauc_map_at_1000_std": 0.036898,
        "nauc_map_at_1000_diff1": 0.674637,
        "nauc_recall_at_1_max": 0.507975,
        "nauc_recall_at_1_std": -0.061471,
        "nauc_recall_at_1_diff1": 0.704743,
        "nauc_recall_at_3_max": 0.637929,
        "nauc_recall_at_3_std": 0.037681,
        "nauc_recall_at_3_diff1": 0.64608,
        "nauc_recall_at_5_max": 0.634005,
        "nauc_recall_at_5_std": 0.061157,
        "nauc_recall_at_5_diff1": 0.641559,
        "nauc_recall_at_10_max": 0.662681,
        "nauc_recall_at_10_std": 0.126652,
        "nauc_recall_at_10_diff1": 0.590092,
        "nauc_recall_at_20_max": 0.696024,
        "nauc_recall_at_20_std": 0.275914,
        "nauc_recall_at_20_diff1": 0.613857,
        "nauc_recall_at_100_max": 0.727382,
        "nauc_recall_at_100_std": 0.204457,
        "nauc_recall_at_100_diff1": 0.668067,
        "nauc_recall_at_1000_max": 1.0,
        "nauc_recall_at_1000_std": 0.722222,
        "nauc_recall_at_1000_diff1": 0.869281,
        "nauc_precision_at_1_max": 0.547753,
        "nauc_precision_at_1_std": 0.019151,
        "nauc_precision_at_1_diff1": 0.690379,
        "nauc_precision_at_3_max": 0.558874,
        "nauc_precision_at_3_std": 0.209397,
        "nauc_precision_at_3_diff1": 0.418242,
        "nauc_precision_at_5_max": 0.47815,
        "nauc_precision_at_5_std": 0.281856,
        "nauc_precision_at_5_diff1": 0.295377,
        "nauc_precision_at_10_max": 0.410012,
        "nauc_precision_at_10_std": 0.354148,
        "nauc_precision_at_10_diff1": 0.144043,
        "nauc_precision_at_20_max": 0.369875,
        "nauc_precision_at_20_std": 0.440907,
        "nauc_precision_at_20_diff1": 0.058516,
        "nauc_precision_at_100_max": 0.270458,
        "nauc_precision_at_100_std": 0.440696,
        "nauc_precision_at_100_diff1": -0.085052,
        "nauc_precision_at_1000_max": 0.154975,
        "nauc_precision_at_1000_std": 0.50997,
        "nauc_precision_at_1000_diff1": -0.278999,
        "nauc_mrr_at_1_max": 0.547753,
        "nauc_mrr_at_1_std": 0.019151,
        "nauc_mrr_at_1_diff1": 0.690379,
        "nauc_mrr_at_3_max": 0.610311,
        "nauc_mrr_at_3_std": 0.064511,
        "nauc_mrr_at_3_diff1": 0.666243,
        "nauc_mrr_at_5_max": 0.606109,
        "nauc_mrr_at_5_std": 0.062653,
        "nauc_mrr_at_5_diff1": 0.668023,
        "nauc_mrr_at_10_max": 0.604968,
        "nauc_mrr_at_10_std": 0.064907,
        "nauc_mrr_at_10_diff1": 0.665148,
        "nauc_mrr_at_20_max": 0.605154,
        "nauc_mrr_at_20_std": 0.067445,
        "nauc_mrr_at_20_diff1": 0.666549,
        "nauc_mrr_at_100_max": 0.604701,
        "nauc_mrr_at_100_std": 0.065701,
        "nauc_mrr_at_100_diff1": 0.666747,
        "nauc_mrr_at_1000_max": 0.604678,
        "nauc_mrr_at_1000_std": 0.065736,
        "nauc_mrr_at_1000_diff1": 0.666779,
        "main_score": 0.66793,
        "hf_subset": "default",
        "languages": [
          "eng-Latn"
        ]
      }
    ]
  },
  "evaluation_time": 1777.236525774002,
  "kg_co2_emissions": null
}