{
  "dataset_revision": "70970daeab8776df92f5ea462b6173c0b46fd2d1",
  "task_name": "TwitterSemEval2015",
  "mteb_version": "1.38.54",
  "scores": {
    "test": [
      {
        "similarity_accuracy": 0.819098,
        "similarity_accuracy_threshold": 0.834856,
        "similarity_f1": 0.568054,
        "similarity_f1_threshold": 0.750044,
        "similarity_precision": 0.476012,
        "similarity_recall": 0.704222,
        "similarity_ap": 0.597743,
        "cosine_accuracy": 0.819098,
        "cosine_accuracy_threshold": 0.834856,
        "cosine_f1": 0.568054,
        "cosine_f1_threshold": 0.750044,
        "cosine_precision": 0.476012,
        "cosine_recall": 0.704222,
        "cosine_ap": 0.597743,
        "manhattan_accuracy": 0.817786,
        "manhattan_accuracy_threshold": 3.698306,
        "manhattan_f1": 0.568809,
        "manhattan_f1_threshold": 4.469153,
        "manhattan_precision": 0.493501,
        "manhattan_recall": 0.67124,
        "manhattan_ap": 0.591443,
        "euclidean_accuracy": 0.819634,
        "euclidean_accuracy_threshold": 0.291759,
        "euclidean_f1": 0.576587,
        "euclidean_f1_threshold": 0.34999,
        "euclidean_precision": 0.516163,
        "euclidean_recall": 0.653034,
        "euclidean_ap": 0.598419,
        "dot_accuracy": 0.798414,
        "dot_accuracy_threshold": 0.227051,
        "dot_f1": 0.530586,
        "dot_f1_threshold": 0.195469,
        "dot_precision": 0.448805,
        "dot_recall": 0.648813,
        "dot_ap": 0.526449,
        "max_accuracy": 0.819634,
        "max_f1": 0.576587,
        "max_precision": 0.516163,
        "max_recall": 0.704222,
        "max_ap": 0.598419,
        "main_score": 0.598419,
        "hf_subset": "default",
        "languages": [
          "eng-Latn"
        ]
      }
    ]
  },
  "evaluation_time": 1834.223461151123,
  "kg_co2_emissions": null
}