{
    "AmazonCounterfactualClassification": {
        "AmazonCounterfactualClassification": 76.71664167916042,
        "AmazonReviewsClassification": 45.41799999999999,
        "Banking77Classification": 75.02597402597402,
        "EmotionClassification": 53.32,
        "ImdbClassification": 80.52040000000001,
        "MTOPDomainClassification": 86.06019151846786,
        "MTOPIntentClassification": 58.305973552211576,
        "MassiveIntentClassification": 62.39071956960323,
        "MassiveScenarioClassification": 64.48217888365836,
        "ToxicConversationsClassification": 68.2470703125,
        "TweetSentimentExtractionClassification": 61.48839841539332,
        "BiorxivClusteringS2S": 30.01081075075748,
        "MedrxivClusteringS2S": 29.54083044571752,
        "TwentyNewsgroupsClustering": 32.02467380610114,
        "SprintDuplicateQuestions": 91.7383759973068,
        "TwitterSemEval2015": 70.62937139486435,
        "TwitterURLCorpus": 85.59372084825091,
        "AskUbuntuDupQuestions": 57.469091189127234,
        "SciDocsRR": 76.66475918981591,
        "StackOverflowDupQuestions": 49.349221661625734,
        "BIOSSES": 79.27530031739988,
        "SICK-R": 79.9134507971281,
        "STS12": 72.42702178218657,
        "STS13": 83.64483840783052,
        "STS14": 77.71248937099865,
        "STS15": 86.43509378431554,
        "STS16": 83.37770127715412,
        "STS17": 65.48685309253803,
        "STSBenchmark": 83.98624638251316,
        "SummEval": 31.291463275268548,
        "ArguAna": 55.379999999999995,
        "CQADupstackEnglishRetrieval": 39.943,
        "NFCorpus": 28.9
    }
}