{
  "dataset_revision": "c22ab2a51041ffd869aaddef7af8d8215647e41a",
  "task_name": "ArguAna",
  "mteb_version": "1.38.54",
  "scores": {
    "test": [
      {
        "ndcg_at_1": 0.37553,
        "ndcg_at_3": 0.54011,
        "ndcg_at_5": 0.58612,
        "ndcg_at_10": 0.62081,
        "ndcg_at_20": 0.63818,
        "ndcg_at_100": 0.64642,
        "ndcg_at_1000": 0.64758,
        "map_at_1": 0.37553,
        "map_at_3": 0.49858,
        "map_at_5": 0.52411,
        "map_at_10": 0.53882,
        "map_at_20": 0.54383,
        "map_at_100": 0.54503,
        "map_at_1000": 0.54508,
        "recall_at_1": 0.37553,
        "recall_at_3": 0.66074,
        "recall_at_5": 0.7724,
        "recall_at_10": 0.87767,
        "recall_at_20": 0.94452,
        "recall_at_100": 0.98791,
        "recall_at_1000": 0.99644,
        "precision_at_1": 0.37553,
        "precision_at_3": 0.22025,
        "precision_at_5": 0.15448,
        "precision_at_10": 0.08777,
        "precision_at_20": 0.04723,
        "precision_at_100": 0.00988,
        "precision_at_1000": 0.001,
        "mrr_at_1": 0.380512,
        "mrr_at_3": 0.500356,
        "mrr_at_5": 0.52596,
        "mrr_at_10": 0.540602,
        "mrr_at_20": 0.545547,
        "mrr_at_100": 0.54675,
        "mrr_at_1000": 0.546803,
        "nauc_ndcg_at_1_max": -0.034162,
        "nauc_ndcg_at_1_std": -0.047189,
        "nauc_ndcg_at_1_diff1": 0.148026,
        "nauc_ndcg_at_3_max": -0.016537,
        "nauc_ndcg_at_3_std": -0.046666,
        "nauc_ndcg_at_3_diff1": 0.092502,
        "nauc_ndcg_at_5_max": -0.008038,
        "nauc_ndcg_at_5_std": -0.049165,
        "nauc_ndcg_at_5_diff1": 0.09903,
        "nauc_ndcg_at_10_max": 0.000963,
        "nauc_ndcg_at_10_std": -0.026271,
        "nauc_ndcg_at_10_diff1": 0.112712,
        "nauc_ndcg_at_20_max": 0.006045,
        "nauc_ndcg_at_20_std": -0.024719,
        "nauc_ndcg_at_20_diff1": 0.122182,
        "nauc_ndcg_at_100_max": -0.004546,
        "nauc_ndcg_at_100_std": -0.031909,
        "nauc_ndcg_at_100_diff1": 0.118477,
        "nauc_ndcg_at_1000_max": -0.006392,
        "nauc_ndcg_at_1000_std": -0.034063,
        "nauc_ndcg_at_1000_diff1": 0.117161,
        "nauc_map_at_1_max": -0.034162,
        "nauc_map_at_1_std": -0.047189,
        "nauc_map_at_1_diff1": 0.148026,
        "nauc_map_at_3_max": -0.021364,
        "nauc_map_at_3_std": -0.045554,
        "nauc_map_at_3_diff1": 0.106342,
        "nauc_map_at_5_max": -0.017012,
        "nauc_map_at_5_std": -0.047413,
        "nauc_map_at_5_diff1": 0.110995,
        "nauc_map_at_10_max": -0.013805,
        "nauc_map_at_10_std": -0.039243,
        "nauc_map_at_10_diff1": 0.116481,
        "nauc_map_at_20_max": -0.012734,
        "nauc_map_at_20_std": -0.039101,
        "nauc_map_at_20_diff1": 0.118819,
        "nauc_map_at_100_max": -0.0138,
        "nauc_map_at_100_std": -0.039854,
        "nauc_map_at_100_diff1": 0.118499,
        "nauc_map_at_1000_max": -0.013868,
        "nauc_map_at_1000_std": -0.039919,
        "nauc_map_at_1000_diff1": 0.118443,
        "nauc_recall_at_1_max": -0.034162,
        "nauc_recall_at_1_std": -0.047189,
        "nauc_recall_at_1_diff1": 0.148026,
        "nauc_recall_at_3_max": -0.000144,
        "nauc_recall_at_3_std": -0.051025,
        "nauc_recall_at_3_diff1": 0.046141,
        "nauc_recall_at_5_max": 0.032497,
        "nauc_recall_at_5_std": -0.056939,
        "nauc_recall_at_5_diff1": 0.047828,
        "nauc_recall_at_10_max": 0.117651,
        "nauc_recall_at_10_std": 0.090255,
        "nauc_recall_at_10_diff1": 0.099897,
        "nauc_recall_at_20_max": 0.332499,
        "nauc_recall_at_20_std": 0.250849,
        "nauc_recall_at_20_diff1": 0.241308,
        "nauc_recall_at_100_max": 0.352162,
        "nauc_recall_at_100_std": 0.477292,
        "nauc_recall_at_100_diff1": 0.257498,
        "nauc_recall_at_1000_max": 0.323886,
        "nauc_recall_at_1000_std": 0.621346,
        "nauc_recall_at_1000_diff1": -0.013939,
        "nauc_precision_at_1_max": -0.034162,
        "nauc_precision_at_1_std": -0.047189,
        "nauc_precision_at_1_diff1": 0.148026,
        "nauc_precision_at_3_max": -0.000144,
        "nauc_precision_at_3_std": -0.051025,
        "nauc_precision_at_3_diff1": 0.046141,
        "nauc_precision_at_5_max": 0.032497,
        "nauc_precision_at_5_std": -0.056939,
        "nauc_precision_at_5_diff1": 0.047828,
        "nauc_precision_at_10_max": 0.117651,
        "nauc_precision_at_10_std": 0.090255,
        "nauc_precision_at_10_diff1": 0.099897,
        "nauc_precision_at_20_max": 0.332499,
        "nauc_precision_at_20_std": 0.250849,
        "nauc_precision_at_20_diff1": 0.241308,
        "nauc_precision_at_100_max": 0.352162,
        "nauc_precision_at_100_std": 0.477292,
        "nauc_precision_at_100_diff1": 0.257498,
        "nauc_precision_at_1000_max": 0.323886,
        "nauc_precision_at_1000_std": 0.621346,
        "nauc_precision_at_1000_diff1": -0.013939,
        "nauc_mrr_at_1_max": -0.039334,
        "nauc_mrr_at_1_std": -0.053126,
        "nauc_mrr_at_1_diff1": 0.133821,
        "nauc_mrr_at_3_max": -0.030248,
        "nauc_mrr_at_3_std": -0.049205,
        "nauc_mrr_at_3_diff1": 0.091716,
        "nauc_mrr_at_5_max": -0.024858,
        "nauc_mrr_at_5_std": -0.049268,
        "nauc_mrr_at_5_diff1": 0.096822,
        "nauc_mrr_at_10_max": -0.022417,
        "nauc_mrr_at_10_std": -0.041684,
        "nauc_mrr_at_10_diff1": 0.1018,
        "nauc_mrr_at_20_max": -0.021711,
        "nauc_mrr_at_20_std": -0.041846,
        "nauc_mrr_at_20_diff1": 0.10389,
        "nauc_mrr_at_100_max": -0.022812,
        "nauc_mrr_at_100_std": -0.042609,
        "nauc_mrr_at_100_diff1": 0.103509,
        "nauc_mrr_at_1000_max": -0.022881,
        "nauc_mrr_at_1000_std": -0.042674,
        "nauc_mrr_at_1000_diff1": 0.103451,
        "main_score": 0.62081,
        "hf_subset": "default",
        "languages": [
          "eng-Latn"
        ]
      }
    ]
  },
  "evaluation_time": 105.93215322494507,
  "kg_co2_emissions": null
}