{
  "dataset_revision": "ad9991cb51e31e31e430383c75ffb2885547b5f0",
  "task_name": "CQADupstackEnglishRetrieval",
  "mteb_version": "1.38.54",
  "scores": {
    "test": [
      {
        "ndcg_at_1": 0.36051,
        "ndcg_at_3": 0.39488,
        "ndcg_at_5": 0.41379,
        "ndcg_at_10": 0.43386,
        "ndcg_at_20": 0.45107,
        "ndcg_at_100": 0.47749,
        "ndcg_at_1000": 0.50054,
        "map_at_1": 0.28936,
        "map_at_3": 0.35299,
        "map_at_5": 0.36935,
        "map_at_10": 0.38123,
        "map_at_20": 0.38758,
        "map_at_100": 0.39309,
        "map_at_1000": 0.39438,
        "recall_at_1": 0.28936,
        "recall_at_3": 0.40857,
        "recall_at_5": 0.46286,
        "recall_at_10": 0.52563,
        "recall_at_20": 0.58885,
        "recall_at_100": 0.70972,
        "recall_at_1000": 0.86013,
        "precision_at_1": 0.36051,
        "precision_at_3": 0.18875,
        "precision_at_5": 0.13376,
        "precision_at_10": 0.08121,
        "precision_at_20": 0.04809,
        "precision_at_100": 0.01329,
        "precision_at_1000": 0.00183,
        "mrr_at_1": 0.36051,
        "mrr_at_3": 0.415605,
        "mrr_at_5": 0.428503,
        "mrr_at_10": 0.43718,
        "mrr_at_20": 0.441632,
        "mrr_at_100": 0.444396,
        "mrr_at_1000": 0.444897,
        "nauc_ndcg_at_1_max": 0.397455,
        "nauc_ndcg_at_1_std": 0.112622,
        "nauc_ndcg_at_1_diff1": 0.561334,
        "nauc_ndcg_at_3_max": 0.366346,
        "nauc_ndcg_at_3_std": 0.100941,
        "nauc_ndcg_at_3_diff1": 0.511127,
        "nauc_ndcg_at_5_max": 0.35629,
        "nauc_ndcg_at_5_std": 0.108582,
        "nauc_ndcg_at_5_diff1": 0.504542,
        "nauc_ndcg_at_10_max": 0.355503,
        "nauc_ndcg_at_10_std": 0.111968,
        "nauc_ndcg_at_10_diff1": 0.498182,
        "nauc_ndcg_at_20_max": 0.356155,
        "nauc_ndcg_at_20_std": 0.122603,
        "nauc_ndcg_at_20_diff1": 0.495089,
        "nauc_ndcg_at_100_max": 0.359909,
        "nauc_ndcg_at_100_std": 0.134865,
        "nauc_ndcg_at_100_diff1": 0.492513,
        "nauc_ndcg_at_1000_max": 0.367779,
        "nauc_ndcg_at_1000_std": 0.145713,
        "nauc_ndcg_at_1000_diff1": 0.494409,
        "nauc_map_at_1_max": 0.303004,
        "nauc_map_at_1_std": 0.05682,
        "nauc_map_at_1_diff1": 0.576665,
        "nauc_map_at_3_max": 0.329034,
        "nauc_map_at_3_std": 0.07139,
        "nauc_map_at_3_diff1": 0.538512,
        "nauc_map_at_5_max": 0.332829,
        "nauc_map_at_5_std": 0.082666,
        "nauc_map_at_5_diff1": 0.531007,
        "nauc_map_at_10_max": 0.340666,
        "nauc_map_at_10_std": 0.088565,
        "nauc_map_at_10_diff1": 0.525855,
        "nauc_map_at_20_max": 0.344183,
        "nauc_map_at_20_std": 0.094906,
        "nauc_map_at_20_diff1": 0.523858,
        "nauc_map_at_100_max": 0.348817,
        "nauc_map_at_100_std": 0.10115,
        "nauc_map_at_100_diff1": 0.522277,
        "nauc_map_at_1000_max": 0.350003,
        "nauc_map_at_1000_std": 0.102653,
        "nauc_map_at_1000_diff1": 0.522102,
        "nauc_recall_at_1_max": 0.303004,
        "nauc_recall_at_1_std": 0.05682,
        "nauc_recall_at_1_diff1": 0.576665,
        "nauc_recall_at_3_max": 0.309819,
        "nauc_recall_at_3_std": 0.063616,
        "nauc_recall_at_3_diff1": 0.486321,
        "nauc_recall_at_5_max": 0.295416,
        "nauc_recall_at_5_std": 0.092324,
        "nauc_recall_at_5_diff1": 0.45372,
        "nauc_recall_at_10_max": 0.301594,
        "nauc_recall_at_10_std": 0.107371,
        "nauc_recall_at_10_diff1": 0.425248,
        "nauc_recall_at_20_max": 0.301425,
        "nauc_recall_at_20_std": 0.153175,
        "nauc_recall_at_20_diff1": 0.395771,
        "nauc_recall_at_100_max": 0.298216,
        "nauc_recall_at_100_std": 0.22148,
        "nauc_recall_at_100_diff1": 0.352162,
        "nauc_recall_at_1000_max": 0.349073,
        "nauc_recall_at_1000_std": 0.41523,
        "nauc_recall_at_1000_diff1": 0.317505,
        "nauc_precision_at_1_max": 0.397455,
        "nauc_precision_at_1_std": 0.112622,
        "nauc_precision_at_1_diff1": 0.561334,
        "nauc_precision_at_3_max": 0.401293,
        "nauc_precision_at_3_std": 0.164261,
        "nauc_precision_at_3_diff1": 0.336083,
        "nauc_precision_at_5_max": 0.389844,
        "nauc_precision_at_5_std": 0.197026,
        "nauc_precision_at_5_diff1": 0.263352,
        "nauc_precision_at_10_max": 0.385171,
        "nauc_precision_at_10_std": 0.232245,
        "nauc_precision_at_10_diff1": 0.159781,
        "nauc_precision_at_20_max": 0.372321,
        "nauc_precision_at_20_std": 0.276666,
        "nauc_precision_at_20_diff1": 0.07354,
        "nauc_precision_at_100_max": 0.328263,
        "nauc_precision_at_100_std": 0.325396,
        "nauc_precision_at_100_diff1": -0.056745,
        "nauc_precision_at_1000_max": 0.235683,
        "nauc_precision_at_1000_std": 0.302913,
        "nauc_precision_at_1000_diff1": -0.143811,
        "nauc_mrr_at_1_max": 0.397455,
        "nauc_mrr_at_1_std": 0.112622,
        "nauc_mrr_at_1_diff1": 0.561334,
        "nauc_mrr_at_3_max": 0.393173,
        "nauc_mrr_at_3_std": 0.113323,
        "nauc_mrr_at_3_diff1": 0.521078,
        "nauc_mrr_at_5_max": 0.389834,
        "nauc_mrr_at_5_std": 0.120853,
        "nauc_mrr_at_5_diff1": 0.515969,
        "nauc_mrr_at_10_max": 0.389758,
        "nauc_mrr_at_10_std": 0.122796,
        "nauc_mrr_at_10_diff1": 0.513619,
        "nauc_mrr_at_20_max": 0.389149,
        "nauc_mrr_at_20_std": 0.124159,
        "nauc_mrr_at_20_diff1": 0.51243,
        "nauc_mrr_at_100_max": 0.389218,
        "nauc_mrr_at_100_std": 0.124927,
        "nauc_mrr_at_100_diff1": 0.512721,
        "nauc_mrr_at_1000_max": 0.389373,
        "nauc_mrr_at_1000_std": 0.125097,
        "nauc_mrr_at_1000_diff1": 0.512861,
        "main_score": 0.43386,
        "hf_subset": "default",
        "languages": [
          "eng-Latn"
        ]
      }
    ]
  },
  "evaluation_time": 255.80321145057678,
  "kg_co2_emissions": null
}