{
  "dataset_revision": "ec0fa4fe99da2ff19ca1214b7966684033a58814",
  "task_name": "NFCorpus",
  "mteb_version": "1.38.54",
  "scores": {
    "test": [
      {
        "ndcg_at_1": 0.40248,
        "ndcg_at_3": 0.38832,
        "ndcg_at_5": 0.36835,
        "ndcg_at_10": 0.33815,
        "ndcg_at_20": 0.32019,
        "ndcg_at_100": 0.31752,
        "ndcg_at_1000": 0.40897,
        "map_at_1": 0.05629,
        "map_at_3": 0.09242,
        "map_at_5": 0.10827,
        "map_at_10": 0.12738,
        "map_at_20": 0.14214,
        "map_at_100": 0.16176,
        "map_at_1000": 0.17673,
        "recall_at_1": 0.05629,
        "recall_at_3": 0.10489,
        "recall_at_5": 0.13056,
        "recall_at_10": 0.16918,
        "recall_at_20": 0.2141,
        "recall_at_100": 0.33121,
        "recall_at_1000": 0.65642,
        "precision_at_1": 0.41486,
        "precision_at_3": 0.36945,
        "precision_at_5": 0.32136,
        "precision_at_10": 0.25046,
        "precision_at_20": 0.1887,
        "precision_at_100": 0.08093,
        "precision_at_1000": 0.02126,
        "mrr_at_1": 0.417957,
        "mrr_at_3": 0.496904,
        "mrr_at_5": 0.510062,
        "mrr_at_10": 0.519264,
        "mrr_at_20": 0.522887,
        "mrr_at_100": 0.525598,
        "mrr_at_1000": 0.525904,
        "nauc_ndcg_at_1_max": 0.476985,
        "nauc_ndcg_at_1_std": 0.165852,
        "nauc_ndcg_at_1_diff1": 0.392972,
        "nauc_ndcg_at_3_max": 0.49348,
        "nauc_ndcg_at_3_std": 0.206532,
        "nauc_ndcg_at_3_diff1": 0.301624,
        "nauc_ndcg_at_5_max": 0.488298,
        "nauc_ndcg_at_5_std": 0.217232,
        "nauc_ndcg_at_5_diff1": 0.28549,
        "nauc_ndcg_at_10_max": 0.461307,
        "nauc_ndcg_at_10_std": 0.229368,
        "nauc_ndcg_at_10_diff1": 0.256006,
        "nauc_ndcg_at_20_max": 0.429492,
        "nauc_ndcg_at_20_std": 0.221952,
        "nauc_ndcg_at_20_diff1": 0.255164,
        "nauc_ndcg_at_100_max": 0.443973,
        "nauc_ndcg_at_100_std": 0.246015,
        "nauc_ndcg_at_100_diff1": 0.280805,
        "nauc_ndcg_at_1000_max": 0.513085,
        "nauc_ndcg_at_1000_std": 0.320025,
        "nauc_ndcg_at_1000_diff1": 0.296895,
        "nauc_map_at_1_max": 0.2402,
        "nauc_map_at_1_std": -0.066556,
        "nauc_map_at_1_diff1": 0.540926,
        "nauc_map_at_3_max": 0.278981,
        "nauc_map_at_3_std": -0.032774,
        "nauc_map_at_3_diff1": 0.429429,
        "nauc_map_at_5_max": 0.300105,
        "nauc_map_at_5_std": -0.012435,
        "nauc_map_at_5_diff1": 0.394012,
        "nauc_map_at_10_max": 0.31495,
        "nauc_map_at_10_std": 0.031534,
        "nauc_map_at_10_diff1": 0.343993,
        "nauc_map_at_20_max": 0.326298,
        "nauc_map_at_20_std": 0.061011,
        "nauc_map_at_20_diff1": 0.329245,
        "nauc_map_at_100_max": 0.357541,
        "nauc_map_at_100_std": 0.117799,
        "nauc_map_at_100_diff1": 0.320661,
        "nauc_map_at_1000_max": 0.37108,
        "nauc_map_at_1000_std": 0.149539,
        "nauc_map_at_1000_diff1": 0.311009,
        "nauc_recall_at_1_max": 0.2402,
        "nauc_recall_at_1_std": -0.066556,
        "nauc_recall_at_1_diff1": 0.540926,
        "nauc_recall_at_3_max": 0.246614,
        "nauc_recall_at_3_std": -0.033987,
        "nauc_recall_at_3_diff1": 0.381637,
        "nauc_recall_at_5_max": 0.26327,
        "nauc_recall_at_5_std": -0.014217,
        "nauc_recall_at_5_diff1": 0.33675,
        "nauc_recall_at_10_max": 0.246028,
        "nauc_recall_at_10_std": 0.011562,
        "nauc_recall_at_10_diff1": 0.239849,
        "nauc_recall_at_20_max": 0.219368,
        "nauc_recall_at_20_std": 0.031008,
        "nauc_recall_at_20_diff1": 0.227516,
        "nauc_recall_at_100_max": 0.217662,
        "nauc_recall_at_100_std": 0.105191,
        "nauc_recall_at_100_diff1": 0.152606,
        "nauc_recall_at_1000_max": 0.22662,
        "nauc_recall_at_1000_std": 0.216765,
        "nauc_recall_at_1000_diff1": 0.148698,
        "nauc_precision_at_1_max": 0.477251,
        "nauc_precision_at_1_std": 0.189387,
        "nauc_precision_at_1_diff1": 0.384561,
        "nauc_precision_at_3_max": 0.482477,
        "nauc_precision_at_3_std": 0.25225,
        "nauc_precision_at_3_diff1": 0.183877,
        "nauc_precision_at_5_max": 0.461779,
        "nauc_precision_at_5_std": 0.278506,
        "nauc_precision_at_5_diff1": 0.126584,
        "nauc_precision_at_10_max": 0.413791,
        "nauc_precision_at_10_std": 0.317714,
        "nauc_precision_at_10_diff1": 0.047444,
        "nauc_precision_at_20_max": 0.346582,
        "nauc_precision_at_20_std": 0.328305,
        "nauc_precision_at_20_diff1": 0.003666,
        "nauc_precision_at_100_max": 0.257047,
        "nauc_precision_at_100_std": 0.372976,
        "nauc_precision_at_100_diff1": -0.046723,
        "nauc_precision_at_1000_max": 0.127383,
        "nauc_precision_at_1000_std": 0.270313,
        "nauc_precision_at_1000_diff1": -0.107793,
        "nauc_mrr_at_1_max": 0.476703,
        "nauc_mrr_at_1_std": 0.194428,
        "nauc_mrr_at_1_diff1": 0.376381,
        "nauc_mrr_at_3_max": 0.515261,
        "nauc_mrr_at_3_std": 0.248574,
        "nauc_mrr_at_3_diff1": 0.356575,
        "nauc_mrr_at_5_max": 0.519302,
        "nauc_mrr_at_5_std": 0.25083,
        "nauc_mrr_at_5_diff1": 0.358508,
        "nauc_mrr_at_10_max": 0.515527,
        "nauc_mrr_at_10_std": 0.255505,
        "nauc_mrr_at_10_diff1": 0.355721,
        "nauc_mrr_at_20_max": 0.515614,
        "nauc_mrr_at_20_std": 0.25784,
        "nauc_mrr_at_20_diff1": 0.35445,
        "nauc_mrr_at_100_max": 0.516659,
        "nauc_mrr_at_100_std": 0.258652,
        "nauc_mrr_at_100_diff1": 0.353538,
        "nauc_mrr_at_1000_max": 0.516516,
        "nauc_mrr_at_1000_std": 0.258367,
        "nauc_mrr_at_1000_diff1": 0.353678,
        "main_score": 0.33815,
        "hf_subset": "default",
        "languages": [
          "eng-Latn"
        ]
      }
    ]
  },
  "evaluation_time": 63.38525152206421,
  "kg_co2_emissions": null
}