{
  "dataset_revision": "f8c2fcf00f625baaa80f62ec5bd9e1fff3b8ae88",
  "task_name": "SCIDOCS",
  "mteb_version": "1.38.54",
  "scores": {
    "test": [
      {
        "ndcg_at_1": 0.23,
        "ndcg_at_3": 0.19483,
        "ndcg_at_5": 0.17048,
        "ndcg_at_10": 0.21152,
        "ndcg_at_20": 0.2428,
        "ndcg_at_100": 0.30381,
        "ndcg_at_1000": 0.36684,
        "map_at_1": 0.04635,
        "map_at_3": 0.087,
        "map_at_5": 0.10487,
        "map_at_10": 0.12567,
        "map_at_20": 0.13742,
        "map_at_100": 0.14987,
        "map_at_1000": 0.15388,
        "recall_at_1": 0.04635,
        "recall_at_3": 0.11243,
        "recall_at_5": 0.15367,
        "recall_at_10": 0.22875,
        "recall_at_20": 0.30178,
        "recall_at_100": 0.50013,
        "recall_at_1000": 0.80515,
        "precision_at_1": 0.23,
        "precision_at_3": 0.18467,
        "precision_at_5": 0.1514,
        "precision_at_10": 0.1128,
        "precision_at_20": 0.0745,
        "precision_at_100": 0.02466,
        "precision_at_1000": 0.00397,
        "mrr_at_1": 0.23,
        "mrr_at_3": 0.312667,
        "mrr_at_5": 0.331217,
        "mrr_at_10": 0.349073,
        "mrr_at_20": 0.355764,
        "mrr_at_100": 0.360512,
        "mrr_at_1000": 0.360959,
        "nauc_ndcg_at_1_max": 0.225604,
        "nauc_ndcg_at_1_std": 0.129894,
        "nauc_ndcg_at_1_diff1": 0.148723,
        "nauc_ndcg_at_3_max": 0.257241,
        "nauc_ndcg_at_3_std": 0.17313,
        "nauc_ndcg_at_3_diff1": 0.106679,
        "nauc_ndcg_at_5_max": 0.275716,
        "nauc_ndcg_at_5_std": 0.208732,
        "nauc_ndcg_at_5_diff1": 0.091236,
        "nauc_ndcg_at_10_max": 0.27869,
        "nauc_ndcg_at_10_std": 0.256626,
        "nauc_ndcg_at_10_diff1": 0.077215,
        "nauc_ndcg_at_20_max": 0.295214,
        "nauc_ndcg_at_20_std": 0.292477,
        "nauc_ndcg_at_20_diff1": 0.07778,
        "nauc_ndcg_at_100_max": 0.305706,
        "nauc_ndcg_at_100_std": 0.350002,
        "nauc_ndcg_at_100_diff1": 0.083439,
        "nauc_ndcg_at_1000_max": 0.301308,
        "nauc_ndcg_at_1000_std": 0.337831,
        "nauc_ndcg_at_1000_diff1": 0.081153,
        "nauc_map_at_1_max": 0.225674,
        "nauc_map_at_1_std": 0.131875,
        "nauc_map_at_1_diff1": 0.145058,
        "nauc_map_at_3_max": 0.266493,
        "nauc_map_at_3_std": 0.166173,
        "nauc_map_at_3_diff1": 0.108367,
        "nauc_map_at_5_max": 0.281416,
        "nauc_map_at_5_std": 0.197918,
        "nauc_map_at_5_diff1": 0.089864,
        "nauc_map_at_10_max": 0.279149,
        "nauc_map_at_10_std": 0.233798,
        "nauc_map_at_10_diff1": 0.070825,
        "nauc_map_at_20_max": 0.291817,
        "nauc_map_at_20_std": 0.260413,
        "nauc_map_at_20_diff1": 0.071671,
        "nauc_map_at_100_max": 0.297752,
        "nauc_map_at_100_std": 0.28501,
        "nauc_map_at_100_diff1": 0.074008,
        "nauc_map_at_1000_max": 0.297845,
        "nauc_map_at_1000_std": 0.285396,
        "nauc_map_at_1000_diff1": 0.073443,
        "nauc_recall_at_1_max": 0.225674,
        "nauc_recall_at_1_std": 0.131875,
        "nauc_recall_at_1_diff1": 0.145058,
        "nauc_recall_at_3_max": 0.263448,
        "nauc_recall_at_3_std": 0.190627,
        "nauc_recall_at_3_diff1": 0.082248,
        "nauc_recall_at_5_max": 0.282064,
        "nauc_recall_at_5_std": 0.238292,
        "nauc_recall_at_5_diff1": 0.060676,
        "nauc_recall_at_10_max": 0.272976,
        "nauc_recall_at_10_std": 0.310909,
        "nauc_recall_at_10_diff1": 0.035631,
        "nauc_recall_at_20_max": 0.292828,
        "nauc_recall_at_20_std": 0.36506,
        "nauc_recall_at_20_diff1": 0.03703,
        "nauc_recall_at_100_max": 0.275902,
        "nauc_recall_at_100_std": 0.470126,
        "nauc_recall_at_100_diff1": 0.04177,
        "nauc_recall_at_1000_max": 0.218724,
        "nauc_recall_at_1000_std": 0.456458,
        "nauc_recall_at_1000_diff1": 0.004589,
        "nauc_precision_at_1_max": 0.225604,
        "nauc_precision_at_1_std": 0.129894,
        "nauc_precision_at_1_diff1": 0.148723,
        "nauc_precision_at_3_max": 0.266877,
        "nauc_precision_at_3_std": 0.19148,
        "nauc_precision_at_3_diff1": 0.087207,
        "nauc_precision_at_5_max": 0.286418,
        "nauc_precision_at_5_std": 0.238043,
        "nauc_precision_at_5_diff1": 0.064733,
        "nauc_precision_at_10_max": 0.276828,
        "nauc_precision_at_10_std": 0.309735,
        "nauc_precision_at_10_diff1": 0.039642,
        "nauc_precision_at_20_max": 0.293746,
        "nauc_precision_at_20_std": 0.36171,
        "nauc_precision_at_20_diff1": 0.040153,
        "nauc_precision_at_100_max": 0.276067,
        "nauc_precision_at_100_std": 0.460352,
        "nauc_precision_at_100_diff1": 0.045531,
        "nauc_precision_at_1000_max": 0.217443,
        "nauc_precision_at_1000_std": 0.417053,
        "nauc_precision_at_1000_diff1": 0.013292,
        "nauc_mrr_at_1_max": 0.225604,
        "nauc_mrr_at_1_std": 0.129894,
        "nauc_mrr_at_1_diff1": 0.148723,
        "nauc_mrr_at_3_max": 0.228866,
        "nauc_mrr_at_3_std": 0.162039,
        "nauc_mrr_at_3_diff1": 0.120487,
        "nauc_mrr_at_5_max": 0.240532,
        "nauc_mrr_at_5_std": 0.173283,
        "nauc_mrr_at_5_diff1": 0.123174,
        "nauc_mrr_at_10_max": 0.244842,
        "nauc_mrr_at_10_std": 0.183963,
        "nauc_mrr_at_10_diff1": 0.127817,
        "nauc_mrr_at_20_max": 0.244783,
        "nauc_mrr_at_20_std": 0.18441,
        "nauc_mrr_at_20_diff1": 0.127339,
        "nauc_mrr_at_100_max": 0.243837,
        "nauc_mrr_at_100_std": 0.182784,
        "nauc_mrr_at_100_diff1": 0.128054,
        "nauc_mrr_at_1000_max": 0.243693,
        "nauc_mrr_at_1000_std": 0.182297,
        "nauc_mrr_at_1000_diff1": 0.127986,
        "main_score": 0.21152,
        "hf_subset": "default",
        "languages": [
          "eng-Latn"
        ]
      }
    ]
  },
  "evaluation_time": 291.60987186431885,
  "kg_co2_emissions": null
}