{
  "dataset_revision": "0228b52cf27578f30900b9e5271d331663a030d7",
  "task_name": "SciFact",
  "mteb_version": "1.38.54",
  "scores": {
    "test": [
      {
        "ndcg_at_1": 0.59333,
        "ndcg_at_3": 0.65168,
        "ndcg_at_5": 0.67686,
        "ndcg_at_10": 0.69872,
        "ndcg_at_20": 0.71204,
        "ndcg_at_100": 0.72844,
        "ndcg_at_1000": 0.73426,
        "map_at_1": 0.56328,
        "map_at_3": 0.62835,
        "map_at_5": 0.64501,
        "map_at_10": 0.65581,
        "map_at_20": 0.65983,
        "map_at_100": 0.66232,
        "map_at_1000": 0.66259,
        "recall_at_1": 0.56328,
        "recall_at_3": 0.69089,
        "recall_at_5": 0.7555,
        "recall_at_10": 0.81856,
        "recall_at_20": 0.86989,
        "recall_at_100": 0.955,
        "recall_at_1000": 0.99833,
        "precision_at_1": 0.59333,
        "precision_at_3": 0.25333,
        "precision_at_5": 0.16933,
        "precision_at_10": 0.093,
        "precision_at_20": 0.0495,
        "precision_at_100": 0.01083,
        "precision_at_1000": 0.00113,
        "mrr_at_1": 0.593333,
        "mrr_at_3": 0.646667,
        "mrr_at_5": 0.659667,
        "mrr_at_10": 0.667386,
        "mrr_at_20": 0.67058,
        "mrr_at_100": 0.672865,
        "mrr_at_1000": 0.673135,
        "nauc_ndcg_at_1_max": 0.621439,
        "nauc_ndcg_at_1_std": 0.132953,
        "nauc_ndcg_at_1_diff1": 0.766475,
        "nauc_ndcg_at_3_max": 0.633201,
        "nauc_ndcg_at_3_std": 0.0844,
        "nauc_ndcg_at_3_diff1": 0.723048,
        "nauc_ndcg_at_5_max": 0.633348,
        "nauc_ndcg_at_5_std": 0.107355,
        "nauc_ndcg_at_5_diff1": 0.721927,
        "nauc_ndcg_at_10_max": 0.661108,
        "nauc_ndcg_at_10_std": 0.122084,
        "nauc_ndcg_at_10_diff1": 0.716574,
        "nauc_ndcg_at_20_max": 0.66358,
        "nauc_ndcg_at_20_std": 0.134193,
        "nauc_ndcg_at_20_diff1": 0.723695,
        "nauc_ndcg_at_100_max": 0.658215,
        "nauc_ndcg_at_100_std": 0.141554,
        "nauc_ndcg_at_100_diff1": 0.727142,
        "nauc_ndcg_at_1000_max": 0.652641,
        "nauc_ndcg_at_1000_std": 0.132072,
        "nauc_ndcg_at_1000_diff1": 0.728313,
        "nauc_map_at_1_max": 0.579435,
        "nauc_map_at_1_std": 0.059205,
        "nauc_map_at_1_diff1": 0.78863,
        "nauc_map_at_3_max": 0.613837,
        "nauc_map_at_3_std": 0.061613,
        "nauc_map_at_3_diff1": 0.742997,
        "nauc_map_at_5_max": 0.619699,
        "nauc_map_at_5_std": 0.084661,
        "nauc_map_at_5_diff1": 0.740847,
        "nauc_map_at_10_max": 0.63795,
        "nauc_map_at_10_std": 0.100054,
        "nauc_map_at_10_diff1": 0.736722,
        "nauc_map_at_20_max": 0.638776,
        "nauc_map_at_20_std": 0.104004,
        "nauc_map_at_20_diff1": 0.737972,
        "nauc_map_at_100_max": 0.637785,
        "nauc_map_at_100_std": 0.105128,
        "nauc_map_at_100_diff1": 0.738444,
        "nauc_map_at_1000_max": 0.637564,
        "nauc_map_at_1000_std": 0.104691,
        "nauc_map_at_1000_diff1": 0.738543,
        "nauc_recall_at_1_max": 0.579435,
        "nauc_recall_at_1_std": 0.059205,
        "nauc_recall_at_1_diff1": 0.78863,
        "nauc_recall_at_3_max": 0.625638,
        "nauc_recall_at_3_std": 0.026463,
        "nauc_recall_at_3_diff1": 0.686059,
        "nauc_recall_at_5_max": 0.63482,
        "nauc_recall_at_5_std": 0.09969,
        "nauc_recall_at_5_diff1": 0.660138,
        "nauc_recall_at_10_max": 0.728274,
        "nauc_recall_at_10_std": 0.123725,
        "nauc_recall_at_10_diff1": 0.633656,
        "nauc_recall_at_20_max": 0.774686,
        "nauc_recall_at_20_std": 0.205023,
        "nauc_recall_at_20_diff1": 0.672059,
        "nauc_recall_at_100_max": 0.862659,
        "nauc_recall_at_100_std": 0.496594,
        "nauc_recall_at_100_diff1": 0.69013,
        "nauc_recall_at_1000_max": 0.722222,
        "nauc_recall_at_1000_std": 1.0,
        "nauc_recall_at_1000_diff1": 0.554155,
        "nauc_precision_at_1_max": 0.621439,
        "nauc_precision_at_1_std": 0.132953,
        "nauc_precision_at_1_diff1": 0.766475,
        "nauc_precision_at_3_max": 0.55457,
        "nauc_precision_at_3_std": 0.186116,
        "nauc_precision_at_3_diff1": 0.410076,
        "nauc_precision_at_5_max": 0.492742,
        "nauc_precision_at_5_std": 0.293228,
        "nauc_precision_at_5_diff1": 0.265189,
        "nauc_precision_at_10_max": 0.495029,
        "nauc_precision_at_10_std": 0.365305,
        "nauc_precision_at_10_diff1": 0.119632,
        "nauc_precision_at_20_max": 0.438958,
        "nauc_precision_at_20_std": 0.426272,
        "nauc_precision_at_20_diff1": 0.031956,
        "nauc_precision_at_100_max": 0.301129,
        "nauc_precision_at_100_std": 0.527704,
        "nauc_precision_at_100_diff1": -0.185559,
        "nauc_precision_at_1000_max": 0.189662,
        "nauc_precision_at_1000_std": 0.537627,
        "nauc_precision_at_1000_diff1": -0.358762,
        "nauc_mrr_at_1_max": 0.621439,
        "nauc_mrr_at_1_std": 0.132953,
        "nauc_mrr_at_1_diff1": 0.766475,
        "nauc_mrr_at_3_max": 0.640222,
        "nauc_mrr_at_3_std": 0.133654,
        "nauc_mrr_at_3_diff1": 0.730984,
        "nauc_mrr_at_5_max": 0.643823,
        "nauc_mrr_at_5_std": 0.146984,
        "nauc_mrr_at_5_diff1": 0.727992,
        "nauc_mrr_at_10_max": 0.648459,
        "nauc_mrr_at_10_std": 0.145471,
        "nauc_mrr_at_10_diff1": 0.72708,
        "nauc_mrr_at_20_max": 0.648222,
        "nauc_mrr_at_20_std": 0.146335,
        "nauc_mrr_at_20_diff1": 0.729475,
        "nauc_mrr_at_100_max": 0.647281,
        "nauc_mrr_at_100_std": 0.147121,
        "nauc_mrr_at_100_diff1": 0.730035,
        "nauc_mrr_at_1000_max": 0.647066,
        "nauc_mrr_at_1000_std": 0.14672,
        "nauc_mrr_at_1000_diff1": 0.730127,
        "main_score": 0.69872,
        "hf_subset": "default",
        "languages": [
          "eng-Latn"
        ]
      }
    ]
  },
  "evaluation_time": 83.75688147544861,
  "kg_co2_emissions": null
}