{
  "dataset_revision": "c22ab2a51041ffd869aaddef7af8d8215647e41a",
  "task_name": "ArguAna",
  "mteb_version": "1.38.54",
  "scores": {
    "test": [
      {
        "ndcg_at_1": 0.4559,
        "ndcg_at_3": 0.62336,
        "ndcg_at_5": 0.66965,
        "ndcg_at_10": 0.70175,
        "ndcg_at_20": 0.71045,
        "ndcg_at_100": 0.71219,
        "ndcg_at_1000": 0.71219,
        "map_at_1": 0.4559,
        "map_at_3": 0.58132,
        "map_at_5": 0.60735,
        "map_at_10": 0.62094,
        "map_at_20": 0.62347,
        "map_at_100": 0.62372,
        "map_at_1000": 0.62372,
        "recall_at_1": 0.4559,
        "recall_at_3": 0.74538,
        "recall_at_5": 0.85633,
        "recall_at_10": 0.95377,
        "recall_at_20": 0.9872,
        "recall_at_100": 0.99644,
        "recall_at_1000": 0.99644,
        "precision_at_1": 0.4559,
        "precision_at_3": 0.24846,
        "precision_at_5": 0.17127,
        "precision_at_10": 0.09538,
        "precision_at_20": 0.04936,
        "precision_at_100": 0.00996,
        "precision_at_1000": 0.001,
        "mrr_at_1": 0.463016,
        "mrr_at_3": 0.583452,
        "mrr_at_5": 0.610408,
        "mrr_at_10": 0.623606,
        "mrr_at_20": 0.626265,
        "mrr_at_100": 0.626515,
        "mrr_at_1000": 0.626515,
        "nauc_ndcg_at_1_max": -0.116329,
        "nauc_ndcg_at_1_std": -0.206392,
        "nauc_ndcg_at_1_diff1": 0.183465,
        "nauc_ndcg_at_3_max": -0.087174,
        "nauc_ndcg_at_3_std": -0.190707,
        "nauc_ndcg_at_3_diff1": 0.158645,
        "nauc_ndcg_at_5_max": -0.085095,
        "nauc_ndcg_at_5_std": -0.180764,
        "nauc_ndcg_at_5_diff1": 0.154691,
        "nauc_ndcg_at_10_max": -0.076855,
        "nauc_ndcg_at_10_std": -0.186208,
        "nauc_ndcg_at_10_diff1": 0.169967,
        "nauc_ndcg_at_20_max": -0.08603,
        "nauc_ndcg_at_20_std": -0.184474,
        "nauc_ndcg_at_20_diff1": 0.166497,
        "nauc_ndcg_at_100_max": -0.089925,
        "nauc_ndcg_at_100_std": -0.18689,
        "nauc_ndcg_at_100_diff1": 0.165877,
        "nauc_ndcg_at_1000_max": -0.089925,
        "nauc_ndcg_at_1000_std": -0.18689,
        "nauc_ndcg_at_1000_diff1": 0.165877,
        "nauc_map_at_1_max": -0.116329,
        "nauc_map_at_1_std": -0.206392,
        "nauc_map_at_1_diff1": 0.183465,
        "nauc_map_at_3_max": -0.095811,
        "nauc_map_at_3_std": -0.192594,
        "nauc_map_at_3_diff1": 0.162735,
        "nauc_map_at_5_max": -0.095464,
        "nauc_map_at_5_std": -0.187751,
        "nauc_map_at_5_diff1": 0.161512,
        "nauc_map_at_10_max": -0.09229,
        "nauc_map_at_10_std": -0.190176,
        "nauc_map_at_10_diff1": 0.1674,
        "nauc_map_at_20_max": -0.094648,
        "nauc_map_at_20_std": -0.189863,
        "nauc_map_at_20_diff1": 0.166374,
        "nauc_map_at_100_max": -0.095002,
        "nauc_map_at_100_std": -0.190241,
        "nauc_map_at_100_diff1": 0.166385,
        "nauc_map_at_1000_max": -0.095002,
        "nauc_map_at_1000_std": -0.190241,
        "nauc_map_at_1000_diff1": 0.166385,
        "nauc_recall_at_1_max": -0.116329,
        "nauc_recall_at_1_std": -0.206392,
        "nauc_recall_at_1_diff1": 0.183465,
        "nauc_recall_at_3_max": -0.053596,
        "nauc_recall_at_3_std": -0.184826,
        "nauc_recall_at_3_diff1": 0.144468,
        "nauc_recall_at_5_max": -0.0228,
        "nauc_recall_at_5_std": -0.139254,
        "nauc_recall_at_5_diff1": 0.114872,
        "nauc_recall_at_10_max": 0.191641,
        "nauc_recall_at_10_std": -0.126873,
        "nauc_recall_at_10_diff1": 0.241876,
        "nauc_recall_at_20_max": 0.340811,
        "nauc_recall_at_20_std": 0.143102,
        "nauc_recall_at_20_diff1": 0.246307,
        "nauc_recall_at_100_max": 0.165657,
        "nauc_recall_at_100_std": 0.365065,
        "nauc_recall_at_100_diff1": 0.182403,
        "nauc_recall_at_1000_max": 0.165657,
        "nauc_recall_at_1000_std": 0.365065,
        "nauc_recall_at_1000_diff1": 0.182403,
        "nauc_precision_at_1_max": -0.116329,
        "nauc_precision_at_1_std": -0.206392,
        "nauc_precision_at_1_diff1": 0.183465,
        "nauc_precision_at_3_max": -0.053596,
        "nauc_precision_at_3_std": -0.184826,
        "nauc_precision_at_3_diff1": 0.144468,
        "nauc_precision_at_5_max": -0.0228,
        "nauc_precision_at_5_std": -0.139254,
        "nauc_precision_at_5_diff1": 0.114872,
        "nauc_precision_at_10_max": 0.191641,
        "nauc_precision_at_10_std": -0.126873,
        "nauc_precision_at_10_diff1": 0.241876,
        "nauc_precision_at_20_max": 0.340811,
        "nauc_precision_at_20_std": 0.143102,
        "nauc_precision_at_20_diff1": 0.246307,
        "nauc_precision_at_100_max": 0.165657,
        "nauc_precision_at_100_std": 0.365065,
        "nauc_precision_at_100_diff1": 0.182403,
        "nauc_precision_at_1000_max": 0.165657,
        "nauc_precision_at_1000_std": 0.365065,
        "nauc_precision_at_1000_diff1": 0.182403,
        "nauc_mrr_at_1_max": -0.122644,
        "nauc_mrr_at_1_std": -0.19928,
        "nauc_mrr_at_1_diff1": 0.163876,
        "nauc_mrr_at_3_max": -0.113846,
        "nauc_mrr_at_3_std": -0.190422,
        "nauc_mrr_at_3_diff1": 0.13439,
        "nauc_mrr_at_5_max": -0.109378,
        "nauc_mrr_at_5_std": -0.18377,
        "nauc_mrr_at_5_diff1": 0.137386,
        "nauc_mrr_at_10_max": -0.10853,
        "nauc_mrr_at_10_std": -0.187925,
        "nauc_mrr_at_10_diff1": 0.14091,
        "nauc_mrr_at_20_max": -0.110283,
        "nauc_mrr_at_20_std": -0.186987,
        "nauc_mrr_at_20_diff1": 0.140507,
        "nauc_mrr_at_100_max": -0.110652,
        "nauc_mrr_at_100_std": -0.187363,
        "nauc_mrr_at_100_diff1": 0.140494,
        "nauc_mrr_at_1000_max": -0.110652,
        "nauc_mrr_at_1000_std": -0.187363,
        "nauc_mrr_at_1000_diff1": 0.140494,
        "main_score": 0.70175,
        "hf_subset": "default",
        "languages": [
          "eng-Latn"
        ]
      }
    ]
  },
  "evaluation_time": 146.33929347991943,
  "kg_co2_emissions": null
}