{
  "dataset_revision": "ad9991cb51e31e31e430383c75ffb2885547b5f0",
  "task_name": "CQADupstackEnglishRetrieval",
  "mteb_version": "1.38.54",
  "scores": {
    "test": [
      {
        "ndcg_at_1": 0.35032,
        "ndcg_at_3": 0.38904,
        "ndcg_at_5": 0.41336,
        "ndcg_at_10": 0.43899,
        "ndcg_at_20": 0.45393,
        "ndcg_at_100": 0.4826,
        "ndcg_at_1000": 0.50434,
        "map_at_1": 0.27519,
        "map_at_3": 0.34498,
        "map_at_5": 0.36433,
        "map_at_10": 0.37902,
        "map_at_20": 0.3852,
        "map_at_100": 0.39104,
        "map_at_1000": 0.39232,
        "recall_at_1": 0.27519,
        "recall_at_3": 0.4064,
        "recall_at_5": 0.47128,
        "recall_at_10": 0.54923,
        "recall_at_20": 0.60288,
        "recall_at_100": 0.7377,
        "recall_at_1000": 0.87546,
        "precision_at_1": 0.35032,
        "precision_at_3": 0.18917,
        "precision_at_5": 0.13822,
        "precision_at_10": 0.08554,
        "precision_at_20": 0.05,
        "precision_at_100": 0.01368,
        "precision_at_1000": 0.00188,
        "mrr_at_1": 0.350318,
        "mrr_at_3": 0.415074,
        "mrr_at_5": 0.429565,
        "mrr_at_10": 0.439678,
        "mrr_at_20": 0.443019,
        "mrr_at_100": 0.446038,
        "mrr_at_1000": 0.446501,
        "nauc_ndcg_at_1_max": 0.425281,
        "nauc_ndcg_at_1_std": 0.029038,
        "nauc_ndcg_at_1_diff1": 0.505322,
        "nauc_ndcg_at_3_max": 0.425161,
        "nauc_ndcg_at_3_std": 0.017186,
        "nauc_ndcg_at_3_diff1": 0.472099,
        "nauc_ndcg_at_5_max": 0.425028,
        "nauc_ndcg_at_5_std": 0.018819,
        "nauc_ndcg_at_5_diff1": 0.466842,
        "nauc_ndcg_at_10_max": 0.433324,
        "nauc_ndcg_at_10_std": 0.034697,
        "nauc_ndcg_at_10_diff1": 0.458907,
        "nauc_ndcg_at_20_max": 0.432079,
        "nauc_ndcg_at_20_std": 0.041808,
        "nauc_ndcg_at_20_diff1": 0.45184,
        "nauc_ndcg_at_100_max": 0.436062,
        "nauc_ndcg_at_100_std": 0.060117,
        "nauc_ndcg_at_100_diff1": 0.45267,
        "nauc_ndcg_at_1000_max": 0.442313,
        "nauc_ndcg_at_1000_std": 0.067532,
        "nauc_ndcg_at_1000_diff1": 0.456003,
        "nauc_map_at_1_max": 0.356301,
        "nauc_map_at_1_std": -0.040993,
        "nauc_map_at_1_diff1": 0.528531,
        "nauc_map_at_3_max": 0.398142,
        "nauc_map_at_3_std": -0.020296,
        "nauc_map_at_3_diff1": 0.491649,
        "nauc_map_at_5_max": 0.405313,
        "nauc_map_at_5_std": -0.011654,
        "nauc_map_at_5_diff1": 0.485695,
        "nauc_map_at_10_max": 0.41458,
        "nauc_map_at_10_std": 0.000408,
        "nauc_map_at_10_diff1": 0.480859,
        "nauc_map_at_20_max": 0.416894,
        "nauc_map_at_20_std": 0.00604,
        "nauc_map_at_20_diff1": 0.478125,
        "nauc_map_at_100_max": 0.420411,
        "nauc_map_at_100_std": 0.012576,
        "nauc_map_at_100_diff1": 0.477296,
        "nauc_map_at_1000_max": 0.421444,
        "nauc_map_at_1000_std": 0.014009,
        "nauc_map_at_1000_diff1": 0.477181,
        "nauc_recall_at_1_max": 0.356301,
        "nauc_recall_at_1_std": -0.040993,
        "nauc_recall_at_1_diff1": 0.528531,
        "nauc_recall_at_3_max": 0.397865,
        "nauc_recall_at_3_std": -0.011142,
        "nauc_recall_at_3_diff1": 0.445735,
        "nauc_recall_at_5_max": 0.38961,
        "nauc_recall_at_5_std": 0.00431,
        "nauc_recall_at_5_diff1": 0.418324,
        "nauc_recall_at_10_max": 0.415635,
        "nauc_recall_at_10_std": 0.061731,
        "nauc_recall_at_10_diff1": 0.386318,
        "nauc_recall_at_20_max": 0.413551,
        "nauc_recall_at_20_std": 0.094986,
        "nauc_recall_at_20_diff1": 0.356318,
        "nauc_recall_at_100_max": 0.433771,
        "nauc_recall_at_100_std": 0.228821,
        "nauc_recall_at_100_diff1": 0.335342,
        "nauc_recall_at_1000_max": 0.517574,
        "nauc_recall_at_1000_std": 0.448171,
        "nauc_recall_at_1000_diff1": 0.338832,
        "nauc_precision_at_1_max": 0.425281,
        "nauc_precision_at_1_std": 0.029038,
        "nauc_precision_at_1_diff1": 0.505322,
        "nauc_precision_at_3_max": 0.439902,
        "nauc_precision_at_3_std": 0.096674,
        "nauc_precision_at_3_diff1": 0.316346,
        "nauc_precision_at_5_max": 0.417103,
        "nauc_precision_at_5_std": 0.140927,
        "nauc_precision_at_5_diff1": 0.239587,
        "nauc_precision_at_10_max": 0.393547,
        "nauc_precision_at_10_std": 0.206613,
        "nauc_precision_at_10_diff1": 0.147967,
        "nauc_precision_at_20_max": 0.348826,
        "nauc_precision_at_20_std": 0.25781,
        "nauc_precision_at_20_diff1": 0.062699,
        "nauc_precision_at_100_max": 0.277414,
        "nauc_precision_at_100_std": 0.323254,
        "nauc_precision_at_100_diff1": -0.052542,
        "nauc_precision_at_1000_max": 0.191333,
        "nauc_precision_at_1000_std": 0.299132,
        "nauc_precision_at_1000_diff1": -0.127251,
        "nauc_mrr_at_1_max": 0.425281,
        "nauc_mrr_at_1_std": 0.029038,
        "nauc_mrr_at_1_diff1": 0.505322,
        "nauc_mrr_at_3_max": 0.431366,
        "nauc_mrr_at_3_std": 0.035668,
        "nauc_mrr_at_3_diff1": 0.474447,
        "nauc_mrr_at_5_max": 0.432319,
        "nauc_mrr_at_5_std": 0.039349,
        "nauc_mrr_at_5_diff1": 0.471504,
        "nauc_mrr_at_10_max": 0.434203,
        "nauc_mrr_at_10_std": 0.046093,
        "nauc_mrr_at_10_diff1": 0.467969,
        "nauc_mrr_at_20_max": 0.433544,
        "nauc_mrr_at_20_std": 0.047225,
        "nauc_mrr_at_20_diff1": 0.466971,
        "nauc_mrr_at_100_max": 0.433649,
        "nauc_mrr_at_100_std": 0.048421,
        "nauc_mrr_at_100_diff1": 0.467467,
        "nauc_mrr_at_1000_max": 0.433731,
        "nauc_mrr_at_1000_std": 0.048388,
        "nauc_mrr_at_1000_diff1": 0.467678,
        "main_score": 0.43899,
        "hf_subset": "default",
        "languages": [
          "eng-Latn"
        ]
      }
    ]
  },
  "evaluation_time": 347.94468784332275,
  "kg_co2_emissions": null
}