{
  "dataset_revision": "ec0fa4fe99da2ff19ca1214b7966684033a58814",
  "task_name": "NFCorpus",
  "mteb_version": "1.38.54",
  "scores": {
    "test": [
      {
        "ndcg_at_1": 0.43808,
        "ndcg_at_3": 0.37588,
        "ndcg_at_5": 0.35073,
        "ndcg_at_10": 0.32509,
        "ndcg_at_20": 0.30877,
        "ndcg_at_100": 0.30272,
        "ndcg_at_1000": 0.3941,
        "map_at_1": 0.05951,
        "map_at_3": 0.09176,
        "map_at_5": 0.10534,
        "map_at_10": 0.12177,
        "map_at_20": 0.13487,
        "map_at_100": 0.15237,
        "map_at_1000": 0.1664,
        "recall_at_1": 0.05951,
        "recall_at_3": 0.10302,
        "recall_at_5": 0.1266,
        "recall_at_10": 0.16053,
        "recall_at_20": 0.20148,
        "recall_at_100": 0.30738,
        "recall_at_1000": 0.62933,
        "precision_at_1": 0.45201,
        "precision_at_3": 0.34572,
        "precision_at_5": 0.29659,
        "precision_at_10": 0.23467,
        "precision_at_20": 0.17817,
        "precision_at_100": 0.07356,
        "precision_at_1000": 0.02021,
        "mrr_at_1": 0.452012,
        "mrr_at_3": 0.51032,
        "mrr_at_5": 0.522085,
        "mrr_at_10": 0.529409,
        "mrr_at_20": 0.53449,
        "mrr_at_100": 0.536292,
        "mrr_at_1000": 0.536825,
        "nauc_ndcg_at_1_max": 0.438363,
        "nauc_ndcg_at_1_std": 0.282847,
        "nauc_ndcg_at_1_diff1": 0.315536,
        "nauc_ndcg_at_3_max": 0.446759,
        "nauc_ndcg_at_3_std": 0.294332,
        "nauc_ndcg_at_3_diff1": 0.291974,
        "nauc_ndcg_at_5_max": 0.447818,
        "nauc_ndcg_at_5_std": 0.293483,
        "nauc_ndcg_at_5_diff1": 0.291733,
        "nauc_ndcg_at_10_max": 0.437841,
        "nauc_ndcg_at_10_std": 0.30672,
        "nauc_ndcg_at_10_diff1": 0.284654,
        "nauc_ndcg_at_20_max": 0.414047,
        "nauc_ndcg_at_20_std": 0.307829,
        "nauc_ndcg_at_20_diff1": 0.290449,
        "nauc_ndcg_at_100_max": 0.396526,
        "nauc_ndcg_at_100_std": 0.315657,
        "nauc_ndcg_at_100_diff1": 0.276923,
        "nauc_ndcg_at_1000_max": 0.437276,
        "nauc_ndcg_at_1000_std": 0.383791,
        "nauc_ndcg_at_1000_diff1": 0.255648,
        "nauc_map_at_1_max": 0.13116,
        "nauc_map_at_1_std": -0.096839,
        "nauc_map_at_1_diff1": 0.410754,
        "nauc_map_at_3_max": 0.16401,
        "nauc_map_at_3_std": -0.047414,
        "nauc_map_at_3_diff1": 0.398093,
        "nauc_map_at_5_max": 0.194426,
        "nauc_map_at_5_std": -0.009922,
        "nauc_map_at_5_diff1": 0.367926,
        "nauc_map_at_10_max": 0.225245,
        "nauc_map_at_10_std": 0.047444,
        "nauc_map_at_10_diff1": 0.335311,
        "nauc_map_at_20_max": 0.249421,
        "nauc_map_at_20_std": 0.098903,
        "nauc_map_at_20_diff1": 0.32609,
        "nauc_map_at_100_max": 0.28855,
        "nauc_map_at_100_std": 0.16634,
        "nauc_map_at_100_diff1": 0.308166,
        "nauc_map_at_1000_max": 0.309009,
        "nauc_map_at_1000_std": 0.202251,
        "nauc_map_at_1000_diff1": 0.299712,
        "nauc_recall_at_1_max": 0.13116,
        "nauc_recall_at_1_std": -0.096839,
        "nauc_recall_at_1_diff1": 0.410754,
        "nauc_recall_at_3_max": 0.139879,
        "nauc_recall_at_3_std": -0.046988,
        "nauc_recall_at_3_diff1": 0.374867,
        "nauc_recall_at_5_max": 0.150635,
        "nauc_recall_at_5_std": -0.01654,
        "nauc_recall_at_5_diff1": 0.324369,
        "nauc_recall_at_10_max": 0.168539,
        "nauc_recall_at_10_std": 0.044818,
        "nauc_recall_at_10_diff1": 0.28168,
        "nauc_recall_at_20_max": 0.154782,
        "nauc_recall_at_20_std": 0.086156,
        "nauc_recall_at_20_diff1": 0.252775,
        "nauc_recall_at_100_max": 0.204535,
        "nauc_recall_at_100_std": 0.19492,
        "nauc_recall_at_100_diff1": 0.175971,
        "nauc_recall_at_1000_max": 0.19452,
        "nauc_recall_at_1000_std": 0.263611,
        "nauc_recall_at_1000_diff1": 0.057641,
        "nauc_precision_at_1_max": 0.447876,
        "nauc_precision_at_1_std": 0.313273,
        "nauc_precision_at_1_diff1": 0.313636,
        "nauc_precision_at_3_max": 0.459573,
        "nauc_precision_at_3_std": 0.36762,
        "nauc_precision_at_3_diff1": 0.218903,
        "nauc_precision_at_5_max": 0.476188,
        "nauc_precision_at_5_std": 0.385561,
        "nauc_precision_at_5_diff1": 0.175746,
        "nauc_precision_at_10_max": 0.464576,
        "nauc_precision_at_10_std": 0.430389,
        "nauc_precision_at_10_diff1": 0.097654,
        "nauc_precision_at_20_max": 0.435023,
        "nauc_precision_at_20_std": 0.466697,
        "nauc_precision_at_20_diff1": 0.065719,
        "nauc_precision_at_100_max": 0.360582,
        "nauc_precision_at_100_std": 0.450973,
        "nauc_precision_at_100_diff1": 0.012793,
        "nauc_precision_at_1000_max": 0.232749,
        "nauc_precision_at_1000_std": 0.274013,
        "nauc_precision_at_1000_diff1": -0.024091,
        "nauc_mrr_at_1_max": 0.447876,
        "nauc_mrr_at_1_std": 0.313273,
        "nauc_mrr_at_1_diff1": 0.313636,
        "nauc_mrr_at_3_max": 0.470872,
        "nauc_mrr_at_3_std": 0.343544,
        "nauc_mrr_at_3_diff1": 0.330825,
        "nauc_mrr_at_5_max": 0.465166,
        "nauc_mrr_at_5_std": 0.342284,
        "nauc_mrr_at_5_diff1": 0.328571,
        "nauc_mrr_at_10_max": 0.466765,
        "nauc_mrr_at_10_std": 0.347546,
        "nauc_mrr_at_10_diff1": 0.326612,
        "nauc_mrr_at_20_max": 0.469601,
        "nauc_mrr_at_20_std": 0.349281,
        "nauc_mrr_at_20_diff1": 0.325699,
        "nauc_mrr_at_100_max": 0.470008,
        "nauc_mrr_at_100_std": 0.348684,
        "nauc_mrr_at_100_diff1": 0.325583,
        "nauc_mrr_at_1000_max": 0.469933,
        "nauc_mrr_at_1000_std": 0.348488,
        "nauc_mrr_at_1000_diff1": 0.325651,
        "main_score": 0.32509,
        "hf_subset": "default",
        "languages": [
          "eng-Latn"
        ]
      }
    ]
  },
  "evaluation_time": 95.75570178031921,
  "kg_co2_emissions": null
}