{
  "dataset_revision": "f8c2fcf00f625baaa80f62ec5bd9e1fff3b8ae88",
  "task_name": "SCIDOCS",
  "mteb_version": "1.38.54",
  "scores": {
    "test": [
      {
        "ndcg_at_1": 0.272,
        "ndcg_at_3": 0.22228,
        "ndcg_at_5": 0.19381,
        "ndcg_at_10": 0.23441,
        "ndcg_at_20": 0.27018,
        "ndcg_at_100": 0.33219,
        "ndcg_at_1000": 0.38571,
        "map_at_1": 0.05503,
        "map_at_3": 0.10024,
        "map_at_5": 0.12034,
        "map_at_10": 0.14146,
        "map_at_20": 0.1547,
        "map_at_100": 0.16775,
        "map_at_1000": 0.17112,
        "recall_at_1": 0.05503,
        "recall_at_3": 0.12653,
        "recall_at_5": 0.17257,
        "recall_at_10": 0.24702,
        "recall_at_20": 0.33107,
        "recall_at_100": 0.53228,
        "recall_at_1000": 0.79285,
        "precision_at_1": 0.272,
        "precision_at_3": 0.208,
        "precision_at_5": 0.17,
        "precision_at_10": 0.1219,
        "precision_at_20": 0.0817,
        "precision_at_100": 0.02624,
        "precision_at_1000": 0.00391,
        "mrr_at_1": 0.272,
        "mrr_at_3": 0.358,
        "mrr_at_5": 0.378,
        "mrr_at_10": 0.393491,
        "mrr_at_20": 0.401361,
        "mrr_at_100": 0.405917,
        "mrr_at_1000": 0.406117,
        "nauc_ndcg_at_1_max": 0.201119,
        "nauc_ndcg_at_1_std": 0.137369,
        "nauc_ndcg_at_1_diff1": 0.212964,
        "nauc_ndcg_at_3_max": 0.244073,
        "nauc_ndcg_at_3_std": 0.19403,
        "nauc_ndcg_at_3_diff1": 0.178059,
        "nauc_ndcg_at_5_max": 0.248721,
        "nauc_ndcg_at_5_std": 0.202911,
        "nauc_ndcg_at_5_diff1": 0.171514,
        "nauc_ndcg_at_10_max": 0.264302,
        "nauc_ndcg_at_10_std": 0.241923,
        "nauc_ndcg_at_10_diff1": 0.16407,
        "nauc_ndcg_at_20_max": 0.26884,
        "nauc_ndcg_at_20_std": 0.280709,
        "nauc_ndcg_at_20_diff1": 0.156098,
        "nauc_ndcg_at_100_max": 0.273381,
        "nauc_ndcg_at_100_std": 0.327574,
        "nauc_ndcg_at_100_diff1": 0.156286,
        "nauc_ndcg_at_1000_max": 0.271562,
        "nauc_ndcg_at_1000_std": 0.329097,
        "nauc_ndcg_at_1000_diff1": 0.153163,
        "nauc_map_at_1_max": 0.197856,
        "nauc_map_at_1_std": 0.134308,
        "nauc_map_at_1_diff1": 0.209804,
        "nauc_map_at_3_max": 0.239532,
        "nauc_map_at_3_std": 0.19669,
        "nauc_map_at_3_diff1": 0.162575,
        "nauc_map_at_5_max": 0.246397,
        "nauc_map_at_5_std": 0.200186,
        "nauc_map_at_5_diff1": 0.161622,
        "nauc_map_at_10_max": 0.255058,
        "nauc_map_at_10_std": 0.234985,
        "nauc_map_at_10_diff1": 0.150846,
        "nauc_map_at_20_max": 0.260111,
        "nauc_map_at_20_std": 0.260788,
        "nauc_map_at_20_diff1": 0.147087,
        "nauc_map_at_100_max": 0.263703,
        "nauc_map_at_100_std": 0.279138,
        "nauc_map_at_100_diff1": 0.147327,
        "nauc_map_at_1000_max": 0.263787,
        "nauc_map_at_1000_std": 0.281021,
        "nauc_map_at_1000_diff1": 0.146443,
        "nauc_recall_at_1_max": 0.197856,
        "nauc_recall_at_1_std": 0.134308,
        "nauc_recall_at_1_diff1": 0.209804,
        "nauc_recall_at_3_max": 0.253319,
        "nauc_recall_at_3_std": 0.211638,
        "nauc_recall_at_3_diff1": 0.158238,
        "nauc_recall_at_5_max": 0.249112,
        "nauc_recall_at_5_std": 0.21602,
        "nauc_recall_at_5_diff1": 0.144054,
        "nauc_recall_at_10_max": 0.263902,
        "nauc_recall_at_10_std": 0.272995,
        "nauc_recall_at_10_diff1": 0.128502,
        "nauc_recall_at_20_max": 0.251588,
        "nauc_recall_at_20_std": 0.33557,
        "nauc_recall_at_20_diff1": 0.101617,
        "nauc_recall_at_100_max": 0.229106,
        "nauc_recall_at_100_std": 0.427663,
        "nauc_recall_at_100_diff1": 0.088259,
        "nauc_recall_at_1000_max": 0.177405,
        "nauc_recall_at_1000_std": 0.442277,
        "nauc_recall_at_1000_diff1": 0.034518,
        "nauc_precision_at_1_max": 0.201119,
        "nauc_precision_at_1_std": 0.137369,
        "nauc_precision_at_1_diff1": 0.212964,
        "nauc_precision_at_3_max": 0.256207,
        "nauc_precision_at_3_std": 0.216168,
        "nauc_precision_at_3_diff1": 0.160662,
        "nauc_precision_at_5_max": 0.250619,
        "nauc_precision_at_5_std": 0.22027,
        "nauc_precision_at_5_diff1": 0.146206,
        "nauc_precision_at_10_max": 0.265564,
        "nauc_precision_at_10_std": 0.276615,
        "nauc_precision_at_10_diff1": 0.129826,
        "nauc_precision_at_20_max": 0.253212,
        "nauc_precision_at_20_std": 0.335885,
        "nauc_precision_at_20_diff1": 0.102,
        "nauc_precision_at_100_max": 0.230531,
        "nauc_precision_at_100_std": 0.419914,
        "nauc_precision_at_100_diff1": 0.087264,
        "nauc_precision_at_1000_max": 0.179736,
        "nauc_precision_at_1000_std": 0.419862,
        "nauc_precision_at_1000_diff1": 0.036004,
        "nauc_mrr_at_1_max": 0.201119,
        "nauc_mrr_at_1_std": 0.137369,
        "nauc_mrr_at_1_diff1": 0.212964,
        "nauc_mrr_at_3_max": 0.232013,
        "nauc_mrr_at_3_std": 0.160895,
        "nauc_mrr_at_3_diff1": 0.212662,
        "nauc_mrr_at_5_max": 0.229741,
        "nauc_mrr_at_5_std": 0.167524,
        "nauc_mrr_at_5_diff1": 0.208157,
        "nauc_mrr_at_10_max": 0.233869,
        "nauc_mrr_at_10_std": 0.173493,
        "nauc_mrr_at_10_diff1": 0.206012,
        "nauc_mrr_at_20_max": 0.234065,
        "nauc_mrr_at_20_std": 0.175283,
        "nauc_mrr_at_20_diff1": 0.205327,
        "nauc_mrr_at_100_max": 0.232924,
        "nauc_mrr_at_100_std": 0.173704,
        "nauc_mrr_at_100_diff1": 0.205905,
        "nauc_mrr_at_1000_max": 0.232838,
        "nauc_mrr_at_1000_std": 0.173443,
        "nauc_mrr_at_1000_diff1": 0.205851,
        "main_score": 0.23441,
        "hf_subset": "default",
        "languages": [
          "eng-Latn"
        ]
      }
    ]
  },
  "evaluation_time": 455.19520258903503,
  "kg_co2_emissions": null
}