{
  "dataset_revision": "0228b52cf27578f30900b9e5271d331663a030d7",
  "task_name": "SciFact",
  "mteb_version": "1.38.54",
  "scores": {
    "test": [
      {
        "ndcg_at_1": 0.64667,
        "ndcg_at_3": 0.74229,
        "ndcg_at_5": 0.76163,
        "ndcg_at_10": 0.79016,
        "ndcg_at_20": 0.79472,
        "ndcg_at_100": 0.80334,
        "ndcg_at_1000": 0.80404,
        "map_at_1": 0.6225,
        "map_at_3": 0.71139,
        "map_at_5": 0.72564,
        "map_at_10": 0.73945,
        "map_at_20": 0.74086,
        "map_at_100": 0.74255,
        "map_at_1000": 0.74258,
        "recall_at_1": 0.6225,
        "recall_at_3": 0.80728,
        "recall_at_5": 0.85622,
        "recall_at_10": 0.93756,
        "recall_at_20": 0.95422,
        "recall_at_100": 0.995,
        "recall_at_1000": 1.0,
        "precision_at_1": 0.64667,
        "precision_at_3": 0.29222,
        "precision_at_5": 0.18867,
        "precision_at_10": 0.105,
        "precision_at_20": 0.0535,
        "precision_at_100": 0.01123,
        "precision_at_1000": 0.00113,
        "mrr_at_1": 0.646667,
        "mrr_at_3": 0.725556,
        "mrr_at_5": 0.734889,
        "mrr_at_10": 0.74572,
        "mrr_at_20": 0.746978,
        "mrr_at_100": 0.748191,
        "mrr_at_1000": 0.748218,
        "nauc_ndcg_at_1_max": 0.481668,
        "nauc_ndcg_at_1_std": -0.007363,
        "nauc_ndcg_at_1_diff1": 0.665231,
        "nauc_ndcg_at_3_max": 0.499194,
        "nauc_ndcg_at_3_std": 0.01555,
        "nauc_ndcg_at_3_diff1": 0.639898,
        "nauc_ndcg_at_5_max": 0.482251,
        "nauc_ndcg_at_5_std": -0.01288,
        "nauc_ndcg_at_5_diff1": 0.624307,
        "nauc_ndcg_at_10_max": 0.512397,
        "nauc_ndcg_at_10_std": 0.010108,
        "nauc_ndcg_at_10_diff1": 0.64402,
        "nauc_ndcg_at_20_max": 0.50579,
        "nauc_ndcg_at_20_std": 0.018519,
        "nauc_ndcg_at_20_diff1": 0.640474,
        "nauc_ndcg_at_100_max": 0.506895,
        "nauc_ndcg_at_100_std": 0.022785,
        "nauc_ndcg_at_100_diff1": 0.647238,
        "nauc_ndcg_at_1000_max": 0.505195,
        "nauc_ndcg_at_1000_std": 0.018863,
        "nauc_ndcg_at_1000_diff1": 0.647213,
        "nauc_map_at_1_max": 0.418996,
        "nauc_map_at_1_std": -0.066424,
        "nauc_map_at_1_diff1": 0.66279,
        "nauc_map_at_3_max": 0.46823,
        "nauc_map_at_3_std": -0.022861,
        "nauc_map_at_3_diff1": 0.645568,
        "nauc_map_at_5_max": 0.472572,
        "nauc_map_at_5_std": -0.022427,
        "nauc_map_at_5_diff1": 0.635747,
        "nauc_map_at_10_max": 0.489074,
        "nauc_map_at_10_std": -0.00438,
        "nauc_map_at_10_diff1": 0.645435,
        "nauc_map_at_20_max": 0.487636,
        "nauc_map_at_20_std": -0.00177,
        "nauc_map_at_20_diff1": 0.644539,
        "nauc_map_at_100_max": 0.48918,
        "nauc_map_at_100_std": -0.000705,
        "nauc_map_at_100_diff1": 0.646193,
        "nauc_map_at_1000_max": 0.48911,
        "nauc_map_at_1000_std": -0.000852,
        "nauc_map_at_1000_diff1": 0.646199,
        "nauc_recall_at_1_max": 0.418996,
        "nauc_recall_at_1_std": -0.066424,
        "nauc_recall_at_1_diff1": 0.66279,
        "nauc_recall_at_3_max": 0.475021,
        "nauc_recall_at_3_std": 0.001921,
        "nauc_recall_at_3_diff1": 0.602786,
        "nauc_recall_at_5_max": 0.448063,
        "nauc_recall_at_5_std": -0.075478,
        "nauc_recall_at_5_diff1": 0.532762,
        "nauc_recall_at_10_max": 0.622623,
        "nauc_recall_at_10_std": -0.060212,
        "nauc_recall_at_10_diff1": 0.587148,
        "nauc_recall_at_20_max": 0.563908,
        "nauc_recall_at_20_std": 0.027973,
        "nauc_recall_at_20_diff1": 0.521398,
        "nauc_recall_at_100_max": 0.907407,
        "nauc_recall_at_100_std": 0.956427,
        "nauc_recall_at_100_diff1": 0.659197,
        "nauc_recall_at_1000_max": NaN,
        "nauc_recall_at_1000_std": NaN,
        "nauc_recall_at_1000_diff1": NaN,
        "nauc_precision_at_1_max": 0.481668,
        "nauc_precision_at_1_std": -0.007363,
        "nauc_precision_at_1_diff1": 0.665231,
        "nauc_precision_at_3_max": 0.502566,
        "nauc_precision_at_3_std": 0.22315,
        "nauc_precision_at_3_diff1": 0.313898,
        "nauc_precision_at_5_max": 0.432827,
        "nauc_precision_at_5_std": 0.25899,
        "nauc_precision_at_5_diff1": 0.136962,
        "nauc_precision_at_10_max": 0.404046,
        "nauc_precision_at_10_std": 0.430228,
        "nauc_precision_at_10_diff1": -0.042235,
        "nauc_precision_at_20_max": 0.359414,
        "nauc_precision_at_20_std": 0.476519,
        "nauc_precision_at_20_diff1": -0.11192,
        "nauc_precision_at_100_max": 0.302752,
        "nauc_precision_at_100_std": 0.552529,
        "nauc_precision_at_100_diff1": -0.212975,
        "nauc_precision_at_1000_max": 0.274071,
        "nauc_precision_at_1000_std": 0.518957,
        "nauc_precision_at_1000_diff1": -0.231629,
        "nauc_mrr_at_1_max": 0.481668,
        "nauc_mrr_at_1_std": -0.007363,
        "nauc_mrr_at_1_diff1": 0.665231,
        "nauc_mrr_at_3_max": 0.512906,
        "nauc_mrr_at_3_std": 0.042525,
        "nauc_mrr_at_3_diff1": 0.659903,
        "nauc_mrr_at_5_max": 0.50259,
        "nauc_mrr_at_5_std": 0.024192,
        "nauc_mrr_at_5_diff1": 0.651577,
        "nauc_mrr_at_10_max": 0.510944,
        "nauc_mrr_at_10_std": 0.028271,
        "nauc_mrr_at_10_diff1": 0.657448,
        "nauc_mrr_at_20_max": 0.509009,
        "nauc_mrr_at_20_std": 0.029479,
        "nauc_mrr_at_20_diff1": 0.656551,
        "nauc_mrr_at_100_max": 0.508047,
        "nauc_mrr_at_100_std": 0.028179,
        "nauc_mrr_at_100_diff1": 0.656972,
        "nauc_mrr_at_1000_max": 0.507984,
        "nauc_mrr_at_1000_std": 0.028055,
        "nauc_mrr_at_1000_diff1": 0.656985,
        "main_score": 0.79016,
        "hf_subset": "default",
        "languages": [
          "eng-Latn"
        ]
      }
    ]
  },
  "evaluation_time": 128.6800184249878,
  "kg_co2_emissions": null
}