{
  "dataset_revision": "c22ab2a51041ffd869aaddef7af8d8215647e41a",
  "task_name": "ArguAna",
  "mteb_version": "1.38.54",
  "scores": {
    "test": [
      {
        "ndcg_at_1": 0.40327,
        "ndcg_at_3": 0.5759,
        "ndcg_at_5": 0.62522,
        "ndcg_at_10": 0.65753,
        "ndcg_at_20": 0.66956,
        "ndcg_at_100": 0.67517,
        "ndcg_at_1000": 0.67585,
        "map_at_1": 0.40327,
        "map_at_3": 0.53355,
        "map_at_5": 0.56114,
        "map_at_10": 0.57482,
        "map_at_20": 0.5783,
        "map_at_100": 0.5791,
        "map_at_1000": 0.57913,
        "recall_at_1": 0.40327,
        "recall_at_3": 0.69844,
        "recall_at_5": 0.81721,
        "recall_at_10": 0.91536,
        "recall_at_20": 0.96159,
        "recall_at_100": 0.99147,
        "recall_at_1000": 0.99644,
        "precision_at_1": 0.40327,
        "precision_at_3": 0.23281,
        "precision_at_5": 0.16344,
        "precision_at_10": 0.09154,
        "precision_at_20": 0.04808,
        "precision_at_100": 0.00991,
        "precision_at_1000": 0.001,
        "mrr_at_1": 0.410384,
        "mrr_at_3": 0.535917,
        "mrr_at_5": 0.563656,
        "mrr_at_10": 0.577296,
        "mrr_at_20": 0.580778,
        "mrr_at_100": 0.581574,
        "mrr_at_1000": 0.581608,
        "nauc_ndcg_at_1_max": -0.088671,
        "nauc_ndcg_at_1_std": -0.188645,
        "nauc_ndcg_at_1_diff1": 0.148156,
        "nauc_ndcg_at_3_max": -0.046613,
        "nauc_ndcg_at_3_std": -0.177307,
        "nauc_ndcg_at_3_diff1": 0.119582,
        "nauc_ndcg_at_5_max": -0.015968,
        "nauc_ndcg_at_5_std": -0.156288,
        "nauc_ndcg_at_5_diff1": 0.138593,
        "nauc_ndcg_at_10_max": -0.03186,
        "nauc_ndcg_at_10_std": -0.166491,
        "nauc_ndcg_at_10_diff1": 0.134331,
        "nauc_ndcg_at_20_max": -0.033635,
        "nauc_ndcg_at_20_std": -0.163213,
        "nauc_ndcg_at_20_diff1": 0.132522,
        "nauc_ndcg_at_100_max": -0.041363,
        "nauc_ndcg_at_100_std": -0.164348,
        "nauc_ndcg_at_100_diff1": 0.130964,
        "nauc_ndcg_at_1000_max": -0.043579,
        "nauc_ndcg_at_1000_std": -0.166311,
        "nauc_ndcg_at_1000_diff1": 0.130735,
        "nauc_map_at_1_max": -0.088671,
        "nauc_map_at_1_std": -0.188645,
        "nauc_map_at_1_diff1": 0.148156,
        "nauc_map_at_3_max": -0.058574,
        "nauc_map_at_3_std": -0.180544,
        "nauc_map_at_3_diff1": 0.123789,
        "nauc_map_at_5_max": -0.044321,
        "nauc_map_at_5_std": -0.17008,
        "nauc_map_at_5_diff1": 0.132959,
        "nauc_map_at_10_max": -0.051277,
        "nauc_map_at_10_std": -0.173617,
        "nauc_map_at_10_diff1": 0.131208,
        "nauc_map_at_20_max": -0.051533,
        "nauc_map_at_20_std": -0.172658,
        "nauc_map_at_20_diff1": 0.130949,
        "nauc_map_at_100_max": -0.052412,
        "nauc_map_at_100_std": -0.172704,
        "nauc_map_at_100_diff1": 0.130822,
        "nauc_map_at_1000_max": -0.052493,
        "nauc_map_at_1000_std": -0.172783,
        "nauc_map_at_1000_diff1": 0.13082,
        "nauc_recall_at_1_max": -0.088671,
        "nauc_recall_at_1_std": -0.188645,
        "nauc_recall_at_1_diff1": 0.148156,
        "nauc_recall_at_3_max": -0.003809,
        "nauc_recall_at_3_std": -0.165717,
        "nauc_recall_at_3_diff1": 0.106442,
        "nauc_recall_at_5_max": 0.135439,
        "nauc_recall_at_5_std": -0.081838,
        "nauc_recall_at_5_diff1": 0.175839,
        "nauc_recall_at_10_max": 0.15767,
        "nauc_recall_at_10_std": -0.104362,
        "nauc_recall_at_10_diff1": 0.177864,
        "nauc_recall_at_20_max": 0.324069,
        "nauc_recall_at_20_std": 0.029395,
        "nauc_recall_at_20_diff1": 0.178485,
        "nauc_recall_at_100_max": 0.481278,
        "nauc_recall_at_100_std": 0.481122,
        "nauc_recall_at_100_diff1": 0.098659,
        "nauc_recall_at_1000_max": 0.187648,
        "nauc_recall_at_1000_std": 0.509845,
        "nauc_recall_at_1000_diff1": -0.077988,
        "nauc_precision_at_1_max": -0.088671,
        "nauc_precision_at_1_std": -0.188645,
        "nauc_precision_at_1_diff1": 0.148156,
        "nauc_precision_at_3_max": -0.003809,
        "nauc_precision_at_3_std": -0.165717,
        "nauc_precision_at_3_diff1": 0.106442,
        "nauc_precision_at_5_max": 0.135439,
        "nauc_precision_at_5_std": -0.081838,
        "nauc_precision_at_5_diff1": 0.175839,
        "nauc_precision_at_10_max": 0.15767,
        "nauc_precision_at_10_std": -0.104362,
        "nauc_precision_at_10_diff1": 0.177864,
        "nauc_precision_at_20_max": 0.324069,
        "nauc_precision_at_20_std": 0.029395,
        "nauc_precision_at_20_diff1": 0.178485,
        "nauc_precision_at_100_max": 0.481278,
        "nauc_precision_at_100_std": 0.481122,
        "nauc_precision_at_100_diff1": 0.098659,
        "nauc_precision_at_1000_max": 0.187648,
        "nauc_precision_at_1000_std": 0.509845,
        "nauc_precision_at_1000_diff1": -0.077988,
        "nauc_mrr_at_1_max": -0.096546,
        "nauc_mrr_at_1_std": -0.189489,
        "nauc_mrr_at_1_diff1": 0.128832,
        "nauc_mrr_at_3_max": -0.073887,
        "nauc_mrr_at_3_std": -0.18183,
        "nauc_mrr_at_3_diff1": 0.101171,
        "nauc_mrr_at_5_max": -0.058609,
        "nauc_mrr_at_5_std": -0.170037,
        "nauc_mrr_at_5_diff1": 0.111881,
        "nauc_mrr_at_10_max": -0.06597,
        "nauc_mrr_at_10_std": -0.174434,
        "nauc_mrr_at_10_diff1": 0.109415,
        "nauc_mrr_at_20_max": -0.066405,
        "nauc_mrr_at_20_std": -0.173484,
        "nauc_mrr_at_20_diff1": 0.108889,
        "nauc_mrr_at_100_max": -0.067327,
        "nauc_mrr_at_100_std": -0.173533,
        "nauc_mrr_at_100_diff1": 0.1087,
        "nauc_mrr_at_1000_max": -0.06741,
        "nauc_mrr_at_1000_std": -0.173612,
        "nauc_mrr_at_1000_diff1": 0.108695,
        "main_score": 0.65753,
        "hf_subset": "default",
        "languages": [
          "eng-Latn"
        ]
      }
    ]
  },
  "evaluation_time": 210.0018093585968,
  "kg_co2_emissions": null
}