{
  "dataset_revision": "ad9991cb51e31e31e430383c75ffb2885547b5f0",
  "task_name": "CQADupstackEnglishRetrieval",
  "mteb_version": "1.38.54",
  "scores": {
    "test": [
      {
        "ndcg_at_1": 0.3465,
        "ndcg_at_3": 0.38738,
        "ndcg_at_5": 0.4026,
        "ndcg_at_10": 0.4189,
        "ndcg_at_20": 0.4352,
        "ndcg_at_100": 0.4601,
        "ndcg_at_1000": 0.4825,
        "map_at_1": 0.27505,
        "map_at_3": 0.3445,
        "map_at_5": 0.35899,
        "map_at_10": 0.36904,
        "map_at_20": 0.37495,
        "map_at_100": 0.37991,
        "map_at_1000": 0.38112,
        "recall_at_1": 0.27505,
        "recall_at_3": 0.40542,
        "recall_at_5": 0.45038,
        "recall_at_10": 0.50294,
        "recall_at_20": 0.56458,
        "recall_at_100": 0.68277,
        "recall_at_1000": 0.82763,
        "precision_at_1": 0.3465,
        "precision_at_3": 0.1896,
        "precision_at_5": 0.13236,
        "precision_at_10": 0.07828,
        "precision_at_20": 0.04602,
        "precision_at_100": 0.01255,
        "precision_at_1000": 0.00175,
        "mrr_at_1": 0.346497,
        "mrr_at_3": 0.406582,
        "mrr_at_5": 0.417187,
        "mrr_at_10": 0.424106,
        "mrr_at_20": 0.428219,
        "mrr_at_100": 0.430842,
        "mrr_at_1000": 0.431419,
        "nauc_ndcg_at_1_max": 0.521237,
        "nauc_ndcg_at_1_std": 0.094739,
        "nauc_ndcg_at_1_diff1": 0.664583,
        "nauc_ndcg_at_3_max": 0.502359,
        "nauc_ndcg_at_3_std": 0.083858,
        "nauc_ndcg_at_3_diff1": 0.580553,
        "nauc_ndcg_at_5_max": 0.5008,
        "nauc_ndcg_at_5_std": 0.090973,
        "nauc_ndcg_at_5_diff1": 0.574599,
        "nauc_ndcg_at_10_max": 0.501908,
        "nauc_ndcg_at_10_std": 0.096847,
        "nauc_ndcg_at_10_diff1": 0.568086,
        "nauc_ndcg_at_20_max": 0.497892,
        "nauc_ndcg_at_20_std": 0.104611,
        "nauc_ndcg_at_20_diff1": 0.560404,
        "nauc_ndcg_at_100_max": 0.502807,
        "nauc_ndcg_at_100_std": 0.117301,
        "nauc_ndcg_at_100_diff1": 0.558515,
        "nauc_ndcg_at_1000_max": 0.510284,
        "nauc_ndcg_at_1000_std": 0.12612,
        "nauc_ndcg_at_1000_diff1": 0.562572,
        "nauc_map_at_1_max": 0.429072,
        "nauc_map_at_1_std": 0.019509,
        "nauc_map_at_1_diff1": 0.665604,
        "nauc_map_at_3_max": 0.47223,
        "nauc_map_at_3_std": 0.046729,
        "nauc_map_at_3_diff1": 0.601164,
        "nauc_map_at_5_max": 0.479748,
        "nauc_map_at_5_std": 0.061016,
        "nauc_map_at_5_diff1": 0.594499,
        "nauc_map_at_10_max": 0.485024,
        "nauc_map_at_10_std": 0.06822,
        "nauc_map_at_10_diff1": 0.59044,
        "nauc_map_at_20_max": 0.486164,
        "nauc_map_at_20_std": 0.072893,
        "nauc_map_at_20_diff1": 0.588385,
        "nauc_map_at_100_max": 0.489549,
        "nauc_map_at_100_std": 0.077391,
        "nauc_map_at_100_diff1": 0.588254,
        "nauc_map_at_1000_max": 0.490386,
        "nauc_map_at_1000_std": 0.078213,
        "nauc_map_at_1000_diff1": 0.588546,
        "nauc_recall_at_1_max": 0.429072,
        "nauc_recall_at_1_std": 0.019509,
        "nauc_recall_at_1_diff1": 0.665604,
        "nauc_recall_at_3_max": 0.454205,
        "nauc_recall_at_3_std": 0.057707,
        "nauc_recall_at_3_diff1": 0.517641,
        "nauc_recall_at_5_max": 0.456888,
        "nauc_recall_at_5_std": 0.091943,
        "nauc_recall_at_5_diff1": 0.4947,
        "nauc_recall_at_10_max": 0.465868,
        "nauc_recall_at_10_std": 0.113474,
        "nauc_recall_at_10_diff1": 0.476389,
        "nauc_recall_at_20_max": 0.445424,
        "nauc_recall_at_20_std": 0.142581,
        "nauc_recall_at_20_diff1": 0.432971,
        "nauc_recall_at_100_max": 0.450498,
        "nauc_recall_at_100_std": 0.21381,
        "nauc_recall_at_100_diff1": 0.394189,
        "nauc_recall_at_1000_max": 0.504912,
        "nauc_recall_at_1000_std": 0.357336,
        "nauc_recall_at_1000_diff1": 0.365705,
        "nauc_precision_at_1_max": 0.521237,
        "nauc_precision_at_1_std": 0.094739,
        "nauc_precision_at_1_diff1": 0.664583,
        "nauc_precision_at_3_max": 0.506647,
        "nauc_precision_at_3_std": 0.163933,
        "nauc_precision_at_3_diff1": 0.39632,
        "nauc_precision_at_5_max": 0.483653,
        "nauc_precision_at_5_std": 0.19849,
        "nauc_precision_at_5_diff1": 0.322725,
        "nauc_precision_at_10_max": 0.45612,
        "nauc_precision_at_10_std": 0.229852,
        "nauc_precision_at_10_diff1": 0.235246,
        "nauc_precision_at_20_max": 0.412549,
        "nauc_precision_at_20_std": 0.257357,
        "nauc_precision_at_20_diff1": 0.161727,
        "nauc_precision_at_100_max": 0.32956,
        "nauc_precision_at_100_std": 0.272189,
        "nauc_precision_at_100_diff1": 0.053254,
        "nauc_precision_at_1000_max": 0.212583,
        "nauc_precision_at_1000_std": 0.250639,
        "nauc_precision_at_1000_diff1": -0.031811,
        "nauc_mrr_at_1_max": 0.521237,
        "nauc_mrr_at_1_std": 0.094739,
        "nauc_mrr_at_1_diff1": 0.664583,
        "nauc_mrr_at_3_max": 0.528706,
        "nauc_mrr_at_3_std": 0.108461,
        "nauc_mrr_at_3_diff1": 0.606404,
        "nauc_mrr_at_5_max": 0.527763,
        "nauc_mrr_at_5_std": 0.111499,
        "nauc_mrr_at_5_diff1": 0.603195,
        "nauc_mrr_at_10_max": 0.528197,
        "nauc_mrr_at_10_std": 0.114161,
        "nauc_mrr_at_10_diff1": 0.600813,
        "nauc_mrr_at_20_max": 0.52728,
        "nauc_mrr_at_20_std": 0.115336,
        "nauc_mrr_at_20_diff1": 0.598684,
        "nauc_mrr_at_100_max": 0.527005,
        "nauc_mrr_at_100_std": 0.115924,
        "nauc_mrr_at_100_diff1": 0.598749,
        "nauc_mrr_at_1000_max": 0.527141,
        "nauc_mrr_at_1000_std": 0.116076,
        "nauc_mrr_at_1000_diff1": 0.598955,
        "main_score": 0.4189,
        "hf_subset": "default",
        "languages": [
          "eng-Latn"
        ]
      }
    ]
  },
  "evaluation_time": 458.73598742485046,
  "kg_co2_emissions": null
}