{
  "dataset_revision": "ec0fa4fe99da2ff19ca1214b7966684033a58814",
  "task_name": "NFCorpus",
  "mteb_version": "1.38.54",
  "scores": {
    "test": [
      {
        "ndcg_at_1": 0.30186,
        "ndcg_at_3": 0.25866,
        "ndcg_at_5": 0.24058,
        "ndcg_at_10": 0.22198,
        "ndcg_at_20": 0.20582,
        "ndcg_at_100": 0.21347,
        "ndcg_at_1000": 0.30895,
        "map_at_1": 0.02815,
        "map_at_3": 0.04582,
        "map_at_5": 0.0549,
        "map_at_10": 0.06486,
        "map_at_20": 0.0721,
        "map_at_100": 0.08425,
        "map_at_1000": 0.09591,
        "recall_at_1": 0.02815,
        "recall_at_3": 0.05617,
        "recall_at_5": 0.0747,
        "recall_at_10": 0.10045,
        "recall_at_20": 0.12982,
        "recall_at_100": 0.24216,
        "recall_at_1000": 0.57259,
        "precision_at_1": 0.32817,
        "precision_at_3": 0.25181,
        "precision_at_5": 0.21548,
        "precision_at_10": 0.16997,
        "precision_at_20": 0.12523,
        "precision_at_100": 0.05755,
        "precision_at_1000": 0.0184,
        "mrr_at_1": 0.328173,
        "mrr_at_3": 0.389577,
        "mrr_at_5": 0.403818,
        "mrr_at_10": 0.413765,
        "mrr_at_20": 0.418675,
        "mrr_at_100": 0.42232,
        "mrr_at_1000": 0.42284,
        "nauc_ndcg_at_1_max": 0.370185,
        "nauc_ndcg_at_1_std": 0.281159,
        "nauc_ndcg_at_1_diff1": 0.279069,
        "nauc_ndcg_at_3_max": 0.421961,
        "nauc_ndcg_at_3_std": 0.312915,
        "nauc_ndcg_at_3_diff1": 0.288659,
        "nauc_ndcg_at_5_max": 0.41592,
        "nauc_ndcg_at_5_std": 0.325817,
        "nauc_ndcg_at_5_diff1": 0.281501,
        "nauc_ndcg_at_10_max": 0.418139,
        "nauc_ndcg_at_10_std": 0.321675,
        "nauc_ndcg_at_10_diff1": 0.247674,
        "nauc_ndcg_at_20_max": 0.421401,
        "nauc_ndcg_at_20_std": 0.310961,
        "nauc_ndcg_at_20_diff1": 0.239235,
        "nauc_ndcg_at_100_max": 0.459794,
        "nauc_ndcg_at_100_std": 0.357813,
        "nauc_ndcg_at_100_diff1": 0.216911,
        "nauc_ndcg_at_1000_max": 0.50453,
        "nauc_ndcg_at_1000_std": 0.369536,
        "nauc_ndcg_at_1000_diff1": 0.251983,
        "nauc_map_at_1_max": 0.417471,
        "nauc_map_at_1_std": 0.194242,
        "nauc_map_at_1_diff1": 0.257962,
        "nauc_map_at_3_max": 0.400911,
        "nauc_map_at_3_std": 0.208984,
        "nauc_map_at_3_diff1": 0.221929,
        "nauc_map_at_5_max": 0.389936,
        "nauc_map_at_5_std": 0.219568,
        "nauc_map_at_5_diff1": 0.233317,
        "nauc_map_at_10_max": 0.416277,
        "nauc_map_at_10_std": 0.246018,
        "nauc_map_at_10_diff1": 0.222001,
        "nauc_map_at_20_max": 0.420392,
        "nauc_map_at_20_std": 0.255275,
        "nauc_map_at_20_diff1": 0.225064,
        "nauc_map_at_100_max": 0.42816,
        "nauc_map_at_100_std": 0.291129,
        "nauc_map_at_100_diff1": 0.215115,
        "nauc_map_at_1000_max": 0.428672,
        "nauc_map_at_1000_std": 0.299777,
        "nauc_map_at_1000_diff1": 0.220692,
        "nauc_recall_at_1_max": 0.417471,
        "nauc_recall_at_1_std": 0.194242,
        "nauc_recall_at_1_diff1": 0.257962,
        "nauc_recall_at_3_max": 0.342297,
        "nauc_recall_at_3_std": 0.176292,
        "nauc_recall_at_3_diff1": 0.151261,
        "nauc_recall_at_5_max": 0.298406,
        "nauc_recall_at_5_std": 0.165644,
        "nauc_recall_at_5_diff1": 0.151827,
        "nauc_recall_at_10_max": 0.34058,
        "nauc_recall_at_10_std": 0.180188,
        "nauc_recall_at_10_diff1": 0.120046,
        "nauc_recall_at_20_max": 0.306413,
        "nauc_recall_at_20_std": 0.147636,
        "nauc_recall_at_20_diff1": 0.106316,
        "nauc_recall_at_100_max": 0.230653,
        "nauc_recall_at_100_std": 0.202967,
        "nauc_recall_at_100_diff1": 0.013274,
        "nauc_recall_at_1000_max": 0.222672,
        "nauc_recall_at_1000_std": 0.169189,
        "nauc_recall_at_1000_diff1": 0.069815,
        "nauc_precision_at_1_max": 0.395163,
        "nauc_precision_at_1_std": 0.267141,
        "nauc_precision_at_1_diff1": 0.280506,
        "nauc_precision_at_3_max": 0.405026,
        "nauc_precision_at_3_std": 0.275288,
        "nauc_precision_at_3_diff1": 0.248741,
        "nauc_precision_at_5_max": 0.381012,
        "nauc_precision_at_5_std": 0.286568,
        "nauc_precision_at_5_diff1": 0.236002,
        "nauc_precision_at_10_max": 0.339399,
        "nauc_precision_at_10_std": 0.289173,
        "nauc_precision_at_10_diff1": 0.179192,
        "nauc_precision_at_20_max": 0.293399,
        "nauc_precision_at_20_std": 0.270619,
        "nauc_precision_at_20_diff1": 0.157399,
        "nauc_precision_at_100_max": 0.168487,
        "nauc_precision_at_100_std": 0.227791,
        "nauc_precision_at_100_diff1": 0.07626,
        "nauc_precision_at_1000_max": 0.012999,
        "nauc_precision_at_1000_std": 0.076171,
        "nauc_precision_at_1000_diff1": 0.024982,
        "nauc_mrr_at_1_max": 0.395163,
        "nauc_mrr_at_1_std": 0.267141,
        "nauc_mrr_at_1_diff1": 0.280506,
        "nauc_mrr_at_3_max": 0.440364,
        "nauc_mrr_at_3_std": 0.289696,
        "nauc_mrr_at_3_diff1": 0.282291,
        "nauc_mrr_at_5_max": 0.436111,
        "nauc_mrr_at_5_std": 0.293863,
        "nauc_mrr_at_5_diff1": 0.277426,
        "nauc_mrr_at_10_max": 0.43635,
        "nauc_mrr_at_10_std": 0.29093,
        "nauc_mrr_at_10_diff1": 0.272671,
        "nauc_mrr_at_20_max": 0.439224,
        "nauc_mrr_at_20_std": 0.290356,
        "nauc_mrr_at_20_diff1": 0.274916,
        "nauc_mrr_at_100_max": 0.441477,
        "nauc_mrr_at_100_std": 0.291987,
        "nauc_mrr_at_100_diff1": 0.275283,
        "nauc_mrr_at_1000_max": 0.441124,
        "nauc_mrr_at_1000_std": 0.291799,
        "nauc_mrr_at_1000_diff1": 0.27532,
        "main_score": 0.22198,
        "hf_subset": "default",
        "languages": [
          "eng-Latn"
        ]
      }
    ]
  },
  "evaluation_time": 143.64683723449707,
  "kg_co2_emissions": null
}