{
  "dataset_revision": "0228b52cf27578f30900b9e5271d331663a030d7",
  "task_name": "SciFact",
  "mteb_version": "1.38.54",
  "scores": {
    "test": [
      {
        "ndcg_at_1": 0.49,
        "ndcg_at_3": 0.56266,
        "ndcg_at_5": 0.5897,
        "ndcg_at_10": 0.61542,
        "ndcg_at_20": 0.62736,
        "ndcg_at_100": 0.64689,
        "ndcg_at_1000": 0.65748,
        "map_at_1": 0.46539,
        "map_at_3": 0.53572,
        "map_at_5": 0.55371,
        "map_at_10": 0.56664,
        "map_at_20": 0.5707,
        "map_at_100": 0.57374,
        "map_at_1000": 0.57411,
        "recall_at_1": 0.46539,
        "recall_at_3": 0.61156,
        "recall_at_5": 0.67972,
        "recall_at_10": 0.7535,
        "recall_at_20": 0.79656,
        "recall_at_100": 0.89833,
        "recall_at_1000": 0.98333,
        "precision_at_1": 0.49,
        "precision_at_3": 0.22556,
        "precision_at_5": 0.152,
        "precision_at_10": 0.086,
        "precision_at_20": 0.04583,
        "precision_at_100": 0.01027,
        "precision_at_1000": 0.00111,
        "mrr_at_1": 0.49,
        "mrr_at_3": 0.553333,
        "mrr_at_5": 0.568,
        "mrr_at_10": 0.576962,
        "mrr_at_20": 0.579797,
        "mrr_at_100": 0.582503,
        "mrr_at_1000": 0.582859,
        "nauc_ndcg_at_1_max": 0.575877,
        "nauc_ndcg_at_1_std": -0.015672,
        "nauc_ndcg_at_1_diff1": 0.715087,
        "nauc_ndcg_at_3_max": 0.610018,
        "nauc_ndcg_at_3_std": -0.005681,
        "nauc_ndcg_at_3_diff1": 0.699284,
        "nauc_ndcg_at_5_max": 0.603472,
        "nauc_ndcg_at_5_std": 0.001381,
        "nauc_ndcg_at_5_diff1": 0.691027,
        "nauc_ndcg_at_10_max": 0.616723,
        "nauc_ndcg_at_10_std": 0.032846,
        "nauc_ndcg_at_10_diff1": 0.69112,
        "nauc_ndcg_at_20_max": 0.617664,
        "nauc_ndcg_at_20_std": 0.029953,
        "nauc_ndcg_at_20_diff1": 0.688825,
        "nauc_ndcg_at_100_max": 0.613758,
        "nauc_ndcg_at_100_std": 0.032883,
        "nauc_ndcg_at_100_diff1": 0.690491,
        "nauc_ndcg_at_1000_max": 0.611344,
        "nauc_ndcg_at_1000_std": 0.027244,
        "nauc_ndcg_at_1000_diff1": 0.694743,
        "nauc_map_at_1_max": 0.528736,
        "nauc_map_at_1_std": -0.092323,
        "nauc_map_at_1_diff1": 0.727294,
        "nauc_map_at_3_max": 0.58233,
        "nauc_map_at_3_std": -0.040816,
        "nauc_map_at_3_diff1": 0.709953,
        "nauc_map_at_5_max": 0.584646,
        "nauc_map_at_5_std": -0.026676,
        "nauc_map_at_5_diff1": 0.704071,
        "nauc_map_at_10_max": 0.593878,
        "nauc_map_at_10_std": -0.006554,
        "nauc_map_at_10_diff1": 0.704232,
        "nauc_map_at_20_max": 0.594746,
        "nauc_map_at_20_std": -0.005671,
        "nauc_map_at_20_diff1": 0.703444,
        "nauc_map_at_100_max": 0.593762,
        "nauc_map_at_100_std": -0.005241,
        "nauc_map_at_100_diff1": 0.703839,
        "nauc_map_at_1000_max": 0.593674,
        "nauc_map_at_1000_std": -0.005406,
        "nauc_map_at_1000_diff1": 0.704004,
        "nauc_recall_at_1_max": 0.528736,
        "nauc_recall_at_1_std": -0.092323,
        "nauc_recall_at_1_diff1": 0.727294,
        "nauc_recall_at_3_max": 0.625608,
        "nauc_recall_at_3_std": -0.009079,
        "nauc_recall_at_3_diff1": 0.673945,
        "nauc_recall_at_5_max": 0.613665,
        "nauc_recall_at_5_std": 0.025274,
        "nauc_recall_at_5_diff1": 0.646761,
        "nauc_recall_at_10_max": 0.661434,
        "nauc_recall_at_10_std": 0.128365,
        "nauc_recall_at_10_diff1": 0.637202,
        "nauc_recall_at_20_max": 0.676253,
        "nauc_recall_at_20_std": 0.118567,
        "nauc_recall_at_20_diff1": 0.622917,
        "nauc_recall_at_100_max": 0.684213,
        "nauc_recall_at_100_std": 0.234565,
        "nauc_recall_at_100_diff1": 0.589905,
        "nauc_recall_at_1000_max": 0.717087,
        "nauc_recall_at_1000_std": 0.505322,
        "nauc_recall_at_1000_diff1": 0.580859,
        "nauc_precision_at_1_max": 0.575877,
        "nauc_precision_at_1_std": -0.015672,
        "nauc_precision_at_1_diff1": 0.715087,
        "nauc_precision_at_3_max": 0.601681,
        "nauc_precision_at_3_std": 0.189979,
        "nauc_precision_at_3_diff1": 0.511007,
        "nauc_precision_at_5_max": 0.553712,
        "nauc_precision_at_5_std": 0.262235,
        "nauc_precision_at_5_diff1": 0.40511,
        "nauc_precision_at_10_max": 0.507406,
        "nauc_precision_at_10_std": 0.37948,
        "nauc_precision_at_10_diff1": 0.287044,
        "nauc_precision_at_20_max": 0.454202,
        "nauc_precision_at_20_std": 0.383386,
        "nauc_precision_at_20_diff1": 0.205336,
        "nauc_precision_at_100_max": 0.366416,
        "nauc_precision_at_100_std": 0.485774,
        "nauc_precision_at_100_diff1": 0.053641,
        "nauc_precision_at_1000_max": 0.24797,
        "nauc_precision_at_1000_std": 0.573749,
        "nauc_precision_at_1000_diff1": -0.139591,
        "nauc_mrr_at_1_max": 0.575877,
        "nauc_mrr_at_1_std": -0.015672,
        "nauc_mrr_at_1_diff1": 0.715087,
        "nauc_mrr_at_3_max": 0.621594,
        "nauc_mrr_at_3_std": 0.019599,
        "nauc_mrr_at_3_diff1": 0.699874,
        "nauc_mrr_at_5_max": 0.614747,
        "nauc_mrr_at_5_std": 0.022742,
        "nauc_mrr_at_5_diff1": 0.695217,
        "nauc_mrr_at_10_max": 0.616838,
        "nauc_mrr_at_10_std": 0.030249,
        "nauc_mrr_at_10_diff1": 0.697027,
        "nauc_mrr_at_20_max": 0.615594,
        "nauc_mrr_at_20_std": 0.027112,
        "nauc_mrr_at_20_diff1": 0.696539,
        "nauc_mrr_at_100_max": 0.61497,
        "nauc_mrr_at_100_std": 0.026926,
        "nauc_mrr_at_100_diff1": 0.697219,
        "nauc_mrr_at_1000_max": 0.614885,
        "nauc_mrr_at_1000_std": 0.026814,
        "nauc_mrr_at_1000_diff1": 0.697375,
        "main_score": 0.61542,
        "hf_subset": "default",
        "languages": [
          "eng-Latn"
        ]
      }
    ]
  },
  "evaluation_time": 192.06792664527893,
  "kg_co2_emissions": null
}