{
  "dataset_revision": "c22ab2a51041ffd869aaddef7af8d8215647e41a",
  "task_name": "ArguAna",
  "mteb_version": "1.38.54",
  "scores": {
    "test": [
      {
        "ndcg_at_1": 0.11024,
        "ndcg_at_3": 0.17481,
        "ndcg_at_5": 0.19703,
        "ndcg_at_10": 0.23202,
        "ndcg_at_20": 0.25124,
        "ndcg_at_100": 0.28074,
        "ndcg_at_1000": 0.3046,
        "map_at_1": 0.11024,
        "map_at_3": 0.15837,
        "map_at_5": 0.17067,
        "map_at_10": 0.18513,
        "map_at_20": 0.19031,
        "map_at_100": 0.19432,
        "map_at_1000": 0.19511,
        "recall_at_1": 0.11024,
        "recall_at_3": 0.22262,
        "recall_at_5": 0.27667,
        "recall_at_10": 0.38478,
        "recall_at_20": 0.46159,
        "recall_at_100": 0.62162,
        "recall_at_1000": 0.81579,
        "precision_at_1": 0.11024,
        "precision_at_3": 0.07421,
        "precision_at_5": 0.05533,
        "precision_at_10": 0.03848,
        "precision_at_20": 0.02308,
        "precision_at_100": 0.00622,
        "precision_at_1000": 0.00082,
        "mrr_at_1": 0.111664,
        "mrr_at_3": 0.158843,
        "mrr_at_5": 0.17129,
        "mrr_at_10": 0.185755,
        "mrr_at_20": 0.190932,
        "mrr_at_100": 0.194946,
        "mrr_at_1000": 0.195739,
        "nauc_ndcg_at_1_max": -0.062227,
        "nauc_ndcg_at_1_std": 0.024788,
        "nauc_ndcg_at_1_diff1": 0.100051,
        "nauc_ndcg_at_3_max": -0.032611,
        "nauc_ndcg_at_3_std": 0.042033,
        "nauc_ndcg_at_3_diff1": 0.08577,
        "nauc_ndcg_at_5_max": -0.029897,
        "nauc_ndcg_at_5_std": 0.057704,
        "nauc_ndcg_at_5_diff1": 0.086483,
        "nauc_ndcg_at_10_max": -0.014179,
        "nauc_ndcg_at_10_std": 0.084436,
        "nauc_ndcg_at_10_diff1": 0.080767,
        "nauc_ndcg_at_20_max": -0.011746,
        "nauc_ndcg_at_20_std": 0.105497,
        "nauc_ndcg_at_20_diff1": 0.085406,
        "nauc_ndcg_at_100_max": -0.013996,
        "nauc_ndcg_at_100_std": 0.128189,
        "nauc_ndcg_at_100_diff1": 0.086498,
        "nauc_ndcg_at_1000_max": -0.016676,
        "nauc_ndcg_at_1000_std": 0.127475,
        "nauc_ndcg_at_1000_diff1": 0.087407,
        "nauc_map_at_1_max": -0.062227,
        "nauc_map_at_1_std": 0.024788,
        "nauc_map_at_1_diff1": 0.100051,
        "nauc_map_at_3_max": -0.036076,
        "nauc_map_at_3_std": 0.036683,
        "nauc_map_at_3_diff1": 0.088182,
        "nauc_map_at_5_max": -0.033971,
        "nauc_map_at_5_std": 0.045937,
        "nauc_map_at_5_diff1": 0.088318,
        "nauc_map_at_10_max": -0.026274,
        "nauc_map_at_10_std": 0.057519,
        "nauc_map_at_10_diff1": 0.085255,
        "nauc_map_at_20_max": -0.025285,
        "nauc_map_at_20_std": 0.063513,
        "nauc_map_at_20_diff1": 0.08662,
        "nauc_map_at_100_max": -0.025288,
        "nauc_map_at_100_std": 0.066851,
        "nauc_map_at_100_diff1": 0.08683,
        "nauc_map_at_1000_max": -0.025345,
        "nauc_map_at_1000_std": 0.066921,
        "nauc_map_at_1000_diff1": 0.086958,
        "nauc_recall_at_1_max": -0.062227,
        "nauc_recall_at_1_std": 0.024788,
        "nauc_recall_at_1_diff1": 0.100051,
        "nauc_recall_at_3_max": -0.025462,
        "nauc_recall_at_3_std": 0.054818,
        "nauc_recall_at_3_diff1": 0.080403,
        "nauc_recall_at_5_max": -0.021942,
        "nauc_recall_at_5_std": 0.085287,
        "nauc_recall_at_5_diff1": 0.082973,
        "nauc_recall_at_10_max": 0.013102,
        "nauc_recall_at_10_std": 0.149386,
        "nauc_recall_at_10_diff1": 0.071253,
        "nauc_recall_at_20_max": 0.019556,
        "nauc_recall_at_20_std": 0.216619,
        "nauc_recall_at_20_diff1": 0.085533,
        "nauc_recall_at_100_max": 0.009298,
        "nauc_recall_at_100_std": 0.34087,
        "nauc_recall_at_100_diff1": 0.090117,
        "nauc_recall_at_1000_max": -0.010982,
        "nauc_recall_at_1000_std": 0.472942,
        "nauc_recall_at_1000_diff1": 0.09558,
        "nauc_precision_at_1_max": -0.062227,
        "nauc_precision_at_1_std": 0.024788,
        "nauc_precision_at_1_diff1": 0.100051,
        "nauc_precision_at_3_max": -0.025462,
        "nauc_precision_at_3_std": 0.054818,
        "nauc_precision_at_3_diff1": 0.080403,
        "nauc_precision_at_5_max": -0.021942,
        "nauc_precision_at_5_std": 0.085287,
        "nauc_precision_at_5_diff1": 0.082973,
        "nauc_precision_at_10_max": 0.013102,
        "nauc_precision_at_10_std": 0.149386,
        "nauc_precision_at_10_diff1": 0.071253,
        "nauc_precision_at_20_max": 0.019556,
        "nauc_precision_at_20_std": 0.216619,
        "nauc_precision_at_20_diff1": 0.085533,
        "nauc_precision_at_100_max": 0.009298,
        "nauc_precision_at_100_std": 0.34087,
        "nauc_precision_at_100_diff1": 0.090117,
        "nauc_precision_at_1000_max": -0.010982,
        "nauc_precision_at_1000_std": 0.472942,
        "nauc_precision_at_1000_diff1": 0.09558,
        "nauc_mrr_at_1_max": -0.058671,
        "nauc_mrr_at_1_std": 0.023969,
        "nauc_mrr_at_1_diff1": 0.091589,
        "nauc_mrr_at_3_max": -0.039765,
        "nauc_mrr_at_3_std": 0.036501,
        "nauc_mrr_at_3_diff1": 0.080313,
        "nauc_mrr_at_5_max": -0.035683,
        "nauc_mrr_at_5_std": 0.045377,
        "nauc_mrr_at_5_diff1": 0.082511,
        "nauc_mrr_at_10_max": -0.028142,
        "nauc_mrr_at_10_std": 0.056915,
        "nauc_mrr_at_10_diff1": 0.079139,
        "nauc_mrr_at_20_max": -0.027159,
        "nauc_mrr_at_20_std": 0.062889,
        "nauc_mrr_at_20_diff1": 0.080493,
        "nauc_mrr_at_100_max": -0.027172,
        "nauc_mrr_at_100_std": 0.066215,
        "nauc_mrr_at_100_diff1": 0.080669,
        "nauc_mrr_at_1000_max": -0.027233,
        "nauc_mrr_at_1000_std": 0.066283,
        "nauc_mrr_at_1000_diff1": 0.080782,
        "main_score": 0.23202,
        "hf_subset": "default",
        "languages": [
          "eng-Latn"
        ]
      }
    ]
  },
  "evaluation_time": 9484.049357652664,
  "kg_co2_emissions": null
}