{
  "dataset_revision": "ad9991cb51e31e31e430383c75ffb2885547b5f0",
  "task_name": "CQADupstackEnglishRetrieval",
  "mteb_version": "1.38.54",
  "scores": {
    "test": [
      {
        "ndcg_at_1": 0.06815,
        "ndcg_at_3": 0.08682,
        "ndcg_at_5": 0.09368,
        "ndcg_at_10": 0.10411,
        "ndcg_at_20": 0.11222,
        "ndcg_at_100": 0.13003,
        "ndcg_at_1000": 0.16046,
        "map_at_1": 0.05047,
        "map_at_3": 0.07204,
        "map_at_5": 0.07686,
        "map_at_10": 0.08129,
        "map_at_20": 0.08379,
        "map_at_100": 0.0862,
        "map_at_1000": 0.08721,
        "recall_at_1": 0.05047,
        "recall_at_3": 0.09773,
        "recall_at_5": 0.1172,
        "recall_at_10": 0.14797,
        "recall_at_20": 0.17803,
        "recall_at_100": 0.26634,
        "recall_at_1000": 0.48394,
        "precision_at_1": 0.06815,
        "precision_at_3": 0.04522,
        "precision_at_5": 0.03299,
        "precision_at_10": 0.02185,
        "precision_at_20": 0.0136,
        "precision_at_100": 0.00445,
        "precision_at_1000": 0.00094,
        "mrr_at_1": 0.068153,
        "mrr_at_3": 0.095117,
        "mrr_at_5": 0.100212,
        "mrr_at_10": 0.106293,
        "mrr_at_20": 0.108922,
        "mrr_at_100": 0.111543,
        "mrr_at_1000": 0.112423,
        "nauc_ndcg_at_1_max": 0.159937,
        "nauc_ndcg_at_1_std": -0.085469,
        "nauc_ndcg_at_1_diff1": 0.367713,
        "nauc_ndcg_at_3_max": 0.093772,
        "nauc_ndcg_at_3_std": -0.083131,
        "nauc_ndcg_at_3_diff1": 0.286499,
        "nauc_ndcg_at_5_max": 0.081817,
        "nauc_ndcg_at_5_std": -0.087473,
        "nauc_ndcg_at_5_diff1": 0.266109,
        "nauc_ndcg_at_10_max": 0.074348,
        "nauc_ndcg_at_10_std": -0.084845,
        "nauc_ndcg_at_10_diff1": 0.245715,
        "nauc_ndcg_at_20_max": 0.069899,
        "nauc_ndcg_at_20_std": -0.088782,
        "nauc_ndcg_at_20_diff1": 0.232907,
        "nauc_ndcg_at_100_max": 0.070922,
        "nauc_ndcg_at_100_std": -0.090436,
        "nauc_ndcg_at_100_diff1": 0.217895,
        "nauc_ndcg_at_1000_max": 0.066477,
        "nauc_ndcg_at_1000_std": -0.087513,
        "nauc_ndcg_at_1000_diff1": 0.217491,
        "nauc_map_at_1_max": 0.145937,
        "nauc_map_at_1_std": -0.0723,
        "nauc_map_at_1_diff1": 0.43404,
        "nauc_map_at_3_max": 0.098082,
        "nauc_map_at_3_std": -0.080261,
        "nauc_map_at_3_diff1": 0.318416,
        "nauc_map_at_5_max": 0.095373,
        "nauc_map_at_5_std": -0.085462,
        "nauc_map_at_5_diff1": 0.300975,
        "nauc_map_at_10_max": 0.091177,
        "nauc_map_at_10_std": -0.084164,
        "nauc_map_at_10_diff1": 0.288852,
        "nauc_map_at_20_max": 0.088985,
        "nauc_map_at_20_std": -0.084846,
        "nauc_map_at_20_diff1": 0.283071,
        "nauc_map_at_100_max": 0.088329,
        "nauc_map_at_100_std": -0.08486,
        "nauc_map_at_100_diff1": 0.280023,
        "nauc_map_at_1000_max": 0.087904,
        "nauc_map_at_1000_std": -0.084424,
        "nauc_map_at_1000_diff1": 0.27993,
        "nauc_recall_at_1_max": 0.145937,
        "nauc_recall_at_1_std": -0.0723,
        "nauc_recall_at_1_diff1": 0.43404,
        "nauc_recall_at_3_max": 0.063437,
        "nauc_recall_at_3_std": -0.086756,
        "nauc_recall_at_3_diff1": 0.248463,
        "nauc_recall_at_5_max": 0.052077,
        "nauc_recall_at_5_std": -0.096589,
        "nauc_recall_at_5_diff1": 0.206355,
        "nauc_recall_at_10_max": 0.039925,
        "nauc_recall_at_10_std": -0.089597,
        "nauc_recall_at_10_diff1": 0.170802,
        "nauc_recall_at_20_max": 0.027833,
        "nauc_recall_at_20_std": -0.092274,
        "nauc_recall_at_20_diff1": 0.142373,
        "nauc_recall_at_100_max": 0.037611,
        "nauc_recall_at_100_std": -0.085969,
        "nauc_recall_at_100_diff1": 0.109584,
        "nauc_recall_at_1000_max": 0.027411,
        "nauc_recall_at_1000_std": -0.071585,
        "nauc_recall_at_1000_diff1": 0.112424,
        "nauc_precision_at_1_max": 0.159937,
        "nauc_precision_at_1_std": -0.085469,
        "nauc_precision_at_1_diff1": 0.367713,
        "nauc_precision_at_3_max": 0.096168,
        "nauc_precision_at_3_std": -0.091902,
        "nauc_precision_at_3_diff1": 0.22421,
        "nauc_precision_at_5_max": 0.07624,
        "nauc_precision_at_5_std": -0.092559,
        "nauc_precision_at_5_diff1": 0.189635,
        "nauc_precision_at_10_max": 0.053419,
        "nauc_precision_at_10_std": -0.068129,
        "nauc_precision_at_10_diff1": 0.162614,
        "nauc_precision_at_20_max": 0.053564,
        "nauc_precision_at_20_std": -0.066776,
        "nauc_precision_at_20_diff1": 0.143506,
        "nauc_precision_at_100_max": 0.038358,
        "nauc_precision_at_100_std": -0.04428,
        "nauc_precision_at_100_diff1": 0.081558,
        "nauc_precision_at_1000_max": 0.001687,
        "nauc_precision_at_1000_std": -0.031528,
        "nauc_precision_at_1000_diff1": 0.005583,
        "nauc_mrr_at_1_max": 0.159937,
        "nauc_mrr_at_1_std": -0.085469,
        "nauc_mrr_at_1_diff1": 0.367713,
        "nauc_mrr_at_3_max": 0.114073,
        "nauc_mrr_at_3_std": -0.090772,
        "nauc_mrr_at_3_diff1": 0.288118,
        "nauc_mrr_at_5_max": 0.104928,
        "nauc_mrr_at_5_std": -0.092796,
        "nauc_mrr_at_5_diff1": 0.278325,
        "nauc_mrr_at_10_max": 0.101448,
        "nauc_mrr_at_10_std": -0.093557,
        "nauc_mrr_at_10_diff1": 0.265555,
        "nauc_mrr_at_20_max": 0.100269,
        "nauc_mrr_at_20_std": -0.093915,
        "nauc_mrr_at_20_diff1": 0.262231,
        "nauc_mrr_at_100_max": 0.099335,
        "nauc_mrr_at_100_std": -0.093684,
        "nauc_mrr_at_100_diff1": 0.259169,
        "nauc_mrr_at_1000_max": 0.098919,
        "nauc_mrr_at_1000_std": -0.093599,
        "nauc_mrr_at_1000_diff1": 0.259379,
        "main_score": 0.10411,
        "hf_subset": "default",
        "languages": [
          "eng-Latn"
        ]
      }
    ]
  },
  "evaluation_time": 11776.435523986816,
  "kg_co2_emissions": null
}