{
  "dataset_revision": "ec0fa4fe99da2ff19ca1214b7966684033a58814",
  "task_name": "NFCorpus",
  "mteb_version": "1.38.54",
  "scores": {
    "test": [
      {
        "ndcg_at_1": 0.08669,
        "ndcg_at_3": 0.07358,
        "ndcg_at_5": 0.07278,
        "ndcg_at_10": 0.06697,
        "ndcg_at_20": 0.06639,
        "ndcg_at_100": 0.08357,
        "ndcg_at_1000": 0.18376,
        "map_at_1": 0.00731,
        "map_at_3": 0.01149,
        "map_at_5": 0.01337,
        "map_at_10": 0.01478,
        "map_at_20": 0.01682,
        "map_at_100": 0.02124,
        "map_at_1000": 0.02911,
        "recall_at_1": 0.00731,
        "recall_at_3": 0.01509,
        "recall_at_5": 0.02145,
        "recall_at_10": 0.02842,
        "recall_at_20": 0.0448,
        "recall_at_100": 0.11709,
        "recall_at_1000": 0.45874,
        "precision_at_1": 0.09598,
        "precision_at_3": 0.07327,
        "precision_at_5": 0.06811,
        "precision_at_10": 0.05449,
        "precision_at_20": 0.04628,
        "precision_at_100": 0.0296,
        "precision_at_1000": 0.01516,
        "mrr_at_1": 0.095975,
        "mrr_at_3": 0.125903,
        "mrr_at_5": 0.13937,
        "mrr_at_10": 0.150896,
        "mrr_at_20": 0.157862,
        "mrr_at_100": 0.163544,
        "mrr_at_1000": 0.164688,
        "nauc_ndcg_at_1_max": 0.015588,
        "nauc_ndcg_at_1_std": 0.035588,
        "nauc_ndcg_at_1_diff1": 0.218861,
        "nauc_ndcg_at_3_max": 0.002753,
        "nauc_ndcg_at_3_std": 0.092459,
        "nauc_ndcg_at_3_diff1": 0.169091,
        "nauc_ndcg_at_5_max": 0.015994,
        "nauc_ndcg_at_5_std": 0.101758,
        "nauc_ndcg_at_5_diff1": 0.139084,
        "nauc_ndcg_at_10_max": 0.054195,
        "nauc_ndcg_at_10_std": 0.123532,
        "nauc_ndcg_at_10_diff1": 0.113657,
        "nauc_ndcg_at_20_max": 0.088086,
        "nauc_ndcg_at_20_std": 0.176148,
        "nauc_ndcg_at_20_diff1": 0.091407,
        "nauc_ndcg_at_100_max": 0.170892,
        "nauc_ndcg_at_100_std": 0.169787,
        "nauc_ndcg_at_100_diff1": 0.074826,
        "nauc_ndcg_at_1000_max": 0.19282,
        "nauc_ndcg_at_1000_std": 0.165444,
        "nauc_ndcg_at_1000_diff1": 0.06117,
        "nauc_map_at_1_max": 0.072183,
        "nauc_map_at_1_std": 0.048157,
        "nauc_map_at_1_diff1": 0.148698,
        "nauc_map_at_3_max": 0.047438,
        "nauc_map_at_3_std": 0.064527,
        "nauc_map_at_3_diff1": 0.112191,
        "nauc_map_at_5_max": 0.062256,
        "nauc_map_at_5_std": 0.071402,
        "nauc_map_at_5_diff1": 0.102508,
        "nauc_map_at_10_max": 0.077122,
        "nauc_map_at_10_std": 0.07637,
        "nauc_map_at_10_diff1": 0.117157,
        "nauc_map_at_20_max": 0.090904,
        "nauc_map_at_20_std": 0.114709,
        "nauc_map_at_20_diff1": 0.105439,
        "nauc_map_at_100_max": 0.108965,
        "nauc_map_at_100_std": 0.132354,
        "nauc_map_at_100_diff1": 0.105476,
        "nauc_map_at_1000_max": 0.086572,
        "nauc_map_at_1000_std": 0.14641,
        "nauc_map_at_1000_diff1": 0.092749,
        "nauc_recall_at_1_max": 0.072183,
        "nauc_recall_at_1_std": 0.048157,
        "nauc_recall_at_1_diff1": 0.148698,
        "nauc_recall_at_3_max": 0.063836,
        "nauc_recall_at_3_std": 0.071431,
        "nauc_recall_at_3_diff1": 0.046553,
        "nauc_recall_at_5_max": 0.135887,
        "nauc_recall_at_5_std": 0.099498,
        "nauc_recall_at_5_diff1": -0.013637,
        "nauc_recall_at_10_max": 0.19765,
        "nauc_recall_at_10_std": 0.090702,
        "nauc_recall_at_10_diff1": 0.003153,
        "nauc_recall_at_20_max": 0.225955,
        "nauc_recall_at_20_std": 0.244274,
        "nauc_recall_at_20_diff1": -0.034125,
        "nauc_recall_at_100_max": 0.230072,
        "nauc_recall_at_100_std": 0.168191,
        "nauc_recall_at_100_diff1": -0.010147,
        "nauc_recall_at_1000_max": 0.197181,
        "nauc_recall_at_1000_std": 0.150613,
        "nauc_recall_at_1000_diff1": 0.040382,
        "nauc_precision_at_1_max": 0.061647,
        "nauc_precision_at_1_std": 0.029943,
        "nauc_precision_at_1_diff1": 0.235409,
        "nauc_precision_at_3_max": 0.051305,
        "nauc_precision_at_3_std": 0.102013,
        "nauc_precision_at_3_diff1": 0.172006,
        "nauc_precision_at_5_max": 0.036995,
        "nauc_precision_at_5_std": 0.11293,
        "nauc_precision_at_5_diff1": 0.15615,
        "nauc_precision_at_10_max": 0.053561,
        "nauc_precision_at_10_std": 0.147848,
        "nauc_precision_at_10_diff1": 0.126042,
        "nauc_precision_at_20_max": 0.056406,
        "nauc_precision_at_20_std": 0.198324,
        "nauc_precision_at_20_diff1": 0.09663,
        "nauc_precision_at_100_max": -0.000494,
        "nauc_precision_at_100_std": 0.15131,
        "nauc_precision_at_100_diff1": 0.046464,
        "nauc_precision_at_1000_max": -0.114177,
        "nauc_precision_at_1000_std": 0.082718,
        "nauc_precision_at_1000_diff1": -0.008555,
        "nauc_mrr_at_1_max": 0.061647,
        "nauc_mrr_at_1_std": 0.029943,
        "nauc_mrr_at_1_diff1": 0.235409,
        "nauc_mrr_at_3_max": 0.061652,
        "nauc_mrr_at_3_std": 0.086843,
        "nauc_mrr_at_3_diff1": 0.167558,
        "nauc_mrr_at_5_max": 0.070041,
        "nauc_mrr_at_5_std": 0.091778,
        "nauc_mrr_at_5_diff1": 0.152629,
        "nauc_mrr_at_10_max": 0.081453,
        "nauc_mrr_at_10_std": 0.097453,
        "nauc_mrr_at_10_diff1": 0.139802,
        "nauc_mrr_at_20_max": 0.082136,
        "nauc_mrr_at_20_std": 0.098995,
        "nauc_mrr_at_20_diff1": 0.13899,
        "nauc_mrr_at_100_max": 0.088816,
        "nauc_mrr_at_100_std": 0.099998,
        "nauc_mrr_at_100_diff1": 0.137373,
        "nauc_mrr_at_1000_max": 0.087924,
        "nauc_mrr_at_1000_std": 0.099375,
        "nauc_mrr_at_1000_diff1": 0.138093,
        "main_score": 0.06697,
        "hf_subset": "default",
        "languages": [
          "eng-Latn"
        ]
      }
    ]
  },
  "evaluation_time": 2415.7518475055695,
  "kg_co2_emissions": null
}