{
  "dataset_revision": "f8c2fcf00f625baaa80f62ec5bd9e1fff3b8ae88",
  "task_name": "SCIDOCS",
  "mteb_version": "1.38.54",
  "scores": {
    "test": [
      {
        "ndcg_at_1": 0.027,
        "ndcg_at_3": 0.02157,
        "ndcg_at_5": 0.02034,
        "ndcg_at_10": 0.0255,
        "ndcg_at_20": 0.03251,
        "ndcg_at_100": 0.056,
        "ndcg_at_1000": 0.10885,
        "map_at_1": 0.0055,
        "map_at_3": 0.00919,
        "map_at_5": 0.01108,
        "map_at_10": 0.01283,
        "map_at_20": 0.01444,
        "map_at_100": 0.01718,
        "map_at_1000": 0.01907,
        "recall_at_1": 0.0055,
        "recall_at_3": 0.01258,
        "recall_at_5": 0.01903,
        "recall_at_10": 0.02858,
        "recall_at_20": 0.04498,
        "recall_at_100": 0.12378,
        "recall_at_1000": 0.3872,
        "precision_at_1": 0.027,
        "precision_at_3": 0.02033,
        "precision_at_5": 0.0186,
        "precision_at_10": 0.014,
        "precision_at_20": 0.01105,
        "precision_at_100": 0.00608,
        "precision_at_1000": 0.00191,
        "mrr_at_1": 0.027,
        "mrr_at_3": 0.037333,
        "mrr_at_5": 0.043083,
        "mrr_at_10": 0.047296,
        "mrr_at_20": 0.051174,
        "mrr_at_100": 0.056058,
        "mrr_at_1000": 0.05769,
        "nauc_ndcg_at_1_max": 0.186795,
        "nauc_ndcg_at_1_std": -0.271264,
        "nauc_ndcg_at_1_diff1": -0.120273,
        "nauc_ndcg_at_3_max": 0.161983,
        "nauc_ndcg_at_3_std": -0.204208,
        "nauc_ndcg_at_3_diff1": -0.12277,
        "nauc_ndcg_at_5_max": 0.112608,
        "nauc_ndcg_at_5_std": -0.194531,
        "nauc_ndcg_at_5_diff1": -0.141576,
        "nauc_ndcg_at_10_max": 0.089874,
        "nauc_ndcg_at_10_std": -0.204601,
        "nauc_ndcg_at_10_diff1": -0.129507,
        "nauc_ndcg_at_20_max": 0.088146,
        "nauc_ndcg_at_20_std": -0.188892,
        "nauc_ndcg_at_20_diff1": -0.123384,
        "nauc_ndcg_at_100_max": 0.076846,
        "nauc_ndcg_at_100_std": -0.15484,
        "nauc_ndcg_at_100_diff1": -0.133766,
        "nauc_ndcg_at_1000_max": 0.080644,
        "nauc_ndcg_at_1000_std": -0.10697,
        "nauc_ndcg_at_1000_diff1": -0.124234,
        "nauc_map_at_1_max": 0.195434,
        "nauc_map_at_1_std": -0.270661,
        "nauc_map_at_1_diff1": -0.115843,
        "nauc_map_at_3_max": 0.183402,
        "nauc_map_at_3_std": -0.216506,
        "nauc_map_at_3_diff1": -0.126807,
        "nauc_map_at_5_max": 0.145282,
        "nauc_map_at_5_std": -0.209853,
        "nauc_map_at_5_diff1": -0.147661,
        "nauc_map_at_10_max": 0.12762,
        "nauc_map_at_10_std": -0.216495,
        "nauc_map_at_10_diff1": -0.146825,
        "nauc_map_at_20_max": 0.124163,
        "nauc_map_at_20_std": -0.206477,
        "nauc_map_at_20_diff1": -0.14963,
        "nauc_map_at_100_max": 0.117597,
        "nauc_map_at_100_std": -0.191879,
        "nauc_map_at_100_diff1": -0.149639,
        "nauc_map_at_1000_max": 0.115627,
        "nauc_map_at_1000_std": -0.18297,
        "nauc_map_at_1000_diff1": -0.149999,
        "nauc_recall_at_1_max": 0.195434,
        "nauc_recall_at_1_std": -0.270661,
        "nauc_recall_at_1_diff1": -0.115843,
        "nauc_recall_at_3_max": 0.149952,
        "nauc_recall_at_3_std": -0.176167,
        "nauc_recall_at_3_diff1": -0.122059,
        "nauc_recall_at_5_max": 0.074012,
        "nauc_recall_at_5_std": -0.173562,
        "nauc_recall_at_5_diff1": -0.156511,
        "nauc_recall_at_10_max": 0.048168,
        "nauc_recall_at_10_std": -0.196853,
        "nauc_recall_at_10_diff1": -0.128289,
        "nauc_recall_at_20_max": 0.058459,
        "nauc_recall_at_20_std": -0.171652,
        "nauc_recall_at_20_diff1": -0.113488,
        "nauc_recall_at_100_max": 0.053301,
        "nauc_recall_at_100_std": -0.115742,
        "nauc_recall_at_100_diff1": -0.133883,
        "nauc_recall_at_1000_max": 0.065204,
        "nauc_recall_at_1000_std": -0.030596,
        "nauc_recall_at_1000_diff1": -0.099666,
        "nauc_precision_at_1_max": 0.186795,
        "nauc_precision_at_1_std": -0.271264,
        "nauc_precision_at_1_diff1": -0.120273,
        "nauc_precision_at_3_max": 0.147022,
        "nauc_precision_at_3_std": -0.183728,
        "nauc_precision_at_3_diff1": -0.126072,
        "nauc_precision_at_5_max": 0.069854,
        "nauc_precision_at_5_std": -0.177389,
        "nauc_precision_at_5_diff1": -0.159158,
        "nauc_precision_at_10_max": 0.044766,
        "nauc_precision_at_10_std": -0.199454,
        "nauc_precision_at_10_diff1": -0.129948,
        "nauc_precision_at_20_max": 0.055791,
        "nauc_precision_at_20_std": -0.172278,
        "nauc_precision_at_20_diff1": -0.116183,
        "nauc_precision_at_100_max": 0.050673,
        "nauc_precision_at_100_std": -0.118077,
        "nauc_precision_at_100_diff1": -0.136642,
        "nauc_precision_at_1000_max": 0.061734,
        "nauc_precision_at_1000_std": -0.032139,
        "nauc_precision_at_1000_diff1": -0.103496,
        "nauc_mrr_at_1_max": 0.186795,
        "nauc_mrr_at_1_std": -0.271264,
        "nauc_mrr_at_1_diff1": -0.120273,
        "nauc_mrr_at_3_max": 0.161609,
        "nauc_mrr_at_3_std": -0.210987,
        "nauc_mrr_at_3_diff1": -0.111944,
        "nauc_mrr_at_5_max": 0.129679,
        "nauc_mrr_at_5_std": -0.207254,
        "nauc_mrr_at_5_diff1": -0.119317,
        "nauc_mrr_at_10_max": 0.117093,
        "nauc_mrr_at_10_std": -0.210673,
        "nauc_mrr_at_10_diff1": -0.112644,
        "nauc_mrr_at_20_max": 0.116549,
        "nauc_mrr_at_20_std": -0.205408,
        "nauc_mrr_at_20_diff1": -0.10892,
        "nauc_mrr_at_100_max": 0.113924,
        "nauc_mrr_at_100_std": -0.201133,
        "nauc_mrr_at_100_diff1": -0.111002,
        "nauc_mrr_at_1000_max": 0.114211,
        "nauc_mrr_at_1000_std": -0.200587,
        "nauc_mrr_at_1000_diff1": -0.111433,
        "main_score": 0.0255,
        "hf_subset": "default",
        "languages": [
          "eng-Latn"
        ]
      }
    ]
  },
  "evaluation_time": 6699.011424303055,
  "kg_co2_emissions": null
}