{
  "dataset_revision": "0228b52cf27578f30900b9e5271d331663a030d7",
  "task_name": "SciFact",
  "mteb_version": "1.38.54",
  "scores": {
    "test": [
      {
        "ndcg_at_1": 0.14333,
        "ndcg_at_3": 0.19713,
        "ndcg_at_5": 0.21459,
        "ndcg_at_10": 0.23366,
        "ndcg_at_20": 0.25426,
        "ndcg_at_100": 0.29268,
        "ndcg_at_1000": 0.33004,
        "map_at_1": 0.135,
        "map_at_3": 0.18074,
        "map_at_5": 0.19055,
        "map_at_10": 0.19864,
        "map_at_20": 0.20492,
        "map_at_100": 0.21043,
        "map_at_1000": 0.21168,
        "recall_at_1": 0.135,
        "recall_at_3": 0.23556,
        "recall_at_5": 0.27833,
        "recall_at_10": 0.33306,
        "recall_at_20": 0.40972,
        "recall_at_100": 0.61306,
        "recall_at_1000": 0.91089,
        "precision_at_1": 0.14333,
        "precision_at_3": 0.08333,
        "precision_at_5": 0.05933,
        "precision_at_10": 0.037,
        "precision_at_20": 0.02333,
        "precision_at_100": 0.00687,
        "precision_at_1000": 0.00103,
        "mrr_at_1": 0.143333,
        "mrr_at_3": 0.188889,
        "mrr_at_5": 0.199556,
        "mrr_at_10": 0.207914,
        "mrr_at_20": 0.212951,
        "mrr_at_100": 0.218043,
        "mrr_at_1000": 0.219204,
        "nauc_ndcg_at_1_max": 0.050688,
        "nauc_ndcg_at_1_std": 0.169647,
        "nauc_ndcg_at_1_diff1": 0.251722,
        "nauc_ndcg_at_3_max": 0.022442,
        "nauc_ndcg_at_3_std": 0.143976,
        "nauc_ndcg_at_3_diff1": 0.156652,
        "nauc_ndcg_at_5_max": 0.023469,
        "nauc_ndcg_at_5_std": 0.123474,
        "nauc_ndcg_at_5_diff1": 0.148905,
        "nauc_ndcg_at_10_max": 0.041629,
        "nauc_ndcg_at_10_std": 0.116458,
        "nauc_ndcg_at_10_diff1": 0.137555,
        "nauc_ndcg_at_20_max": 0.022123,
        "nauc_ndcg_at_20_std": 0.148344,
        "nauc_ndcg_at_20_diff1": 0.142859,
        "nauc_ndcg_at_100_max": 0.035837,
        "nauc_ndcg_at_100_std": 0.158929,
        "nauc_ndcg_at_100_diff1": 0.136684,
        "nauc_ndcg_at_1000_max": 0.033413,
        "nauc_ndcg_at_1000_std": 0.159197,
        "nauc_ndcg_at_1000_diff1": 0.139672,
        "nauc_map_at_1_max": 0.076209,
        "nauc_map_at_1_std": 0.116448,
        "nauc_map_at_1_diff1": 0.244515,
        "nauc_map_at_3_max": 0.030059,
        "nauc_map_at_3_std": 0.135091,
        "nauc_map_at_3_diff1": 0.171189,
        "nauc_map_at_5_max": 0.029904,
        "nauc_map_at_5_std": 0.124366,
        "nauc_map_at_5_diff1": 0.166279,
        "nauc_map_at_10_max": 0.041187,
        "nauc_map_at_10_std": 0.118009,
        "nauc_map_at_10_diff1": 0.160139,
        "nauc_map_at_20_max": 0.033775,
        "nauc_map_at_20_std": 0.130303,
        "nauc_map_at_20_diff1": 0.162622,
        "nauc_map_at_100_max": 0.037717,
        "nauc_map_at_100_std": 0.131884,
        "nauc_map_at_100_diff1": 0.159877,
        "nauc_map_at_1000_max": 0.037343,
        "nauc_map_at_1000_std": 0.132353,
        "nauc_map_at_1000_diff1": 0.159965,
        "nauc_recall_at_1_max": 0.076209,
        "nauc_recall_at_1_std": 0.116448,
        "nauc_recall_at_1_diff1": 0.244515,
        "nauc_recall_at_3_max": 0.007938,
        "nauc_recall_at_3_std": 0.136623,
        "nauc_recall_at_3_diff1": 0.116441,
        "nauc_recall_at_5_max": 0.006648,
        "nauc_recall_at_5_std": 0.097599,
        "nauc_recall_at_5_diff1": 0.104391,
        "nauc_recall_at_10_max": 0.047287,
        "nauc_recall_at_10_std": 0.085246,
        "nauc_recall_at_10_diff1": 0.082748,
        "nauc_recall_at_20_max": -0.004895,
        "nauc_recall_at_20_std": 0.173921,
        "nauc_recall_at_20_diff1": 0.09834,
        "nauc_recall_at_100_max": 0.034356,
        "nauc_recall_at_100_std": 0.228689,
        "nauc_recall_at_100_diff1": 0.087145,
        "nauc_recall_at_1000_max": 0.026105,
        "nauc_recall_at_1000_std": 0.329367,
        "nauc_recall_at_1000_diff1": 0.063575,
        "nauc_precision_at_1_max": 0.050688,
        "nauc_precision_at_1_std": 0.169647,
        "nauc_precision_at_1_diff1": 0.251722,
        "nauc_precision_at_3_max": 0.012454,
        "nauc_precision_at_3_std": 0.171683,
        "nauc_precision_at_3_diff1": 0.135455,
        "nauc_precision_at_5_max": 0.019011,
        "nauc_precision_at_5_std": 0.138303,
        "nauc_precision_at_5_diff1": 0.122139,
        "nauc_precision_at_10_max": 0.080491,
        "nauc_precision_at_10_std": 0.120096,
        "nauc_precision_at_10_diff1": 0.094533,
        "nauc_precision_at_20_max": 0.009419,
        "nauc_precision_at_20_std": 0.235051,
        "nauc_precision_at_20_diff1": 0.107588,
        "nauc_precision_at_100_max": 0.044505,
        "nauc_precision_at_100_std": 0.277528,
        "nauc_precision_at_100_diff1": 0.076185,
        "nauc_precision_at_1000_max": 0.004954,
        "nauc_precision_at_1000_std": 0.310294,
        "nauc_precision_at_1000_diff1": -0.002907,
        "nauc_mrr_at_1_max": 0.050688,
        "nauc_mrr_at_1_std": 0.169647,
        "nauc_mrr_at_1_diff1": 0.251722,
        "nauc_mrr_at_3_max": 0.024696,
        "nauc_mrr_at_3_std": 0.165536,
        "nauc_mrr_at_3_diff1": 0.176056,
        "nauc_mrr_at_5_max": 0.026753,
        "nauc_mrr_at_5_std": 0.156676,
        "nauc_mrr_at_5_diff1": 0.171156,
        "nauc_mrr_at_10_max": 0.028632,
        "nauc_mrr_at_10_std": 0.156348,
        "nauc_mrr_at_10_diff1": 0.163216,
        "nauc_mrr_at_20_max": 0.023392,
        "nauc_mrr_at_20_std": 0.161789,
        "nauc_mrr_at_20_diff1": 0.163676,
        "nauc_mrr_at_100_max": 0.026938,
        "nauc_mrr_at_100_std": 0.162704,
        "nauc_mrr_at_100_diff1": 0.16122,
        "nauc_mrr_at_1000_max": 0.026801,
        "nauc_mrr_at_1000_std": 0.162923,
        "nauc_mrr_at_1000_diff1": 0.161333,
        "main_score": 0.23366,
        "hf_subset": "default",
        "languages": [
          "eng-Latn"
        ]
      }
    ]
  },
  "evaluation_time": 2109.5595111846924,
  "kg_co2_emissions": null
}