{
  "dataset_revision": "c22ab2a51041ffd869aaddef7af8d8215647e41a",
  "task_name": "ArguAna",
  "mteb_version": "1.38.54",
  "scores": {
    "test": [
      {
        "ndcg_at_1": 0.44737,
        "ndcg_at_3": 0.61147,
        "ndcg_at_5": 0.66087,
        "ndcg_at_10": 0.69569,
        "ndcg_at_20": 0.70308,
        "ndcg_at_100": 0.70551,
        "ndcg_at_1000": 0.70551,
        "map_at_1": 0.44737,
        "map_at_3": 0.57089,
        "map_at_5": 0.59823,
        "map_at_10": 0.61293,
        "map_at_20": 0.61506,
        "map_at_100": 0.61542,
        "map_at_1000": 0.61542,
        "recall_at_1": 0.44737,
        "recall_at_3": 0.72902,
        "recall_at_5": 0.84922,
        "recall_at_10": 0.95519,
        "recall_at_20": 0.98364,
        "recall_at_100": 0.99644,
        "recall_at_1000": 0.99644,
        "precision_at_1": 0.44737,
        "precision_at_3": 0.24301,
        "precision_at_5": 0.16984,
        "precision_at_10": 0.09552,
        "precision_at_20": 0.04918,
        "precision_at_100": 0.00996,
        "precision_at_1000": 0.001,
        "mrr_at_1": 0.455192,
        "mrr_at_3": 0.572902,
        "mrr_at_5": 0.601458,
        "mrr_at_10": 0.615988,
        "mrr_at_20": 0.618123,
        "mrr_at_100": 0.618477,
        "mrr_at_1000": 0.618477,
        "nauc_ndcg_at_1_max": -0.135203,
        "nauc_ndcg_at_1_std": -0.16212,
        "nauc_ndcg_at_1_diff1": 0.177288,
        "nauc_ndcg_at_3_max": -0.076386,
        "nauc_ndcg_at_3_std": -0.159741,
        "nauc_ndcg_at_3_diff1": 0.156489,
        "nauc_ndcg_at_5_max": -0.082516,
        "nauc_ndcg_at_5_std": -0.150917,
        "nauc_ndcg_at_5_diff1": 0.155212,
        "nauc_ndcg_at_10_max": -0.07894,
        "nauc_ndcg_at_10_std": -0.15859,
        "nauc_ndcg_at_10_diff1": 0.166741,
        "nauc_ndcg_at_20_max": -0.083554,
        "nauc_ndcg_at_20_std": -0.152876,
        "nauc_ndcg_at_20_diff1": 0.168187,
        "nauc_ndcg_at_100_max": -0.091985,
        "nauc_ndcg_at_100_std": -0.155178,
        "nauc_ndcg_at_100_diff1": 0.163726,
        "nauc_ndcg_at_1000_max": -0.091985,
        "nauc_ndcg_at_1000_std": -0.155178,
        "nauc_ndcg_at_1000_diff1": 0.163726,
        "nauc_map_at_1_max": -0.135203,
        "nauc_map_at_1_std": -0.16212,
        "nauc_map_at_1_diff1": 0.177288,
        "nauc_map_at_3_max": -0.093523,
        "nauc_map_at_3_std": -0.160205,
        "nauc_map_at_3_diff1": 0.159641,
        "nauc_map_at_5_max": -0.097811,
        "nauc_map_at_5_std": -0.155934,
        "nauc_map_at_5_diff1": 0.159285,
        "nauc_map_at_10_max": -0.096885,
        "nauc_map_at_10_std": -0.15913,
        "nauc_map_at_10_diff1": 0.164042,
        "nauc_map_at_20_max": -0.09802,
        "nauc_map_at_20_std": -0.157666,
        "nauc_map_at_20_diff1": 0.164208,
        "nauc_map_at_100_max": -0.09899,
        "nauc_map_at_100_std": -0.157949,
        "nauc_map_at_100_diff1": 0.16375,
        "nauc_map_at_1000_max": -0.09899,
        "nauc_map_at_1000_std": -0.157949,
        "nauc_map_at_1000_diff1": 0.16375,
        "nauc_recall_at_1_max": -0.135203,
        "nauc_recall_at_1_std": -0.16212,
        "nauc_recall_at_1_diff1": 0.177288,
        "nauc_recall_at_3_max": -0.012086,
        "nauc_recall_at_3_std": -0.158116,
        "nauc_recall_at_3_diff1": 0.146152,
        "nauc_recall_at_5_max": 0.004155,
        "nauc_recall_at_5_std": -0.119722,
        "nauc_recall_at_5_diff1": 0.133726,
        "nauc_recall_at_10_max": 0.234012,
        "nauc_recall_at_10_std": -0.154246,
        "nauc_recall_at_10_diff1": 0.237033,
        "nauc_recall_at_20_max": 0.543767,
        "nauc_recall_at_20_std": 0.116366,
        "nauc_recall_at_20_diff1": 0.449056,
        "nauc_recall_at_100_max": 0.195116,
        "nauc_recall_at_100_std": 0.38804,
        "nauc_recall_at_100_diff1": 0.034027,
        "nauc_recall_at_1000_max": 0.195116,
        "nauc_recall_at_1000_std": 0.38804,
        "nauc_recall_at_1000_diff1": 0.034027,
        "nauc_precision_at_1_max": -0.135203,
        "nauc_precision_at_1_std": -0.16212,
        "nauc_precision_at_1_diff1": 0.177288,
        "nauc_precision_at_3_max": -0.012086,
        "nauc_precision_at_3_std": -0.158116,
        "nauc_precision_at_3_diff1": 0.146152,
        "nauc_precision_at_5_max": 0.004155,
        "nauc_precision_at_5_std": -0.119722,
        "nauc_precision_at_5_diff1": 0.133726,
        "nauc_precision_at_10_max": 0.234012,
        "nauc_precision_at_10_std": -0.154246,
        "nauc_precision_at_10_diff1": 0.237033,
        "nauc_precision_at_20_max": 0.543767,
        "nauc_precision_at_20_std": 0.116366,
        "nauc_precision_at_20_diff1": 0.449056,
        "nauc_precision_at_100_max": 0.195116,
        "nauc_precision_at_100_std": 0.38804,
        "nauc_precision_at_100_diff1": 0.034027,
        "nauc_precision_at_1000_max": 0.195116,
        "nauc_precision_at_1000_std": 0.38804,
        "nauc_precision_at_1000_diff1": 0.034027,
        "nauc_mrr_at_1_max": -0.133857,
        "nauc_mrr_at_1_std": -0.161168,
        "nauc_mrr_at_1_diff1": 0.155782,
        "nauc_mrr_at_3_max": -0.110087,
        "nauc_mrr_at_3_std": -0.162587,
        "nauc_mrr_at_3_diff1": 0.128355,
        "nauc_mrr_at_5_max": -0.110456,
        "nauc_mrr_at_5_std": -0.15882,
        "nauc_mrr_at_5_diff1": 0.132319,
        "nauc_mrr_at_10_max": -0.108699,
        "nauc_mrr_at_10_std": -0.16055,
        "nauc_mrr_at_10_diff1": 0.136812,
        "nauc_mrr_at_20_max": -0.109927,
        "nauc_mrr_at_20_std": -0.159098,
        "nauc_mrr_at_20_diff1": 0.136763,
        "nauc_mrr_at_100_max": -0.110912,
        "nauc_mrr_at_100_std": -0.159382,
        "nauc_mrr_at_100_diff1": 0.13627,
        "nauc_mrr_at_1000_max": -0.110912,
        "nauc_mrr_at_1000_std": -0.159382,
        "nauc_mrr_at_1000_diff1": 0.13627,
        "main_score": 0.69569,
        "hf_subset": "default",
        "languages": [
          "eng-Latn"
        ]
      }
    ]
  },
  "evaluation_time": 13996.226445674896,
  "kg_co2_emissions": null
}