{
  "dataset_revision": "ad9991cb51e31e31e430383c75ffb2885547b5f0",
  "task_name": "CQADupstackEnglishRetrieval",
  "mteb_version": "1.38.54",
  "scores": {
    "test": [
      {
        "ndcg_at_1": 0.36497,
        "ndcg_at_3": 0.41041,
        "ndcg_at_5": 0.43195,
        "ndcg_at_10": 0.45806,
        "ndcg_at_20": 0.47574,
        "ndcg_at_100": 0.50368,
        "ndcg_at_1000": 0.52441,
        "map_at_1": 0.29229,
        "map_at_3": 0.36469,
        "map_at_5": 0.38241,
        "map_at_10": 0.39764,
        "map_at_20": 0.4047,
        "map_at_100": 0.41057,
        "map_at_1000": 0.41185,
        "recall_at_1": 0.29229,
        "recall_at_3": 0.43428,
        "recall_at_5": 0.49149,
        "recall_at_10": 0.56922,
        "recall_at_20": 0.63325,
        "recall_at_100": 0.76179,
        "recall_at_1000": 0.89156,
        "precision_at_1": 0.36497,
        "precision_at_3": 0.19936,
        "precision_at_5": 0.14318,
        "precision_at_10": 0.08898,
        "precision_at_20": 0.05264,
        "precision_at_100": 0.01441,
        "precision_at_1000": 0.00192,
        "mrr_at_1": 0.364968,
        "mrr_at_3": 0.431741,
        "mrr_at_5": 0.445403,
        "mrr_at_10": 0.454821,
        "mrr_at_20": 0.458951,
        "mrr_at_100": 0.46179,
        "mrr_at_1000": 0.462304,
        "nauc_ndcg_at_1_max": 0.351819,
        "nauc_ndcg_at_1_std": -0.063838,
        "nauc_ndcg_at_1_diff1": 0.526679,
        "nauc_ndcg_at_3_max": 0.379709,
        "nauc_ndcg_at_3_std": -0.052549,
        "nauc_ndcg_at_3_diff1": 0.491297,
        "nauc_ndcg_at_5_max": 0.388231,
        "nauc_ndcg_at_5_std": -0.041066,
        "nauc_ndcg_at_5_diff1": 0.485508,
        "nauc_ndcg_at_10_max": 0.384984,
        "nauc_ndcg_at_10_std": -0.032063,
        "nauc_ndcg_at_10_diff1": 0.475492,
        "nauc_ndcg_at_20_max": 0.387457,
        "nauc_ndcg_at_20_std": -0.026416,
        "nauc_ndcg_at_20_diff1": 0.473129,
        "nauc_ndcg_at_100_max": 0.397591,
        "nauc_ndcg_at_100_std": -0.008101,
        "nauc_ndcg_at_100_diff1": 0.473534,
        "nauc_ndcg_at_1000_max": 0.396797,
        "nauc_ndcg_at_1000_std": -0.003986,
        "nauc_ndcg_at_1000_diff1": 0.475467,
        "nauc_map_at_1_max": 0.285315,
        "nauc_map_at_1_std": -0.127939,
        "nauc_map_at_1_diff1": 0.540484,
        "nauc_map_at_3_max": 0.343185,
        "nauc_map_at_3_std": -0.095538,
        "nauc_map_at_3_diff1": 0.506551,
        "nauc_map_at_5_max": 0.357414,
        "nauc_map_at_5_std": -0.078026,
        "nauc_map_at_5_diff1": 0.50097,
        "nauc_map_at_10_max": 0.361581,
        "nauc_map_at_10_std": -0.068046,
        "nauc_map_at_10_diff1": 0.496062,
        "nauc_map_at_20_max": 0.364754,
        "nauc_map_at_20_std": -0.061715,
        "nauc_map_at_20_diff1": 0.494818,
        "nauc_map_at_100_max": 0.368504,
        "nauc_map_at_100_std": -0.055323,
        "nauc_map_at_100_diff1": 0.493947,
        "nauc_map_at_1000_max": 0.368908,
        "nauc_map_at_1000_std": -0.054298,
        "nauc_map_at_1000_diff1": 0.493797,
        "nauc_recall_at_1_max": 0.285315,
        "nauc_recall_at_1_std": -0.127939,
        "nauc_recall_at_1_diff1": 0.540484,
        "nauc_recall_at_3_max": 0.359615,
        "nauc_recall_at_3_std": -0.077209,
        "nauc_recall_at_3_diff1": 0.459228,
        "nauc_recall_at_5_max": 0.380929,
        "nauc_recall_at_5_std": -0.040185,
        "nauc_recall_at_5_diff1": 0.440893,
        "nauc_recall_at_10_max": 0.377328,
        "nauc_recall_at_10_std": -0.002787,
        "nauc_recall_at_10_diff1": 0.403849,
        "nauc_recall_at_20_max": 0.390001,
        "nauc_recall_at_20_std": 0.026643,
        "nauc_recall_at_20_diff1": 0.384273,
        "nauc_recall_at_100_max": 0.459133,
        "nauc_recall_at_100_std": 0.162881,
        "nauc_recall_at_100_diff1": 0.357503,
        "nauc_recall_at_1000_max": 0.496032,
        "nauc_recall_at_1000_std": 0.361231,
        "nauc_recall_at_1000_diff1": 0.315633,
        "nauc_precision_at_1_max": 0.351819,
        "nauc_precision_at_1_std": -0.063838,
        "nauc_precision_at_1_diff1": 0.526679,
        "nauc_precision_at_3_max": 0.422356,
        "nauc_precision_at_3_std": 0.067209,
        "nauc_precision_at_3_diff1": 0.333942,
        "nauc_precision_at_5_max": 0.412338,
        "nauc_precision_at_5_std": 0.145544,
        "nauc_precision_at_5_diff1": 0.243657,
        "nauc_precision_at_10_max": 0.354242,
        "nauc_precision_at_10_std": 0.219105,
        "nauc_precision_at_10_diff1": 0.132444,
        "nauc_precision_at_20_max": 0.306423,
        "nauc_precision_at_20_std": 0.266072,
        "nauc_precision_at_20_diff1": 0.059445,
        "nauc_precision_at_100_max": 0.244588,
        "nauc_precision_at_100_std": 0.329341,
        "nauc_precision_at_100_diff1": -0.043121,
        "nauc_precision_at_1000_max": 0.149589,
        "nauc_precision_at_1000_std": 0.295691,
        "nauc_precision_at_1000_diff1": -0.102033,
        "nauc_mrr_at_1_max": 0.351819,
        "nauc_mrr_at_1_std": -0.063838,
        "nauc_mrr_at_1_diff1": 0.526679,
        "nauc_mrr_at_3_max": 0.390588,
        "nauc_mrr_at_3_std": -0.037006,
        "nauc_mrr_at_3_diff1": 0.500109,
        "nauc_mrr_at_5_max": 0.391891,
        "nauc_mrr_at_5_std": -0.031873,
        "nauc_mrr_at_5_diff1": 0.496699,
        "nauc_mrr_at_10_max": 0.388807,
        "nauc_mrr_at_10_std": -0.028864,
        "nauc_mrr_at_10_diff1": 0.491977,
        "nauc_mrr_at_20_max": 0.389195,
        "nauc_mrr_at_20_std": -0.028007,
        "nauc_mrr_at_20_diff1": 0.491594,
        "nauc_mrr_at_100_max": 0.389633,
        "nauc_mrr_at_100_std": -0.02725,
        "nauc_mrr_at_100_diff1": 0.491781,
        "nauc_mrr_at_1000_max": 0.389545,
        "nauc_mrr_at_1000_std": -0.027329,
        "nauc_mrr_at_1000_diff1": 0.491918,
        "main_score": 0.45806,
        "hf_subset": "default",
        "languages": [
          "eng-Latn"
        ]
      }
    ]
  },
  "evaluation_time": 18860.019572019577,
  "kg_co2_emissions": null
}