{
  "dataset_revision": "ec0fa4fe99da2ff19ca1214b7966684033a58814",
  "task_name": "NFCorpus",
  "mteb_version": "1.38.54",
  "scores": {
    "test": [
      {
        "ndcg_at_1": 0.43034,
        "ndcg_at_3": 0.39162,
        "ndcg_at_5": 0.36835,
        "ndcg_at_10": 0.3369,
        "ndcg_at_20": 0.31867,
        "ndcg_at_100": 0.31661,
        "ndcg_at_1000": 0.40532,
        "map_at_1": 0.05652,
        "map_at_3": 0.09233,
        "map_at_5": 0.10586,
        "map_at_10": 0.1237,
        "map_at_20": 0.13759,
        "map_at_100": 0.15789,
        "map_at_1000": 0.17254,
        "recall_at_1": 0.05652,
        "recall_at_3": 0.10672,
        "recall_at_5": 0.12945,
        "recall_at_10": 0.16802,
        "recall_at_20": 0.21049,
        "recall_at_100": 0.33082,
        "recall_at_1000": 0.63725,
        "precision_at_1": 0.45201,
        "precision_at_3": 0.36739,
        "precision_at_5": 0.31827,
        "precision_at_10": 0.24644,
        "precision_at_20": 0.18545,
        "precision_at_100": 0.07889,
        "precision_at_1000": 0.02076,
        "mrr_at_1": 0.452012,
        "mrr_at_3": 0.520124,
        "mrr_at_5": 0.531889,
        "mrr_at_10": 0.538711,
        "mrr_at_20": 0.543666,
        "mrr_at_100": 0.546496,
        "mrr_at_1000": 0.546739,
        "nauc_ndcg_at_1_max": 0.444493,
        "nauc_ndcg_at_1_std": 0.296265,
        "nauc_ndcg_at_1_diff1": 0.339476,
        "nauc_ndcg_at_3_max": 0.455877,
        "nauc_ndcg_at_3_std": 0.320321,
        "nauc_ndcg_at_3_diff1": 0.238965,
        "nauc_ndcg_at_5_max": 0.45422,
        "nauc_ndcg_at_5_std": 0.324164,
        "nauc_ndcg_at_5_diff1": 0.225595,
        "nauc_ndcg_at_10_max": 0.447076,
        "nauc_ndcg_at_10_std": 0.321053,
        "nauc_ndcg_at_10_diff1": 0.243694,
        "nauc_ndcg_at_20_max": 0.410803,
        "nauc_ndcg_at_20_std": 0.302961,
        "nauc_ndcg_at_20_diff1": 0.24588,
        "nauc_ndcg_at_100_max": 0.406776,
        "nauc_ndcg_at_100_std": 0.290784,
        "nauc_ndcg_at_100_diff1": 0.260053,
        "nauc_ndcg_at_1000_max": 0.468619,
        "nauc_ndcg_at_1000_std": 0.352096,
        "nauc_ndcg_at_1000_diff1": 0.251135,
        "nauc_map_at_1_max": 0.13287,
        "nauc_map_at_1_std": -0.135249,
        "nauc_map_at_1_diff1": 0.426959,
        "nauc_map_at_3_max": 0.146292,
        "nauc_map_at_3_std": -0.064878,
        "nauc_map_at_3_diff1": 0.331155,
        "nauc_map_at_5_max": 0.189954,
        "nauc_map_at_5_std": -0.032155,
        "nauc_map_at_5_diff1": 0.313608,
        "nauc_map_at_10_max": 0.224088,
        "nauc_map_at_10_std": 0.012039,
        "nauc_map_at_10_diff1": 0.298741,
        "nauc_map_at_20_max": 0.247816,
        "nauc_map_at_20_std": 0.056182,
        "nauc_map_at_20_diff1": 0.28061,
        "nauc_map_at_100_max": 0.290445,
        "nauc_map_at_100_std": 0.130916,
        "nauc_map_at_100_diff1": 0.264398,
        "nauc_map_at_1000_max": 0.312076,
        "nauc_map_at_1000_std": 0.172846,
        "nauc_map_at_1000_diff1": 0.258084,
        "nauc_recall_at_1_max": 0.13287,
        "nauc_recall_at_1_std": -0.135249,
        "nauc_recall_at_1_diff1": 0.426959,
        "nauc_recall_at_3_max": 0.096842,
        "nauc_recall_at_3_std": -0.058345,
        "nauc_recall_at_3_diff1": 0.271908,
        "nauc_recall_at_5_max": 0.127023,
        "nauc_recall_at_5_std": -0.041687,
        "nauc_recall_at_5_diff1": 0.242458,
        "nauc_recall_at_10_max": 0.157583,
        "nauc_recall_at_10_std": -0.009151,
        "nauc_recall_at_10_diff1": 0.245382,
        "nauc_recall_at_20_max": 0.141484,
        "nauc_recall_at_20_std": 0.020858,
        "nauc_recall_at_20_diff1": 0.216073,
        "nauc_recall_at_100_max": 0.180137,
        "nauc_recall_at_100_std": 0.150445,
        "nauc_recall_at_100_diff1": 0.152785,
        "nauc_recall_at_1000_max": 0.213178,
        "nauc_recall_at_1000_std": 0.234662,
        "nauc_recall_at_1000_diff1": 0.092192,
        "nauc_precision_at_1_max": 0.46739,
        "nauc_precision_at_1_std": 0.291451,
        "nauc_precision_at_1_diff1": 0.317319,
        "nauc_precision_at_3_max": 0.481726,
        "nauc_precision_at_3_std": 0.365548,
        "nauc_precision_at_3_diff1": 0.145873,
        "nauc_precision_at_5_max": 0.479008,
        "nauc_precision_at_5_std": 0.395577,
        "nauc_precision_at_5_diff1": 0.094421,
        "nauc_precision_at_10_max": 0.457604,
        "nauc_precision_at_10_std": 0.43015,
        "nauc_precision_at_10_diff1": 0.073547,
        "nauc_precision_at_20_max": 0.390034,
        "nauc_precision_at_20_std": 0.455268,
        "nauc_precision_at_20_diff1": 0.025344,
        "nauc_precision_at_100_max": 0.306745,
        "nauc_precision_at_100_std": 0.474214,
        "nauc_precision_at_100_diff1": -0.024902,
        "nauc_precision_at_1000_max": 0.178803,
        "nauc_precision_at_1000_std": 0.368223,
        "nauc_precision_at_1000_diff1": -0.04843,
        "nauc_mrr_at_1_max": 0.46739,
        "nauc_mrr_at_1_std": 0.291451,
        "nauc_mrr_at_1_diff1": 0.317319,
        "nauc_mrr_at_3_max": 0.500186,
        "nauc_mrr_at_3_std": 0.319978,
        "nauc_mrr_at_3_diff1": 0.303327,
        "nauc_mrr_at_5_max": 0.492774,
        "nauc_mrr_at_5_std": 0.319239,
        "nauc_mrr_at_5_diff1": 0.30295,
        "nauc_mrr_at_10_max": 0.49907,
        "nauc_mrr_at_10_std": 0.32711,
        "nauc_mrr_at_10_diff1": 0.306295,
        "nauc_mrr_at_20_max": 0.496723,
        "nauc_mrr_at_20_std": 0.327004,
        "nauc_mrr_at_20_diff1": 0.303034,
        "nauc_mrr_at_100_max": 0.498559,
        "nauc_mrr_at_100_std": 0.327211,
        "nauc_mrr_at_100_diff1": 0.302586,
        "nauc_mrr_at_1000_max": 0.498518,
        "nauc_mrr_at_1000_std": 0.327258,
        "nauc_mrr_at_1000_diff1": 0.302627,
        "main_score": 0.3369,
        "hf_subset": "default",
        "languages": [
          "eng-Latn"
        ]
      }
    ]
  },
  "evaluation_time": 4198.484119653702,
  "kg_co2_emissions": null
}