{
  "dataset_revision": "f8c2fcf00f625baaa80f62ec5bd9e1fff3b8ae88",
  "task_name": "SCIDOCS",
  "mteb_version": "1.38.54",
  "scores": {
    "test": [
      {
        "ndcg_at_1": 0.276,
        "ndcg_at_3": 0.2295,
        "ndcg_at_5": 0.20262,
        "ndcg_at_10": 0.24598,
        "ndcg_at_20": 0.28244,
        "ndcg_at_100": 0.34557,
        "ndcg_at_1000": 0.3985,
        "map_at_1": 0.05575,
        "map_at_3": 0.10282,
        "map_at_5": 0.12484,
        "map_at_10": 0.14782,
        "map_at_20": 0.16168,
        "map_at_100": 0.17553,
        "map_at_1000": 0.17915,
        "recall_at_1": 0.05575,
        "recall_at_3": 0.13177,
        "recall_at_5": 0.18327,
        "recall_at_10": 0.26267,
        "recall_at_20": 0.34828,
        "recall_at_100": 0.55252,
        "recall_at_1000": 0.80697,
        "precision_at_1": 0.276,
        "precision_at_3": 0.21667,
        "precision_at_5": 0.1806,
        "precision_at_10": 0.1294,
        "precision_at_20": 0.0858,
        "precision_at_100": 0.02721,
        "precision_at_1000": 0.00398,
        "mrr_at_1": 0.276,
        "mrr_at_3": 0.3685,
        "mrr_at_5": 0.3908,
        "mrr_at_10": 0.407442,
        "mrr_at_20": 0.415039,
        "mrr_at_100": 0.418476,
        "mrr_at_1000": 0.418682,
        "nauc_ndcg_at_1_max": 0.244247,
        "nauc_ndcg_at_1_std": 0.137015,
        "nauc_ndcg_at_1_diff1": 0.268694,
        "nauc_ndcg_at_3_max": 0.266337,
        "nauc_ndcg_at_3_std": 0.146745,
        "nauc_ndcg_at_3_diff1": 0.184013,
        "nauc_ndcg_at_5_max": 0.291434,
        "nauc_ndcg_at_5_std": 0.175607,
        "nauc_ndcg_at_5_diff1": 0.17067,
        "nauc_ndcg_at_10_max": 0.319084,
        "nauc_ndcg_at_10_std": 0.206721,
        "nauc_ndcg_at_10_diff1": 0.160746,
        "nauc_ndcg_at_20_max": 0.326564,
        "nauc_ndcg_at_20_std": 0.244346,
        "nauc_ndcg_at_20_diff1": 0.149085,
        "nauc_ndcg_at_100_max": 0.340264,
        "nauc_ndcg_at_100_std": 0.299464,
        "nauc_ndcg_at_100_diff1": 0.138137,
        "nauc_ndcg_at_1000_max": 0.343365,
        "nauc_ndcg_at_1000_std": 0.301629,
        "nauc_ndcg_at_1000_diff1": 0.158065,
        "nauc_map_at_1_max": 0.244047,
        "nauc_map_at_1_std": 0.138246,
        "nauc_map_at_1_diff1": 0.266239,
        "nauc_map_at_3_max": 0.263805,
        "nauc_map_at_3_std": 0.143636,
        "nauc_map_at_3_diff1": 0.169485,
        "nauc_map_at_5_max": 0.28972,
        "nauc_map_at_5_std": 0.171419,
        "nauc_map_at_5_diff1": 0.155197,
        "nauc_map_at_10_max": 0.312249,
        "nauc_map_at_10_std": 0.200047,
        "nauc_map_at_10_diff1": 0.147297,
        "nauc_map_at_20_max": 0.316865,
        "nauc_map_at_20_std": 0.220046,
        "nauc_map_at_20_diff1": 0.141414,
        "nauc_map_at_100_max": 0.324479,
        "nauc_map_at_100_std": 0.241303,
        "nauc_map_at_100_diff1": 0.137215,
        "nauc_map_at_1000_max": 0.325955,
        "nauc_map_at_1000_std": 0.243624,
        "nauc_map_at_1000_diff1": 0.139197,
        "nauc_recall_at_1_max": 0.244047,
        "nauc_recall_at_1_std": 0.138246,
        "nauc_recall_at_1_diff1": 0.266239,
        "nauc_recall_at_3_max": 0.27172,
        "nauc_recall_at_3_std": 0.151652,
        "nauc_recall_at_3_diff1": 0.144927,
        "nauc_recall_at_5_max": 0.300572,
        "nauc_recall_at_5_std": 0.192197,
        "nauc_recall_at_5_diff1": 0.124498,
        "nauc_recall_at_10_max": 0.330249,
        "nauc_recall_at_10_std": 0.235379,
        "nauc_recall_at_10_diff1": 0.103747,
        "nauc_recall_at_20_max": 0.320438,
        "nauc_recall_at_20_std": 0.299626,
        "nauc_recall_at_20_diff1": 0.072867,
        "nauc_recall_at_100_max": 0.308762,
        "nauc_recall_at_100_std": 0.415596,
        "nauc_recall_at_100_diff1": 0.026517,
        "nauc_recall_at_1000_max": 0.298758,
        "nauc_recall_at_1000_std": 0.465308,
        "nauc_recall_at_1000_diff1": 0.073927,
        "nauc_precision_at_1_max": 0.244247,
        "nauc_precision_at_1_std": 0.137015,
        "nauc_precision_at_1_diff1": 0.268694,
        "nauc_precision_at_3_max": 0.275124,
        "nauc_precision_at_3_std": 0.152345,
        "nauc_precision_at_3_diff1": 0.150656,
        "nauc_precision_at_5_max": 0.304556,
        "nauc_precision_at_5_std": 0.191825,
        "nauc_precision_at_5_diff1": 0.130243,
        "nauc_precision_at_10_max": 0.337074,
        "nauc_precision_at_10_std": 0.237064,
        "nauc_precision_at_10_diff1": 0.110659,
        "nauc_precision_at_20_max": 0.32365,
        "nauc_precision_at_20_std": 0.297627,
        "nauc_precision_at_20_diff1": 0.077882,
        "nauc_precision_at_100_max": 0.30886,
        "nauc_precision_at_100_std": 0.406872,
        "nauc_precision_at_100_diff1": 0.032255,
        "nauc_precision_at_1000_max": 0.286802,
        "nauc_precision_at_1000_std": 0.429142,
        "nauc_precision_at_1000_diff1": 0.084025,
        "nauc_mrr_at_1_max": 0.244247,
        "nauc_mrr_at_1_std": 0.137015,
        "nauc_mrr_at_1_diff1": 0.268694,
        "nauc_mrr_at_3_max": 0.255955,
        "nauc_mrr_at_3_std": 0.14249,
        "nauc_mrr_at_3_diff1": 0.233536,
        "nauc_mrr_at_5_max": 0.265956,
        "nauc_mrr_at_5_std": 0.152855,
        "nauc_mrr_at_5_diff1": 0.236427,
        "nauc_mrr_at_10_max": 0.26577,
        "nauc_mrr_at_10_std": 0.152912,
        "nauc_mrr_at_10_diff1": 0.229792,
        "nauc_mrr_at_20_max": 0.267221,
        "nauc_mrr_at_20_std": 0.15715,
        "nauc_mrr_at_20_diff1": 0.229981,
        "nauc_mrr_at_100_max": 0.266461,
        "nauc_mrr_at_100_std": 0.155574,
        "nauc_mrr_at_100_diff1": 0.231145,
        "nauc_mrr_at_1000_max": 0.266375,
        "nauc_mrr_at_1000_std": 0.155388,
        "nauc_mrr_at_1000_diff1": 0.231184,
        "main_score": 0.24598,
        "hf_subset": "default",
        "languages": [
          "eng-Latn"
        ]
      }
    ]
  },
  "evaluation_time": 13535.378354549408,
  "kg_co2_emissions": null
}