{
  "dataset_revision": "0228b52cf27578f30900b9e5271d331663a030d7",
  "task_name": "SciFact",
  "mteb_version": "1.38.54",
  "scores": {
    "test": [
      {
        "ndcg_at_1": 0.67667,
        "ndcg_at_3": 0.76796,
        "ndcg_at_5": 0.78846,
        "ndcg_at_10": 0.80517,
        "ndcg_at_20": 0.81573,
        "ndcg_at_100": 0.82142,
        "ndcg_at_1000": 0.82142,
        "map_at_1": 0.6475,
        "map_at_3": 0.73646,
        "map_at_5": 0.75091,
        "map_at_10": 0.75826,
        "map_at_20": 0.76193,
        "map_at_100": 0.7632,
        "map_at_1000": 0.7632,
        "recall_at_1": 0.6475,
        "recall_at_3": 0.83339,
        "recall_at_5": 0.88583,
        "recall_at_10": 0.93611,
        "recall_at_20": 0.97422,
        "recall_at_100": 1.0,
        "recall_at_1000": 1.0,
        "precision_at_1": 0.67667,
        "precision_at_3": 0.30333,
        "precision_at_5": 0.19533,
        "precision_at_10": 0.10367,
        "precision_at_20": 0.0545,
        "precision_at_100": 0.0113,
        "precision_at_1000": 0.00113,
        "mrr_at_1": 0.676667,
        "mrr_at_3": 0.752222,
        "mrr_at_5": 0.763056,
        "mrr_at_10": 0.769159,
        "mrr_at_20": 0.771637,
        "mrr_at_100": 0.772274,
        "mrr_at_1000": 0.772274,
        "nauc_ndcg_at_1_max": 0.440102,
        "nauc_ndcg_at_1_std": -0.066387,
        "nauc_ndcg_at_1_diff1": 0.607016,
        "nauc_ndcg_at_3_max": 0.480456,
        "nauc_ndcg_at_3_std": -0.051288,
        "nauc_ndcg_at_3_diff1": 0.621038,
        "nauc_ndcg_at_5_max": 0.472115,
        "nauc_ndcg_at_5_std": -0.092211,
        "nauc_ndcg_at_5_diff1": 0.608295,
        "nauc_ndcg_at_10_max": 0.459682,
        "nauc_ndcg_at_10_std": -0.101184,
        "nauc_ndcg_at_10_diff1": 0.593006,
        "nauc_ndcg_at_20_max": 0.468334,
        "nauc_ndcg_at_20_std": -0.069017,
        "nauc_ndcg_at_20_diff1": 0.610671,
        "nauc_ndcg_at_100_max": 0.478143,
        "nauc_ndcg_at_100_std": -0.067183,
        "nauc_ndcg_at_100_diff1": 0.613197,
        "nauc_ndcg_at_1000_max": 0.478143,
        "nauc_ndcg_at_1000_std": -0.067183,
        "nauc_ndcg_at_1000_diff1": 0.613197,
        "nauc_map_at_1_max": 0.379161,
        "nauc_map_at_1_std": -0.127859,
        "nauc_map_at_1_diff1": 0.620829,
        "nauc_map_at_3_max": 0.43792,
        "nauc_map_at_3_std": -0.088743,
        "nauc_map_at_3_diff1": 0.622413,
        "nauc_map_at_5_max": 0.449053,
        "nauc_map_at_5_std": -0.099209,
        "nauc_map_at_5_diff1": 0.616547,
        "nauc_map_at_10_max": 0.447448,
        "nauc_map_at_10_std": -0.099355,
        "nauc_map_at_10_diff1": 0.611711,
        "nauc_map_at_20_max": 0.452406,
        "nauc_map_at_20_std": -0.088691,
        "nauc_map_at_20_diff1": 0.615437,
        "nauc_map_at_100_max": 0.455808,
        "nauc_map_at_100_std": -0.086862,
        "nauc_map_at_100_diff1": 0.616501,
        "nauc_map_at_1000_max": 0.455808,
        "nauc_map_at_1000_std": -0.086862,
        "nauc_map_at_1000_diff1": 0.616501,
        "nauc_recall_at_1_max": 0.379161,
        "nauc_recall_at_1_std": -0.127859,
        "nauc_recall_at_1_diff1": 0.620829,
        "nauc_recall_at_3_max": 0.464518,
        "nauc_recall_at_3_std": -0.070222,
        "nauc_recall_at_3_diff1": 0.611377,
        "nauc_recall_at_5_max": 0.470966,
        "nauc_recall_at_5_std": -0.176786,
        "nauc_recall_at_5_diff1": 0.557702,
        "nauc_recall_at_10_max": 0.334742,
        "nauc_recall_at_10_std": -0.335444,
        "nauc_recall_at_10_diff1": 0.383678,
        "nauc_recall_at_20_max": 0.274278,
        "nauc_recall_at_20_std": -0.044108,
        "nauc_recall_at_20_diff1": 0.53628,
        "nauc_recall_at_100_max": NaN,
        "nauc_recall_at_100_std": NaN,
        "nauc_recall_at_100_diff1": NaN,
        "nauc_recall_at_1000_max": NaN,
        "nauc_recall_at_1000_std": NaN,
        "nauc_recall_at_1000_diff1": NaN,
        "nauc_precision_at_1_max": 0.440102,
        "nauc_precision_at_1_std": -0.066387,
        "nauc_precision_at_1_diff1": 0.607016,
        "nauc_precision_at_3_max": 0.466012,
        "nauc_precision_at_3_std": 0.198585,
        "nauc_precision_at_3_diff1": 0.258493,
        "nauc_precision_at_5_max": 0.441316,
        "nauc_precision_at_5_std": 0.190884,
        "nauc_precision_at_5_diff1": 0.090745,
        "nauc_precision_at_10_max": 0.364779,
        "nauc_precision_at_10_std": 0.248404,
        "nauc_precision_at_10_diff1": -0.10332,
        "nauc_precision_at_20_max": 0.353423,
        "nauc_precision_at_20_std": 0.439993,
        "nauc_precision_at_20_diff1": -0.173185,
        "nauc_precision_at_100_max": 0.323172,
        "nauc_precision_at_100_std": 0.463933,
        "nauc_precision_at_100_diff1": -0.245361,
        "nauc_precision_at_1000_max": 0.323172,
        "nauc_precision_at_1000_std": 0.463933,
        "nauc_precision_at_1000_diff1": -0.245361,
        "nauc_mrr_at_1_max": 0.440102,
        "nauc_mrr_at_1_std": -0.066387,
        "nauc_mrr_at_1_diff1": 0.607016,
        "nauc_mrr_at_3_max": 0.504404,
        "nauc_mrr_at_3_std": -0.026946,
        "nauc_mrr_at_3_diff1": 0.61895,
        "nauc_mrr_at_5_max": 0.494657,
        "nauc_mrr_at_5_std": -0.044327,
        "nauc_mrr_at_5_diff1": 0.610296,
        "nauc_mrr_at_10_max": 0.488178,
        "nauc_mrr_at_10_std": -0.050312,
        "nauc_mrr_at_10_diff1": 0.605843,
        "nauc_mrr_at_20_max": 0.487295,
        "nauc_mrr_at_20_std": -0.045797,
        "nauc_mrr_at_20_diff1": 0.609487,
        "nauc_mrr_at_100_max": 0.487856,
        "nauc_mrr_at_100_std": -0.046412,
        "nauc_mrr_at_100_diff1": 0.609786,
        "nauc_mrr_at_1000_max": 0.487856,
        "nauc_mrr_at_1000_std": -0.046412,
        "nauc_mrr_at_1000_diff1": 0.609786,
        "main_score": 0.80517,
        "hf_subset": "default",
        "languages": [
          "eng-Latn"
        ]
      }
    ]
  },
  "evaluation_time": 3909.563045501709,
  "kg_co2_emissions": null
}