{
  "dataset_revision": "c22ab2a51041ffd869aaddef7af8d8215647e41a",
  "task_name": "ArguAna",
  "mteb_version": "1.38.54",
  "scores": {
    "test": [
      {
        "ndcg_at_1": 0.30583,
        "ndcg_at_3": 0.45112,
        "ndcg_at_5": 0.49826,
        "ndcg_at_10": 0.54894,
        "ndcg_at_20": 0.57283,
        "ndcg_at_100": 0.58597,
        "ndcg_at_1000": 0.58716,
        "map_at_1": 0.30583,
        "map_at_3": 0.41489,
        "map_at_5": 0.44103,
        "map_at_10": 0.462,
        "map_at_20": 0.46883,
        "map_at_100": 0.47088,
        "map_at_1000": 0.47092,
        "recall_at_1": 0.30583,
        "recall_at_3": 0.55619,
        "recall_at_5": 0.6707,
        "recall_at_10": 0.82717,
        "recall_at_20": 0.91963,
        "recall_at_100": 0.9872,
        "recall_at_1000": 0.99644,
        "precision_at_1": 0.30583,
        "precision_at_3": 0.1854,
        "precision_at_5": 0.13414,
        "precision_at_10": 0.08272,
        "precision_at_20": 0.04598,
        "precision_at_100": 0.00987,
        "precision_at_1000": 0.001,
        "mrr_at_1": 0.311522,
        "mrr_at_3": 0.417852,
        "mrr_at_5": 0.443172,
        "mrr_at_10": 0.464061,
        "mrr_at_20": 0.470946,
        "mrr_at_100": 0.472995,
        "mrr_at_1000": 0.473039,
        "nauc_ndcg_at_1_max": -0.035103,
        "nauc_ndcg_at_1_std": -0.10704,
        "nauc_ndcg_at_1_diff1": 0.136566,
        "nauc_ndcg_at_3_max": -0.026464,
        "nauc_ndcg_at_3_std": -0.116651,
        "nauc_ndcg_at_3_diff1": 0.094863,
        "nauc_ndcg_at_5_max": -0.017881,
        "nauc_ndcg_at_5_std": -0.104495,
        "nauc_ndcg_at_5_diff1": 0.092007,
        "nauc_ndcg_at_10_max": 0.002308,
        "nauc_ndcg_at_10_std": -0.104258,
        "nauc_ndcg_at_10_diff1": 0.103603,
        "nauc_ndcg_at_20_max": 0.00335,
        "nauc_ndcg_at_20_std": -0.102825,
        "nauc_ndcg_at_20_diff1": 0.105195,
        "nauc_ndcg_at_100_max": -0.008058,
        "nauc_ndcg_at_100_std": -0.101552,
        "nauc_ndcg_at_100_diff1": 0.105488,
        "nauc_ndcg_at_1000_max": -0.010831,
        "nauc_ndcg_at_1000_std": -0.104947,
        "nauc_ndcg_at_1000_diff1": 0.10523,
        "nauc_map_at_1_max": -0.035103,
        "nauc_map_at_1_std": -0.10704,
        "nauc_map_at_1_diff1": 0.136566,
        "nauc_map_at_3_max": -0.029002,
        "nauc_map_at_3_std": -0.116618,
        "nauc_map_at_3_diff1": 0.10414,
        "nauc_map_at_5_max": -0.024545,
        "nauc_map_at_5_std": -0.110299,
        "nauc_map_at_5_diff1": 0.102491,
        "nauc_map_at_10_max": -0.017327,
        "nauc_map_at_10_std": -0.110327,
        "nauc_map_at_10_diff1": 0.107132,
        "nauc_map_at_20_max": -0.017419,
        "nauc_map_at_20_std": -0.110185,
        "nauc_map_at_20_diff1": 0.107538,
        "nauc_map_at_100_max": -0.018611,
        "nauc_map_at_100_std": -0.109877,
        "nauc_map_at_100_diff1": 0.107713,
        "nauc_map_at_1000_max": -0.018704,
        "nauc_map_at_1000_std": -0.10999,
        "nauc_map_at_1000_diff1": 0.107698,
        "nauc_recall_at_1_max": -0.035103,
        "nauc_recall_at_1_std": -0.10704,
        "nauc_recall_at_1_diff1": 0.136566,
        "nauc_recall_at_3_max": -0.01868,
        "nauc_recall_at_3_std": -0.115761,
        "nauc_recall_at_3_diff1": 0.067474,
        "nauc_recall_at_5_max": 0.006971,
        "nauc_recall_at_5_std": -0.080806,
        "nauc_recall_at_5_diff1": 0.056393,
        "nauc_recall_at_10_max": 0.130494,
        "nauc_recall_at_10_std": -0.064879,
        "nauc_recall_at_10_diff1": 0.09508,
        "nauc_recall_at_20_max": 0.274543,
        "nauc_recall_at_20_std": -0.004221,
        "nauc_recall_at_20_diff1": 0.107226,
        "nauc_recall_at_100_max": 0.454123,
        "nauc_recall_at_100_std": 0.5753,
        "nauc_recall_at_100_diff1": 0.104133,
        "nauc_recall_at_1000_max": 0.208555,
        "nauc_recall_at_1000_std": 0.554706,
        "nauc_recall_at_1000_diff1": -0.013032,
        "nauc_precision_at_1_max": -0.035103,
        "nauc_precision_at_1_std": -0.10704,
        "nauc_precision_at_1_diff1": 0.136566,
        "nauc_precision_at_3_max": -0.01868,
        "nauc_precision_at_3_std": -0.115761,
        "nauc_precision_at_3_diff1": 0.067474,
        "nauc_precision_at_5_max": 0.006971,
        "nauc_precision_at_5_std": -0.080806,
        "nauc_precision_at_5_diff1": 0.056393,
        "nauc_precision_at_10_max": 0.130494,
        "nauc_precision_at_10_std": -0.064879,
        "nauc_precision_at_10_diff1": 0.09508,
        "nauc_precision_at_20_max": 0.274543,
        "nauc_precision_at_20_std": -0.004221,
        "nauc_precision_at_20_diff1": 0.107226,
        "nauc_precision_at_100_max": 0.454123,
        "nauc_precision_at_100_std": 0.5753,
        "nauc_precision_at_100_diff1": 0.104133,
        "nauc_precision_at_1000_max": 0.208555,
        "nauc_precision_at_1000_std": 0.554706,
        "nauc_precision_at_1000_diff1": -0.013032,
        "nauc_mrr_at_1_max": -0.035401,
        "nauc_mrr_at_1_std": -0.108461,
        "nauc_mrr_at_1_diff1": 0.11981,
        "nauc_mrr_at_3_max": -0.034434,
        "nauc_mrr_at_3_std": -0.115489,
        "nauc_mrr_at_3_diff1": 0.087378,
        "nauc_mrr_at_5_max": -0.032432,
        "nauc_mrr_at_5_std": -0.111936,
        "nauc_mrr_at_5_diff1": 0.084478,
        "nauc_mrr_at_10_max": -0.024669,
        "nauc_mrr_at_10_std": -0.110947,
        "nauc_mrr_at_10_diff1": 0.089379,
        "nauc_mrr_at_20_max": -0.024331,
        "nauc_mrr_at_20_std": -0.111188,
        "nauc_mrr_at_20_diff1": 0.090039,
        "nauc_mrr_at_100_max": -0.025568,
        "nauc_mrr_at_100_std": -0.110887,
        "nauc_mrr_at_100_diff1": 0.090095,
        "nauc_mrr_at_1000_max": -0.025662,
        "nauc_mrr_at_1000_std": -0.110999,
        "nauc_mrr_at_1000_diff1": 0.090078,
        "main_score": 0.54894,
        "hf_subset": "default",
        "languages": [
          "eng-Latn"
        ]
      }
    ]
  },
  "evaluation_time": 7892.674883365631,
  "kg_co2_emissions": null
}