{
  "dataset_revision": "ad9991cb51e31e31e430383c75ffb2885547b5f0",
  "task_name": "CQADupstackEnglishRetrieval",
  "mteb_version": "1.38.54",
  "scores": {
    "test": [
      {
        "ndcg_at_1": 0.37006,
        "ndcg_at_3": 0.41181,
        "ndcg_at_5": 0.43347,
        "ndcg_at_10": 0.45283,
        "ndcg_at_20": 0.47014,
        "ndcg_at_100": 0.49659,
        "ndcg_at_1000": 0.51681,
        "map_at_1": 0.29448,
        "map_at_3": 0.36657,
        "map_at_5": 0.38461,
        "map_at_10": 0.39612,
        "map_at_20": 0.40279,
        "map_at_100": 0.40855,
        "map_at_1000": 0.40984,
        "recall_at_1": 0.29448,
        "recall_at_3": 0.43106,
        "recall_at_5": 0.49045,
        "recall_at_10": 0.55126,
        "recall_at_20": 0.61483,
        "recall_at_100": 0.73604,
        "recall_at_1000": 0.86362,
        "precision_at_1": 0.37006,
        "precision_at_3": 0.19915,
        "precision_at_5": 0.1428,
        "precision_at_10": 0.08548,
        "precision_at_20": 0.05057,
        "precision_at_100": 0.01381,
        "precision_at_1000": 0.00186,
        "mrr_at_1": 0.370064,
        "mrr_at_3": 0.43259,
        "mrr_at_5": 0.447527,
        "mrr_at_10": 0.455545,
        "mrr_at_20": 0.459587,
        "mrr_at_100": 0.46222,
        "mrr_at_1000": 0.462664,
        "nauc_ndcg_at_1_max": 0.442959,
        "nauc_ndcg_at_1_std": 0.022623,
        "nauc_ndcg_at_1_diff1": 0.497795,
        "nauc_ndcg_at_3_max": 0.418299,
        "nauc_ndcg_at_3_std": 0.014373,
        "nauc_ndcg_at_3_diff1": 0.460782,
        "nauc_ndcg_at_5_max": 0.421223,
        "nauc_ndcg_at_5_std": 0.018453,
        "nauc_ndcg_at_5_diff1": 0.45408,
        "nauc_ndcg_at_10_max": 0.422098,
        "nauc_ndcg_at_10_std": 0.027105,
        "nauc_ndcg_at_10_diff1": 0.451343,
        "nauc_ndcg_at_20_max": 0.424949,
        "nauc_ndcg_at_20_std": 0.040233,
        "nauc_ndcg_at_20_diff1": 0.447568,
        "nauc_ndcg_at_100_max": 0.434839,
        "nauc_ndcg_at_100_std": 0.061363,
        "nauc_ndcg_at_100_diff1": 0.444663,
        "nauc_ndcg_at_1000_max": 0.437003,
        "nauc_ndcg_at_1000_std": 0.067775,
        "nauc_ndcg_at_1000_diff1": 0.446128,
        "nauc_map_at_1_max": 0.35032,
        "nauc_map_at_1_std": -0.059379,
        "nauc_map_at_1_diff1": 0.530547,
        "nauc_map_at_3_max": 0.38169,
        "nauc_map_at_3_std": -0.033939,
        "nauc_map_at_3_diff1": 0.483721,
        "nauc_map_at_5_max": 0.392218,
        "nauc_map_at_5_std": -0.021619,
        "nauc_map_at_5_diff1": 0.476648,
        "nauc_map_at_10_max": 0.400133,
        "nauc_map_at_10_std": -0.011501,
        "nauc_map_at_10_diff1": 0.474011,
        "nauc_map_at_20_max": 0.405445,
        "nauc_map_at_20_std": -0.002994,
        "nauc_map_at_20_diff1": 0.472849,
        "nauc_map_at_100_max": 0.411176,
        "nauc_map_at_100_std": 0.005019,
        "nauc_map_at_100_diff1": 0.47208,
        "nauc_map_at_1000_max": 0.412014,
        "nauc_map_at_1000_std": 0.006429,
        "nauc_map_at_1000_diff1": 0.471899,
        "nauc_recall_at_1_max": 0.35032,
        "nauc_recall_at_1_std": -0.059379,
        "nauc_recall_at_1_diff1": 0.530547,
        "nauc_recall_at_3_max": 0.359673,
        "nauc_recall_at_3_std": -0.021113,
        "nauc_recall_at_3_diff1": 0.429815,
        "nauc_recall_at_5_max": 0.373137,
        "nauc_recall_at_5_std": 0.002416,
        "nauc_recall_at_5_diff1": 0.39729,
        "nauc_recall_at_10_max": 0.380271,
        "nauc_recall_at_10_std": 0.039513,
        "nauc_recall_at_10_diff1": 0.381378,
        "nauc_recall_at_20_max": 0.394595,
        "nauc_recall_at_20_std": 0.100586,
        "nauc_recall_at_20_diff1": 0.35878,
        "nauc_recall_at_100_max": 0.439596,
        "nauc_recall_at_100_std": 0.233074,
        "nauc_recall_at_100_diff1": 0.324576,
        "nauc_recall_at_1000_max": 0.474936,
        "nauc_recall_at_1000_std": 0.405794,
        "nauc_recall_at_1000_diff1": 0.310807,
        "nauc_precision_at_1_max": 0.442959,
        "nauc_precision_at_1_std": 0.022623,
        "nauc_precision_at_1_diff1": 0.497795,
        "nauc_precision_at_3_max": 0.448876,
        "nauc_precision_at_3_std": 0.133959,
        "nauc_precision_at_3_diff1": 0.295705,
        "nauc_precision_at_5_max": 0.442974,
        "nauc_precision_at_5_std": 0.194704,
        "nauc_precision_at_5_diff1": 0.224438,
        "nauc_precision_at_10_max": 0.429357,
        "nauc_precision_at_10_std": 0.255188,
        "nauc_precision_at_10_diff1": 0.148189,
        "nauc_precision_at_20_max": 0.395502,
        "nauc_precision_at_20_std": 0.310759,
        "nauc_precision_at_20_diff1": 0.069899,
        "nauc_precision_at_100_max": 0.320829,
        "nauc_precision_at_100_std": 0.364098,
        "nauc_precision_at_100_diff1": -0.050643,
        "nauc_precision_at_1000_max": 0.200734,
        "nauc_precision_at_1000_std": 0.312385,
        "nauc_precision_at_1000_diff1": -0.124463,
        "nauc_mrr_at_1_max": 0.442959,
        "nauc_mrr_at_1_std": 0.022623,
        "nauc_mrr_at_1_diff1": 0.497795,
        "nauc_mrr_at_3_max": 0.440437,
        "nauc_mrr_at_3_std": 0.036924,
        "nauc_mrr_at_3_diff1": 0.460138,
        "nauc_mrr_at_5_max": 0.444934,
        "nauc_mrr_at_5_std": 0.044091,
        "nauc_mrr_at_5_diff1": 0.454154,
        "nauc_mrr_at_10_max": 0.444589,
        "nauc_mrr_at_10_std": 0.047152,
        "nauc_mrr_at_10_diff1": 0.454622,
        "nauc_mrr_at_20_max": 0.44427,
        "nauc_mrr_at_20_std": 0.048985,
        "nauc_mrr_at_20_diff1": 0.453689,
        "nauc_mrr_at_100_max": 0.444794,
        "nauc_mrr_at_100_std": 0.050143,
        "nauc_mrr_at_100_diff1": 0.454072,
        "nauc_mrr_at_1000_max": 0.444815,
        "nauc_mrr_at_1000_std": 0.050091,
        "nauc_mrr_at_1000_diff1": 0.454185,
        "main_score": 0.45283,
        "hf_subset": "default",
        "languages": [
          "eng-Latn"
        ]
      }
    ]
  },
  "evaluation_time": 9180.2037525177,
  "kg_co2_emissions": null
}