{
  "dataset_revision": "ec0fa4fe99da2ff19ca1214b7966684033a58814",
  "task_name": "NFCorpus",
  "mteb_version": "1.38.54",
  "scores": {
    "test": [
      {
        "ndcg_at_1": 0.44892,
        "ndcg_at_3": 0.39599,
        "ndcg_at_5": 0.37708,
        "ndcg_at_10": 0.35664,
        "ndcg_at_20": 0.33455,
        "ndcg_at_100": 0.32773,
        "ndcg_at_1000": 0.41265,
        "map_at_1": 0.06293,
        "map_at_3": 0.09692,
        "map_at_5": 0.11441,
        "map_at_10": 0.13649,
        "map_at_20": 0.15214,
        "map_at_100": 0.17309,
        "map_at_1000": 0.18734,
        "recall_at_1": 0.06293,
        "recall_at_3": 0.10237,
        "recall_at_5": 0.13348,
        "recall_at_10": 0.17892,
        "recall_at_20": 0.21757,
        "recall_at_100": 0.33486,
        "recall_at_1000": 0.63754,
        "precision_at_1": 0.47059,
        "precision_at_3": 0.36945,
        "precision_at_5": 0.32446,
        "precision_at_10": 0.26873,
        "precision_at_20": 0.19969,
        "precision_at_100": 0.08288,
        "precision_at_1000": 0.02106,
        "mrr_at_1": 0.470588,
        "mrr_at_3": 0.519608,
        "mrr_at_5": 0.536636,
        "mrr_at_10": 0.546169,
        "mrr_at_20": 0.549816,
        "mrr_at_100": 0.551597,
        "mrr_at_1000": 0.552081,
        "nauc_ndcg_at_1_max": 0.592885,
        "nauc_ndcg_at_1_std": 0.303585,
        "nauc_ndcg_at_1_diff1": 0.390458,
        "nauc_ndcg_at_3_max": 0.561849,
        "nauc_ndcg_at_3_std": 0.295254,
        "nauc_ndcg_at_3_diff1": 0.296095,
        "nauc_ndcg_at_5_max": 0.544616,
        "nauc_ndcg_at_5_std": 0.316985,
        "nauc_ndcg_at_5_diff1": 0.270704,
        "nauc_ndcg_at_10_max": 0.527049,
        "nauc_ndcg_at_10_std": 0.358239,
        "nauc_ndcg_at_10_diff1": 0.249375,
        "nauc_ndcg_at_20_max": 0.515636,
        "nauc_ndcg_at_20_std": 0.369805,
        "nauc_ndcg_at_20_diff1": 0.257087,
        "nauc_ndcg_at_100_max": 0.504135,
        "nauc_ndcg_at_100_std": 0.362737,
        "nauc_ndcg_at_100_diff1": 0.260122,
        "nauc_ndcg_at_1000_max": 0.542492,
        "nauc_ndcg_at_1000_std": 0.400007,
        "nauc_ndcg_at_1000_diff1": 0.25959,
        "nauc_map_at_1_max": 0.174798,
        "nauc_map_at_1_std": -0.089475,
        "nauc_map_at_1_diff1": 0.442261,
        "nauc_map_at_3_max": 0.23293,
        "nauc_map_at_3_std": -0.028123,
        "nauc_map_at_3_diff1": 0.347717,
        "nauc_map_at_5_max": 0.260967,
        "nauc_map_at_5_std": 0.007016,
        "nauc_map_at_5_diff1": 0.30787,
        "nauc_map_at_10_max": 0.306781,
        "nauc_map_at_10_std": 0.077691,
        "nauc_map_at_10_diff1": 0.266586,
        "nauc_map_at_20_max": 0.340229,
        "nauc_map_at_20_std": 0.129696,
        "nauc_map_at_20_diff1": 0.244204,
        "nauc_map_at_100_max": 0.375005,
        "nauc_map_at_100_std": 0.201577,
        "nauc_map_at_100_diff1": 0.235054,
        "nauc_map_at_1000_max": 0.388088,
        "nauc_map_at_1000_std": 0.235086,
        "nauc_map_at_1000_diff1": 0.23445,
        "nauc_recall_at_1_max": 0.174798,
        "nauc_recall_at_1_std": -0.089475,
        "nauc_recall_at_1_diff1": 0.442261,
        "nauc_recall_at_3_max": 0.217449,
        "nauc_recall_at_3_std": -0.030579,
        "nauc_recall_at_3_diff1": 0.324342,
        "nauc_recall_at_5_max": 0.236317,
        "nauc_recall_at_5_std": 0.012062,
        "nauc_recall_at_5_diff1": 0.267938,
        "nauc_recall_at_10_max": 0.253272,
        "nauc_recall_at_10_std": 0.093037,
        "nauc_recall_at_10_diff1": 0.200069,
        "nauc_recall_at_20_max": 0.285702,
        "nauc_recall_at_20_std": 0.147111,
        "nauc_recall_at_20_diff1": 0.167963,
        "nauc_recall_at_100_max": 0.287627,
        "nauc_recall_at_100_std": 0.223665,
        "nauc_recall_at_100_diff1": 0.15429,
        "nauc_recall_at_1000_max": 0.269003,
        "nauc_recall_at_1000_std": 0.293433,
        "nauc_recall_at_1000_diff1": 0.108949,
        "nauc_precision_at_1_max": 0.603004,
        "nauc_precision_at_1_std": 0.303426,
        "nauc_precision_at_1_diff1": 0.373601,
        "nauc_precision_at_3_max": 0.541689,
        "nauc_precision_at_3_std": 0.336893,
        "nauc_precision_at_3_diff1": 0.166664,
        "nauc_precision_at_5_max": 0.517773,
        "nauc_precision_at_5_std": 0.383566,
        "nauc_precision_at_5_diff1": 0.099844,
        "nauc_precision_at_10_max": 0.48085,
        "nauc_precision_at_10_std": 0.45492,
        "nauc_precision_at_10_diff1": 0.050514,
        "nauc_precision_at_20_max": 0.441884,
        "nauc_precision_at_20_std": 0.484313,
        "nauc_precision_at_20_diff1": 0.056011,
        "nauc_precision_at_100_max": 0.327272,
        "nauc_precision_at_100_std": 0.500912,
        "nauc_precision_at_100_diff1": 0.059599,
        "nauc_precision_at_1000_max": 0.189915,
        "nauc_precision_at_1000_std": 0.349188,
        "nauc_precision_at_1000_diff1": 0.082526,
        "nauc_mrr_at_1_max": 0.603004,
        "nauc_mrr_at_1_std": 0.303426,
        "nauc_mrr_at_1_diff1": 0.373601,
        "nauc_mrr_at_3_max": 0.615585,
        "nauc_mrr_at_3_std": 0.342212,
        "nauc_mrr_at_3_diff1": 0.353336,
        "nauc_mrr_at_5_max": 0.624409,
        "nauc_mrr_at_5_std": 0.351808,
        "nauc_mrr_at_5_diff1": 0.359706,
        "nauc_mrr_at_10_max": 0.623819,
        "nauc_mrr_at_10_std": 0.355553,
        "nauc_mrr_at_10_diff1": 0.354258,
        "nauc_mrr_at_20_max": 0.627091,
        "nauc_mrr_at_20_std": 0.356781,
        "nauc_mrr_at_20_diff1": 0.355438,
        "nauc_mrr_at_100_max": 0.627615,
        "nauc_mrr_at_100_std": 0.357654,
        "nauc_mrr_at_100_diff1": 0.355539,
        "nauc_mrr_at_1000_max": 0.627417,
        "nauc_mrr_at_1000_std": 0.357389,
        "nauc_mrr_at_1000_diff1": 0.355337,
        "main_score": 0.35664,
        "hf_subset": "default",
        "languages": [
          "eng-Latn"
        ]
      }
    ]
  },
  "evaluation_time": 1925.64111661911,
  "kg_co2_emissions": null
}