{
  "dataset_revision": "f8c2fcf00f625baaa80f62ec5bd9e1fff3b8ae88",
  "task_name": "SCIDOCS",
  "mteb_version": "1.38.54",
  "scores": {
    "test": [
      {
        "ndcg_at_1": 0.235,
        "ndcg_at_3": 0.1992,
        "ndcg_at_5": 0.1742,
        "ndcg_at_10": 0.21153,
        "ndcg_at_20": 0.24132,
        "ndcg_at_100": 0.29882,
        "ndcg_at_1000": 0.35726,
        "map_at_1": 0.04783,
        "map_at_3": 0.08979,
        "map_at_5": 0.10843,
        "map_at_10": 0.12843,
        "map_at_20": 0.13986,
        "map_at_100": 0.15113,
        "map_at_1000": 0.15469,
        "recall_at_1": 0.04783,
        "recall_at_3": 0.11448,
        "recall_at_5": 0.15628,
        "recall_at_10": 0.22487,
        "recall_at_20": 0.29465,
        "recall_at_100": 0.482,
        "recall_at_1000": 0.76627,
        "precision_at_1": 0.235,
        "precision_at_3": 0.18833,
        "precision_at_5": 0.1544,
        "precision_at_10": 0.111,
        "precision_at_20": 0.0727,
        "precision_at_100": 0.02376,
        "precision_at_1000": 0.00378,
        "mrr_at_1": 0.235,
        "mrr_at_3": 0.317167,
        "mrr_at_5": 0.336217,
        "mrr_at_10": 0.349736,
        "mrr_at_20": 0.356045,
        "mrr_at_100": 0.36097,
        "mrr_at_1000": 0.361409,
        "nauc_ndcg_at_1_max": 0.188767,
        "nauc_ndcg_at_1_std": 0.116572,
        "nauc_ndcg_at_1_diff1": 0.240591,
        "nauc_ndcg_at_3_max": 0.262827,
        "nauc_ndcg_at_3_std": 0.156163,
        "nauc_ndcg_at_3_diff1": 0.179389,
        "nauc_ndcg_at_5_max": 0.280474,
        "nauc_ndcg_at_5_std": 0.194786,
        "nauc_ndcg_at_5_diff1": 0.171958,
        "nauc_ndcg_at_10_max": 0.302241,
        "nauc_ndcg_at_10_std": 0.234893,
        "nauc_ndcg_at_10_diff1": 0.171068,
        "nauc_ndcg_at_20_max": 0.317841,
        "nauc_ndcg_at_20_std": 0.274174,
        "nauc_ndcg_at_20_diff1": 0.169633,
        "nauc_ndcg_at_100_max": 0.331096,
        "nauc_ndcg_at_100_std": 0.324394,
        "nauc_ndcg_at_100_diff1": 0.179973,
        "nauc_ndcg_at_1000_max": 0.327018,
        "nauc_ndcg_at_1000_std": 0.321995,
        "nauc_ndcg_at_1000_diff1": 0.169099,
        "nauc_map_at_1_max": 0.182395,
        "nauc_map_at_1_std": 0.114588,
        "nauc_map_at_1_diff1": 0.239647,
        "nauc_map_at_3_max": 0.25885,
        "nauc_map_at_3_std": 0.144849,
        "nauc_map_at_3_diff1": 0.193115,
        "nauc_map_at_5_max": 0.269339,
        "nauc_map_at_5_std": 0.180056,
        "nauc_map_at_5_diff1": 0.176527,
        "nauc_map_at_10_max": 0.286946,
        "nauc_map_at_10_std": 0.216838,
        "nauc_map_at_10_diff1": 0.168614,
        "nauc_map_at_20_max": 0.299446,
        "nauc_map_at_20_std": 0.243564,
        "nauc_map_at_20_diff1": 0.168432,
        "nauc_map_at_100_max": 0.307063,
        "nauc_map_at_100_std": 0.262219,
        "nauc_map_at_100_diff1": 0.173095,
        "nauc_map_at_1000_max": 0.307421,
        "nauc_map_at_1000_std": 0.263807,
        "nauc_map_at_1000_diff1": 0.171868,
        "nauc_recall_at_1_max": 0.182395,
        "nauc_recall_at_1_std": 0.114588,
        "nauc_recall_at_1_diff1": 0.239647,
        "nauc_recall_at_3_max": 0.279591,
        "nauc_recall_at_3_std": 0.169214,
        "nauc_recall_at_3_diff1": 0.151938,
        "nauc_recall_at_5_max": 0.295861,
        "nauc_recall_at_5_std": 0.224511,
        "nauc_recall_at_5_diff1": 0.136829,
        "nauc_recall_at_10_max": 0.31787,
        "nauc_recall_at_10_std": 0.280296,
        "nauc_recall_at_10_diff1": 0.135807,
        "nauc_recall_at_20_max": 0.324064,
        "nauc_recall_at_20_std": 0.339599,
        "nauc_recall_at_20_diff1": 0.125601,
        "nauc_recall_at_100_max": 0.30791,
        "nauc_recall_at_100_std": 0.427818,
        "nauc_recall_at_100_diff1": 0.130695,
        "nauc_recall_at_1000_max": 0.264928,
        "nauc_recall_at_1000_std": 0.441695,
        "nauc_recall_at_1000_diff1": 0.061556,
        "nauc_precision_at_1_max": 0.188767,
        "nauc_precision_at_1_std": 0.116572,
        "nauc_precision_at_1_diff1": 0.240591,
        "nauc_precision_at_3_max": 0.2837,
        "nauc_precision_at_3_std": 0.170276,
        "nauc_precision_at_3_diff1": 0.152663,
        "nauc_precision_at_5_max": 0.300773,
        "nauc_precision_at_5_std": 0.226634,
        "nauc_precision_at_5_diff1": 0.138146,
        "nauc_precision_at_10_max": 0.323012,
        "nauc_precision_at_10_std": 0.281188,
        "nauc_precision_at_10_diff1": 0.135468,
        "nauc_precision_at_20_max": 0.331602,
        "nauc_precision_at_20_std": 0.340033,
        "nauc_precision_at_20_diff1": 0.125585,
        "nauc_precision_at_100_max": 0.3168,
        "nauc_precision_at_100_std": 0.423663,
        "nauc_precision_at_100_diff1": 0.130153,
        "nauc_precision_at_1000_max": 0.276468,
        "nauc_precision_at_1000_std": 0.42047,
        "nauc_precision_at_1000_diff1": 0.055974,
        "nauc_mrr_at_1_max": 0.188767,
        "nauc_mrr_at_1_std": 0.116572,
        "nauc_mrr_at_1_diff1": 0.240591,
        "nauc_mrr_at_3_max": 0.233687,
        "nauc_mrr_at_3_std": 0.150673,
        "nauc_mrr_at_3_diff1": 0.184925,
        "nauc_mrr_at_5_max": 0.251855,
        "nauc_mrr_at_5_std": 0.164279,
        "nauc_mrr_at_5_diff1": 0.19523,
        "nauc_mrr_at_10_max": 0.252934,
        "nauc_mrr_at_10_std": 0.17024,
        "nauc_mrr_at_10_diff1": 0.199506,
        "nauc_mrr_at_20_max": 0.253405,
        "nauc_mrr_at_20_std": 0.171914,
        "nauc_mrr_at_20_diff1": 0.197916,
        "nauc_mrr_at_100_max": 0.251759,
        "nauc_mrr_at_100_std": 0.171005,
        "nauc_mrr_at_100_diff1": 0.197425,
        "nauc_mrr_at_1000_max": 0.25151,
        "nauc_mrr_at_1000_std": 0.170647,
        "nauc_mrr_at_1000_diff1": 0.19748,
        "main_score": 0.21153,
        "hf_subset": "default",
        "languages": [
          "eng-Latn"
        ]
      }
    ]
  },
  "evaluation_time": 5758.674522399902,
  "kg_co2_emissions": null
}