{
  "dataset_revision": "0228b52cf27578f30900b9e5271d331663a030d7",
  "task_name": "SciFact",
  "mteb_version": "1.38.54",
  "scores": {
    "test": [
      {
        "ndcg_at_1": 0.63,
        "ndcg_at_3": 0.69565,
        "ndcg_at_5": 0.71663,
        "ndcg_at_10": 0.73092,
        "ndcg_at_20": 0.74402,
        "ndcg_at_100": 0.75736,
        "ndcg_at_1000": 0.7628,
        "map_at_1": 0.60094,
        "map_at_3": 0.67174,
        "map_at_5": 0.68706,
        "map_at_10": 0.69352,
        "map_at_20": 0.69845,
        "map_at_100": 0.7002,
        "map_at_1000": 0.70043,
        "recall_at_1": 0.60094,
        "recall_at_3": 0.73728,
        "recall_at_5": 0.79028,
        "recall_at_10": 0.83222,
        "recall_at_20": 0.87833,
        "recall_at_100": 0.95167,
        "recall_at_1000": 0.99333,
        "precision_at_1": 0.63,
        "precision_at_3": 0.27111,
        "precision_at_5": 0.17667,
        "precision_at_10": 0.09367,
        "precision_at_20": 0.05033,
        "precision_at_100": 0.0108,
        "precision_at_1000": 0.00112,
        "mrr_at_1": 0.63,
        "mrr_at_3": 0.687778,
        "mrr_at_5": 0.698778,
        "mrr_at_10": 0.704373,
        "mrr_at_20": 0.706838,
        "mrr_at_100": 0.70859,
        "mrr_at_1000": 0.70881,
        "nauc_ndcg_at_1_max": 0.541751,
        "nauc_ndcg_at_1_std": 0.028356,
        "nauc_ndcg_at_1_diff1": 0.701103,
        "nauc_ndcg_at_3_max": 0.555767,
        "nauc_ndcg_at_3_std": 0.038648,
        "nauc_ndcg_at_3_diff1": 0.663511,
        "nauc_ndcg_at_5_max": 0.560672,
        "nauc_ndcg_at_5_std": 0.05844,
        "nauc_ndcg_at_5_diff1": 0.659577,
        "nauc_ndcg_at_10_max": 0.582848,
        "nauc_ndcg_at_10_std": 0.087534,
        "nauc_ndcg_at_10_diff1": 0.668054,
        "nauc_ndcg_at_20_max": 0.592091,
        "nauc_ndcg_at_20_std": 0.106167,
        "nauc_ndcg_at_20_diff1": 0.669726,
        "nauc_ndcg_at_100_max": 0.584174,
        "nauc_ndcg_at_100_std": 0.097176,
        "nauc_ndcg_at_100_diff1": 0.672744,
        "nauc_ndcg_at_1000_max": 0.575853,
        "nauc_ndcg_at_1000_std": 0.087417,
        "nauc_ndcg_at_1000_diff1": 0.670011,
        "nauc_map_at_1_max": 0.478654,
        "nauc_map_at_1_std": -0.047367,
        "nauc_map_at_1_diff1": 0.723344,
        "nauc_map_at_3_max": 0.53171,
        "nauc_map_at_3_std": 0.014762,
        "nauc_map_at_3_diff1": 0.678774,
        "nauc_map_at_5_max": 0.54928,
        "nauc_map_at_5_std": 0.037001,
        "nauc_map_at_5_diff1": 0.675428,
        "nauc_map_at_10_max": 0.558574,
        "nauc_map_at_10_std": 0.048829,
        "nauc_map_at_10_diff1": 0.677932,
        "nauc_map_at_20_max": 0.563673,
        "nauc_map_at_20_std": 0.057212,
        "nauc_map_at_20_diff1": 0.678315,
        "nauc_map_at_100_max": 0.562247,
        "nauc_map_at_100_std": 0.055892,
        "nauc_map_at_100_diff1": 0.678162,
        "nauc_map_at_1000_max": 0.561947,
        "nauc_map_at_1000_std": 0.05556,
        "nauc_map_at_1000_diff1": 0.678055,
        "nauc_recall_at_1_max": 0.478654,
        "nauc_recall_at_1_std": -0.047367,
        "nauc_recall_at_1_diff1": 0.723344,
        "nauc_recall_at_3_max": 0.535742,
        "nauc_recall_at_3_std": 0.022514,
        "nauc_recall_at_3_diff1": 0.627413,
        "nauc_recall_at_5_max": 0.574092,
        "nauc_recall_at_5_std": 0.09394,
        "nauc_recall_at_5_diff1": 0.603852,
        "nauc_recall_at_10_max": 0.661414,
        "nauc_recall_at_10_std": 0.219467,
        "nauc_recall_at_10_diff1": 0.629663,
        "nauc_recall_at_20_max": 0.737949,
        "nauc_recall_at_20_std": 0.361274,
        "nauc_recall_at_20_diff1": 0.641083,
        "nauc_recall_at_100_max": 0.791107,
        "nauc_recall_at_100_std": 0.523133,
        "nauc_recall_at_100_diff1": 0.706752,
        "nauc_recall_at_1000_max": 0.152894,
        "nauc_recall_at_1000_std": 0.861111,
        "nauc_recall_at_1000_diff1": 0.338469,
        "nauc_precision_at_1_max": 0.541751,
        "nauc_precision_at_1_std": 0.028356,
        "nauc_precision_at_1_diff1": 0.701103,
        "nauc_precision_at_3_max": 0.506449,
        "nauc_precision_at_3_std": 0.225895,
        "nauc_precision_at_3_diff1": 0.319382,
        "nauc_precision_at_5_max": 0.492369,
        "nauc_precision_at_5_std": 0.312018,
        "nauc_precision_at_5_diff1": 0.201005,
        "nauc_precision_at_10_max": 0.51888,
        "nauc_precision_at_10_std": 0.433211,
        "nauc_precision_at_10_diff1": 0.128307,
        "nauc_precision_at_20_max": 0.42549,
        "nauc_precision_at_20_std": 0.475758,
        "nauc_precision_at_20_diff1": 0.013162,
        "nauc_precision_at_100_max": 0.352972,
        "nauc_precision_at_100_std": 0.535661,
        "nauc_precision_at_100_diff1": -0.140705,
        "nauc_precision_at_1000_max": 0.238764,
        "nauc_precision_at_1000_std": 0.524182,
        "nauc_precision_at_1000_diff1": -0.304597,
        "nauc_mrr_at_1_max": 0.541751,
        "nauc_mrr_at_1_std": 0.028356,
        "nauc_mrr_at_1_diff1": 0.701103,
        "nauc_mrr_at_3_max": 0.558058,
        "nauc_mrr_at_3_std": 0.055515,
        "nauc_mrr_at_3_diff1": 0.671201,
        "nauc_mrr_at_5_max": 0.563983,
        "nauc_mrr_at_5_std": 0.065666,
        "nauc_mrr_at_5_diff1": 0.667913,
        "nauc_mrr_at_10_max": 0.571892,
        "nauc_mrr_at_10_std": 0.075402,
        "nauc_mrr_at_10_diff1": 0.672221,
        "nauc_mrr_at_20_max": 0.57112,
        "nauc_mrr_at_20_std": 0.074609,
        "nauc_mrr_at_20_diff1": 0.6729,
        "nauc_mrr_at_100_max": 0.569716,
        "nauc_mrr_at_100_std": 0.073381,
        "nauc_mrr_at_100_diff1": 0.672707,
        "nauc_mrr_at_1000_max": 0.569437,
        "nauc_mrr_at_1000_std": 0.073101,
        "nauc_mrr_at_1000_diff1": 0.672608,
        "main_score": 0.73092,
        "hf_subset": "default",
        "languages": [
          "eng-Latn"
        ]
      }
    ]
  },
  "evaluation_time": 1753.9520287513733,
  "kg_co2_emissions": null
}