{
  "dataset_revision": "c22ab2a51041ffd869aaddef7af8d8215647e41a",
  "task_name": "ArguAna",
  "mteb_version": "1.38.54",
  "scores": {
    "test": [
      {
        "ndcg_at_1": 0.30014,
        "ndcg_at_3": 0.44488,
        "ndcg_at_5": 0.50079,
        "ndcg_at_10": 0.5538,
        "ndcg_at_20": 0.57544,
        "ndcg_at_100": 0.58663,
        "ndcg_at_1000": 0.58739,
        "map_at_1": 0.30014,
        "map_at_3": 0.40849,
        "map_at_5": 0.4395,
        "map_at_10": 0.4617,
        "map_at_20": 0.46776,
        "map_at_100": 0.46949,
        "map_at_1000": 0.46953,
        "recall_at_1": 0.30014,
        "recall_at_3": 0.5505,
        "recall_at_5": 0.68634,
        "recall_at_10": 0.84851,
        "recall_at_20": 0.93314,
        "recall_at_100": 0.99075,
        "recall_at_1000": 0.99644,
        "precision_at_1": 0.30014,
        "precision_at_3": 0.1835,
        "precision_at_5": 0.13727,
        "precision_at_10": 0.08485,
        "precision_at_20": 0.04666,
        "precision_at_100": 0.00991,
        "precision_at_1000": 0.001,
        "mrr_at_1": 0.30441,
        "mrr_at_3": 0.409791,
        "mrr_at_5": 0.441121,
        "mrr_at_10": 0.463267,
        "mrr_at_20": 0.469396,
        "mrr_at_100": 0.471128,
        "mrr_at_1000": 0.471164,
        "nauc_ndcg_at_1_max": -0.124457,
        "nauc_ndcg_at_1_std": -0.139227,
        "nauc_ndcg_at_1_diff1": 0.139722,
        "nauc_ndcg_at_3_max": -0.109555,
        "nauc_ndcg_at_3_std": -0.137394,
        "nauc_ndcg_at_3_diff1": 0.097396,
        "nauc_ndcg_at_5_max": -0.102384,
        "nauc_ndcg_at_5_std": -0.134575,
        "nauc_ndcg_at_5_diff1": 0.089575,
        "nauc_ndcg_at_10_max": -0.085751,
        "nauc_ndcg_at_10_std": -0.12891,
        "nauc_ndcg_at_10_diff1": 0.097585,
        "nauc_ndcg_at_20_max": -0.088961,
        "nauc_ndcg_at_20_std": -0.125625,
        "nauc_ndcg_at_20_diff1": 0.099093,
        "nauc_ndcg_at_100_max": -0.097907,
        "nauc_ndcg_at_100_std": -0.128347,
        "nauc_ndcg_at_100_diff1": 0.104048,
        "nauc_ndcg_at_1000_max": -0.099526,
        "nauc_ndcg_at_1000_std": -0.129602,
        "nauc_ndcg_at_1000_diff1": 0.103839,
        "nauc_map_at_1_max": -0.124457,
        "nauc_map_at_1_std": -0.139227,
        "nauc_map_at_1_diff1": 0.139722,
        "nauc_map_at_3_max": -0.113074,
        "nauc_map_at_3_std": -0.138085,
        "nauc_map_at_3_diff1": 0.105999,
        "nauc_map_at_5_max": -0.109994,
        "nauc_map_at_5_std": -0.136686,
        "nauc_map_at_5_diff1": 0.101798,
        "nauc_map_at_10_max": -0.104741,
        "nauc_map_at_10_std": -0.135513,
        "nauc_map_at_10_diff1": 0.105706,
        "nauc_map_at_20_max": -0.10543,
        "nauc_map_at_20_std": -0.134469,
        "nauc_map_at_20_diff1": 0.106358,
        "nauc_map_at_100_max": -0.106353,
        "nauc_map_at_100_std": -0.134655,
        "nauc_map_at_100_diff1": 0.107217,
        "nauc_map_at_1000_max": -0.106416,
        "nauc_map_at_1000_std": -0.134684,
        "nauc_map_at_1000_diff1": 0.107212,
        "nauc_recall_at_1_max": -0.124457,
        "nauc_recall_at_1_std": -0.139227,
        "nauc_recall_at_1_diff1": 0.139722,
        "nauc_recall_at_3_max": -0.099118,
        "nauc_recall_at_3_std": -0.135231,
        "nauc_recall_at_3_diff1": 0.072487,
        "nauc_recall_at_5_max": -0.073215,
        "nauc_recall_at_5_std": -0.126327,
        "nauc_recall_at_5_diff1": 0.046299,
        "nauc_recall_at_10_max": 0.053017,
        "nauc_recall_at_10_std": -0.077674,
        "nauc_recall_at_10_diff1": 0.052543,
        "nauc_recall_at_20_max": 0.153731,
        "nauc_recall_at_20_std": 0.016744,
        "nauc_recall_at_20_diff1": 0.017555,
        "nauc_recall_at_100_max": 0.330756,
        "nauc_recall_at_100_std": 0.438709,
        "nauc_recall_at_100_diff1": 0.08657,
        "nauc_recall_at_1000_max": 0.187648,
        "nauc_recall_at_1000_std": 0.643885,
        "nauc_recall_at_1000_diff1": -0.068591,
        "nauc_precision_at_1_max": -0.124457,
        "nauc_precision_at_1_std": -0.139227,
        "nauc_precision_at_1_diff1": 0.139722,
        "nauc_precision_at_3_max": -0.099118,
        "nauc_precision_at_3_std": -0.135231,
        "nauc_precision_at_3_diff1": 0.072487,
        "nauc_precision_at_5_max": -0.073215,
        "nauc_precision_at_5_std": -0.126327,
        "nauc_precision_at_5_diff1": 0.046299,
        "nauc_precision_at_10_max": 0.053017,
        "nauc_precision_at_10_std": -0.077674,
        "nauc_precision_at_10_diff1": 0.052543,
        "nauc_precision_at_20_max": 0.153731,
        "nauc_precision_at_20_std": 0.016744,
        "nauc_precision_at_20_diff1": 0.017555,
        "nauc_precision_at_100_max": 0.330756,
        "nauc_precision_at_100_std": 0.438709,
        "nauc_precision_at_100_diff1": 0.08657,
        "nauc_precision_at_1000_max": 0.187648,
        "nauc_precision_at_1000_std": 0.643885,
        "nauc_precision_at_1000_diff1": -0.068591,
        "nauc_mrr_at_1_max": -0.123494,
        "nauc_mrr_at_1_std": -0.13536,
        "nauc_mrr_at_1_diff1": 0.127105,
        "nauc_mrr_at_3_max": -0.120106,
        "nauc_mrr_at_3_std": -0.136083,
        "nauc_mrr_at_3_diff1": 0.091654,
        "nauc_mrr_at_5_max": -0.115375,
        "nauc_mrr_at_5_std": -0.134695,
        "nauc_mrr_at_5_diff1": 0.089449,
        "nauc_mrr_at_10_max": -0.110913,
        "nauc_mrr_at_10_std": -0.133357,
        "nauc_mrr_at_10_diff1": 0.092113,
        "nauc_mrr_at_20_max": -0.111377,
        "nauc_mrr_at_20_std": -0.132327,
        "nauc_mrr_at_20_diff1": 0.092892,
        "nauc_mrr_at_100_max": -0.112337,
        "nauc_mrr_at_100_std": -0.1325,
        "nauc_mrr_at_100_diff1": 0.093669,
        "nauc_mrr_at_1000_max": -0.112401,
        "nauc_mrr_at_1000_std": -0.13253,
        "nauc_mrr_at_1000_diff1": 0.093661,
        "main_score": 0.5538,
        "hf_subset": "default",
        "languages": [
          "eng-Latn"
        ]
      }
    ]
  },
  "evaluation_time": 14991.906756401062,
  "kg_co2_emissions": null
}