{
  "dataset_revision": "ad9991cb51e31e31e430383c75ffb2885547b5f0",
  "task_name": "CQADupstackEnglishRetrieval",
  "mteb_version": "1.38.54",
  "scores": {
    "test": [
      {
        "ndcg_at_1": 0.32803,
        "ndcg_at_3": 0.36291,
        "ndcg_at_5": 0.37993,
        "ndcg_at_10": 0.39943,
        "ndcg_at_20": 0.41598,
        "ndcg_at_100": 0.44395,
        "ndcg_at_1000": 0.46741,
        "map_at_1": 0.26785,
        "map_at_3": 0.32652,
        "map_at_5": 0.34012,
        "map_at_10": 0.3513,
        "map_at_20": 0.35733,
        "map_at_100": 0.36258,
        "map_at_1000": 0.3638,
        "recall_at_1": 0.26785,
        "recall_at_3": 0.37915,
        "recall_at_5": 0.42559,
        "recall_at_10": 0.48398,
        "recall_at_20": 0.54353,
        "recall_at_100": 0.67539,
        "recall_at_1000": 0.83076,
        "precision_at_1": 0.32803,
        "precision_at_3": 0.17197,
        "precision_at_5": 0.12166,
        "precision_at_10": 0.07395,
        "precision_at_20": 0.04401,
        "precision_at_100": 0.01229,
        "precision_at_1000": 0.00169,
        "mrr_at_1": 0.328025,
        "mrr_at_3": 0.380998,
        "mrr_at_5": 0.393163,
        "mrr_at_10": 0.401599,
        "mrr_at_20": 0.405977,
        "mrr_at_100": 0.408998,
        "mrr_at_1000": 0.409545,
        "nauc_ndcg_at_1_max": 0.376825,
        "nauc_ndcg_at_1_std": 0.072755,
        "nauc_ndcg_at_1_diff1": 0.559049,
        "nauc_ndcg_at_3_max": 0.375372,
        "nauc_ndcg_at_3_std": 0.089112,
        "nauc_ndcg_at_3_diff1": 0.51043,
        "nauc_ndcg_at_5_max": 0.372191,
        "nauc_ndcg_at_5_std": 0.09311,
        "nauc_ndcg_at_5_diff1": 0.499783,
        "nauc_ndcg_at_10_max": 0.375931,
        "nauc_ndcg_at_10_std": 0.110125,
        "nauc_ndcg_at_10_diff1": 0.497112,
        "nauc_ndcg_at_20_max": 0.370691,
        "nauc_ndcg_at_20_std": 0.120204,
        "nauc_ndcg_at_20_diff1": 0.495404,
        "nauc_ndcg_at_100_max": 0.377402,
        "nauc_ndcg_at_100_std": 0.133979,
        "nauc_ndcg_at_100_diff1": 0.492661,
        "nauc_ndcg_at_1000_max": 0.377461,
        "nauc_ndcg_at_1000_std": 0.136727,
        "nauc_ndcg_at_1000_diff1": 0.491394,
        "nauc_map_at_1_max": 0.308524,
        "nauc_map_at_1_std": 0.058296,
        "nauc_map_at_1_diff1": 0.558078,
        "nauc_map_at_3_max": 0.346732,
        "nauc_map_at_3_std": 0.070386,
        "nauc_map_at_3_diff1": 0.528044,
        "nauc_map_at_5_max": 0.354892,
        "nauc_map_at_5_std": 0.078073,
        "nauc_map_at_5_diff1": 0.520639,
        "nauc_map_at_10_max": 0.36155,
        "nauc_map_at_10_std": 0.086884,
        "nauc_map_at_10_diff1": 0.516936,
        "nauc_map_at_20_max": 0.361732,
        "nauc_map_at_20_std": 0.090699,
        "nauc_map_at_20_diff1": 0.514649,
        "nauc_map_at_100_max": 0.365252,
        "nauc_map_at_100_std": 0.09554,
        "nauc_map_at_100_diff1": 0.512637,
        "nauc_map_at_1000_max": 0.365434,
        "nauc_map_at_1000_std": 0.095984,
        "nauc_map_at_1000_diff1": 0.512257,
        "nauc_recall_at_1_max": 0.308524,
        "nauc_recall_at_1_std": 0.058296,
        "nauc_recall_at_1_diff1": 0.558078,
        "nauc_recall_at_3_max": 0.338468,
        "nauc_recall_at_3_std": 0.083578,
        "nauc_recall_at_3_diff1": 0.483007,
        "nauc_recall_at_5_max": 0.34039,
        "nauc_recall_at_5_std": 0.09929,
        "nauc_recall_at_5_diff1": 0.454932,
        "nauc_recall_at_10_max": 0.357831,
        "nauc_recall_at_10_std": 0.148375,
        "nauc_recall_at_10_diff1": 0.440749,
        "nauc_recall_at_20_max": 0.337636,
        "nauc_recall_at_20_std": 0.19023,
        "nauc_recall_at_20_diff1": 0.423292,
        "nauc_recall_at_100_max": 0.358273,
        "nauc_recall_at_100_std": 0.268348,
        "nauc_recall_at_100_diff1": 0.393469,
        "nauc_recall_at_1000_max": 0.354625,
        "nauc_recall_at_1000_std": 0.396345,
        "nauc_recall_at_1000_diff1": 0.349552,
        "nauc_precision_at_1_max": 0.376825,
        "nauc_precision_at_1_std": 0.072755,
        "nauc_precision_at_1_diff1": 0.559049,
        "nauc_precision_at_3_max": 0.409464,
        "nauc_precision_at_3_std": 0.120783,
        "nauc_precision_at_3_diff1": 0.369065,
        "nauc_precision_at_5_max": 0.402013,
        "nauc_precision_at_5_std": 0.133137,
        "nauc_precision_at_5_diff1": 0.294112,
        "nauc_precision_at_10_max": 0.385158,
        "nauc_precision_at_10_std": 0.164766,
        "nauc_precision_at_10_diff1": 0.200418,
        "nauc_precision_at_20_max": 0.337481,
        "nauc_precision_at_20_std": 0.177055,
        "nauc_precision_at_20_diff1": 0.125427,
        "nauc_precision_at_100_max": 0.259868,
        "nauc_precision_at_100_std": 0.196307,
        "nauc_precision_at_100_diff1": -0.013189,
        "nauc_precision_at_1000_max": 0.150805,
        "nauc_precision_at_1000_std": 0.129682,
        "nauc_precision_at_1000_diff1": -0.115373,
        "nauc_mrr_at_1_max": 0.376825,
        "nauc_mrr_at_1_std": 0.072755,
        "nauc_mrr_at_1_diff1": 0.559049,
        "nauc_mrr_at_3_max": 0.388844,
        "nauc_mrr_at_3_std": 0.091436,
        "nauc_mrr_at_3_diff1": 0.523921,
        "nauc_mrr_at_5_max": 0.385539,
        "nauc_mrr_at_5_std": 0.093137,
        "nauc_mrr_at_5_diff1": 0.517582,
        "nauc_mrr_at_10_max": 0.38702,
        "nauc_mrr_at_10_std": 0.1015,
        "nauc_mrr_at_10_diff1": 0.515769,
        "nauc_mrr_at_20_max": 0.386027,
        "nauc_mrr_at_20_std": 0.104011,
        "nauc_mrr_at_20_diff1": 0.515724,
        "nauc_mrr_at_100_max": 0.386211,
        "nauc_mrr_at_100_std": 0.104036,
        "nauc_mrr_at_100_diff1": 0.515521,
        "nauc_mrr_at_1000_max": 0.386136,
        "nauc_mrr_at_1000_std": 0.104158,
        "nauc_mrr_at_1000_diff1": 0.515465,
        "main_score": 0.39943,
        "hf_subset": "default",
        "languages": [
          "eng-Latn"
        ]
      }
    ]
  },
  "evaluation_time": 23395.39647102356,
  "kg_co2_emissions": null
}