{
  "dataset_revision": "ec0fa4fe99da2ff19ca1214b7966684033a58814",
  "task_name": "NFCorpus",
  "mteb_version": "1.38.54",
  "scores": {
    "test": [
      {
        "ndcg_at_1": 0.36997,
        "ndcg_at_3": 0.33774,
        "ndcg_at_5": 0.31708,
        "ndcg_at_10": 0.289,
        "ndcg_at_20": 0.261,
        "ndcg_at_100": 0.2634,
        "ndcg_at_1000": 0.36512,
        "map_at_1": 0.04232,
        "map_at_3": 0.07264,
        "map_at_5": 0.08651,
        "map_at_10": 0.10129,
        "map_at_20": 0.10979,
        "map_at_100": 0.12393,
        "map_at_1000": 0.13784,
        "recall_at_1": 0.04232,
        "recall_at_3": 0.08445,
        "recall_at_5": 0.11049,
        "recall_at_10": 0.14369,
        "recall_at_20": 0.16784,
        "recall_at_100": 0.27105,
        "recall_at_1000": 0.62123,
        "precision_at_1": 0.387,
        "precision_at_3": 0.32095,
        "precision_at_5": 0.27864,
        "precision_at_10": 0.2161,
        "precision_at_20": 0.1483,
        "precision_at_100": 0.06424,
        "precision_at_1000": 0.02027,
        "mrr_at_1": 0.386997,
        "mrr_at_3": 0.460784,
        "mrr_at_5": 0.475026,
        "mrr_at_10": 0.482483,
        "mrr_at_20": 0.485882,
        "mrr_at_100": 0.488726,
        "mrr_at_1000": 0.489251,
        "nauc_ndcg_at_1_max": 0.244104,
        "nauc_ndcg_at_1_std": 0.200221,
        "nauc_ndcg_at_1_diff1": 0.371999,
        "nauc_ndcg_at_3_max": 0.271721,
        "nauc_ndcg_at_3_std": 0.241306,
        "nauc_ndcg_at_3_diff1": 0.316855,
        "nauc_ndcg_at_5_max": 0.292602,
        "nauc_ndcg_at_5_std": 0.254599,
        "nauc_ndcg_at_5_diff1": 0.299606,
        "nauc_ndcg_at_10_max": 0.275641,
        "nauc_ndcg_at_10_std": 0.274731,
        "nauc_ndcg_at_10_diff1": 0.276623,
        "nauc_ndcg_at_20_max": 0.284517,
        "nauc_ndcg_at_20_std": 0.262193,
        "nauc_ndcg_at_20_diff1": 0.274124,
        "nauc_ndcg_at_100_max": 0.299492,
        "nauc_ndcg_at_100_std": 0.243842,
        "nauc_ndcg_at_100_diff1": 0.252828,
        "nauc_ndcg_at_1000_max": 0.320682,
        "nauc_ndcg_at_1000_std": 0.298426,
        "nauc_ndcg_at_1000_diff1": 0.240696,
        "nauc_map_at_1_max": 0.122141,
        "nauc_map_at_1_std": -0.038885,
        "nauc_map_at_1_diff1": 0.301531,
        "nauc_map_at_3_max": 0.188889,
        "nauc_map_at_3_std": 0.034031,
        "nauc_map_at_3_diff1": 0.276602,
        "nauc_map_at_5_max": 0.23132,
        "nauc_map_at_5_std": 0.045287,
        "nauc_map_at_5_diff1": 0.257777,
        "nauc_map_at_10_max": 0.257388,
        "nauc_map_at_10_std": 0.07942,
        "nauc_map_at_10_diff1": 0.222442,
        "nauc_map_at_20_max": 0.275029,
        "nauc_map_at_20_std": 0.100374,
        "nauc_map_at_20_diff1": 0.207824,
        "nauc_map_at_100_max": 0.28428,
        "nauc_map_at_100_std": 0.132262,
        "nauc_map_at_100_diff1": 0.205764,
        "nauc_map_at_1000_max": 0.281821,
        "nauc_map_at_1000_std": 0.169905,
        "nauc_map_at_1000_diff1": 0.207062,
        "nauc_recall_at_1_max": 0.122141,
        "nauc_recall_at_1_std": -0.038885,
        "nauc_recall_at_1_diff1": 0.301531,
        "nauc_recall_at_3_max": 0.170673,
        "nauc_recall_at_3_std": 0.054014,
        "nauc_recall_at_3_diff1": 0.235251,
        "nauc_recall_at_5_max": 0.183583,
        "nauc_recall_at_5_std": 0.043515,
        "nauc_recall_at_5_diff1": 0.192389,
        "nauc_recall_at_10_max": 0.21343,
        "nauc_recall_at_10_std": 0.07577,
        "nauc_recall_at_10_diff1": 0.143124,
        "nauc_recall_at_20_max": 0.233574,
        "nauc_recall_at_20_std": 0.095609,
        "nauc_recall_at_20_diff1": 0.137819,
        "nauc_recall_at_100_max": 0.205049,
        "nauc_recall_at_100_std": 0.147371,
        "nauc_recall_at_100_diff1": 0.10475,
        "nauc_recall_at_1000_max": 0.115528,
        "nauc_recall_at_1000_std": 0.215796,
        "nauc_recall_at_1000_diff1": -0.014193,
        "nauc_precision_at_1_max": 0.241873,
        "nauc_precision_at_1_std": 0.184509,
        "nauc_precision_at_1_diff1": 0.356374,
        "nauc_precision_at_3_max": 0.284472,
        "nauc_precision_at_3_std": 0.252682,
        "nauc_precision_at_3_diff1": 0.255747,
        "nauc_precision_at_5_max": 0.313645,
        "nauc_precision_at_5_std": 0.279391,
        "nauc_precision_at_5_diff1": 0.232628,
        "nauc_precision_at_10_max": 0.269425,
        "nauc_precision_at_10_std": 0.336451,
        "nauc_precision_at_10_diff1": 0.173102,
        "nauc_precision_at_20_max": 0.246093,
        "nauc_precision_at_20_std": 0.349245,
        "nauc_precision_at_20_diff1": 0.138589,
        "nauc_precision_at_100_max": 0.113104,
        "nauc_precision_at_100_std": 0.382341,
        "nauc_precision_at_100_diff1": 0.101439,
        "nauc_precision_at_1000_max": -0.039001,
        "nauc_precision_at_1000_std": 0.297915,
        "nauc_precision_at_1000_diff1": 0.082482,
        "nauc_mrr_at_1_max": 0.241873,
        "nauc_mrr_at_1_std": 0.184509,
        "nauc_mrr_at_1_diff1": 0.356374,
        "nauc_mrr_at_3_max": 0.259077,
        "nauc_mrr_at_3_std": 0.211199,
        "nauc_mrr_at_3_diff1": 0.356503,
        "nauc_mrr_at_5_max": 0.25916,
        "nauc_mrr_at_5_std": 0.218322,
        "nauc_mrr_at_5_diff1": 0.3648,
        "nauc_mrr_at_10_max": 0.266816,
        "nauc_mrr_at_10_std": 0.225847,
        "nauc_mrr_at_10_diff1": 0.361943,
        "nauc_mrr_at_20_max": 0.266681,
        "nauc_mrr_at_20_std": 0.227892,
        "nauc_mrr_at_20_diff1": 0.363858,
        "nauc_mrr_at_100_max": 0.266497,
        "nauc_mrr_at_100_std": 0.227237,
        "nauc_mrr_at_100_diff1": 0.362766,
        "nauc_mrr_at_1000_max": 0.266418,
        "nauc_mrr_at_1000_std": 0.226862,
        "nauc_mrr_at_1000_diff1": 0.36277,
        "main_score": 0.289,
        "hf_subset": "default",
        "languages": [
          "eng-Latn"
        ]
      }
    ]
  },
  "evaluation_time": 4447.1350710392,
  "kg_co2_emissions": null
}