{
  "dataset_revision": "f8c2fcf00f625baaa80f62ec5bd9e1fff3b8ae88",
  "task_name": "SCIDOCS",
  "mteb_version": "1.38.54",
  "scores": {
    "test": [
      {
        "ndcg_at_1": 0.246,
        "ndcg_at_3": 0.20487,
        "ndcg_at_5": 0.17785,
        "ndcg_at_10": 0.21317,
        "ndcg_at_20": 0.24298,
        "ndcg_at_100": 0.30076,
        "ndcg_at_1000": 0.3571,
        "map_at_1": 0.04993,
        "map_at_3": 0.09201,
        "map_at_5": 0.11022,
        "map_at_10": 0.12765,
        "map_at_20": 0.139,
        "map_at_100": 0.15068,
        "map_at_1000": 0.15408,
        "recall_at_1": 0.04993,
        "recall_at_3": 0.11767,
        "recall_at_5": 0.15882,
        "recall_at_10": 0.22418,
        "recall_at_20": 0.2939,
        "recall_at_100": 0.4813,
        "recall_at_1000": 0.755,
        "precision_at_1": 0.246,
        "precision_at_3": 0.19333,
        "precision_at_5": 0.1566,
        "precision_at_10": 0.1106,
        "precision_at_20": 0.0725,
        "precision_at_100": 0.02372,
        "precision_at_1000": 0.00372,
        "mrr_at_1": 0.246,
        "mrr_at_3": 0.329167,
        "mrr_at_5": 0.345117,
        "mrr_at_10": 0.360775,
        "mrr_at_20": 0.366325,
        "mrr_at_100": 0.371335,
        "mrr_at_1000": 0.371815,
        "nauc_ndcg_at_1_max": 0.131723,
        "nauc_ndcg_at_1_std": 0.049689,
        "nauc_ndcg_at_1_diff1": 0.21908,
        "nauc_ndcg_at_3_max": 0.171031,
        "nauc_ndcg_at_3_std": 0.100371,
        "nauc_ndcg_at_3_diff1": 0.199243,
        "nauc_ndcg_at_5_max": 0.187497,
        "nauc_ndcg_at_5_std": 0.111986,
        "nauc_ndcg_at_5_diff1": 0.1946,
        "nauc_ndcg_at_10_max": 0.196801,
        "nauc_ndcg_at_10_std": 0.154834,
        "nauc_ndcg_at_10_diff1": 0.187182,
        "nauc_ndcg_at_20_max": 0.206685,
        "nauc_ndcg_at_20_std": 0.179144,
        "nauc_ndcg_at_20_diff1": 0.178299,
        "nauc_ndcg_at_100_max": 0.220538,
        "nauc_ndcg_at_100_std": 0.224648,
        "nauc_ndcg_at_100_diff1": 0.164245,
        "nauc_ndcg_at_1000_max": 0.233201,
        "nauc_ndcg_at_1000_std": 0.230919,
        "nauc_ndcg_at_1000_diff1": 0.183719,
        "nauc_map_at_1_max": 0.127374,
        "nauc_map_at_1_std": 0.047166,
        "nauc_map_at_1_diff1": 0.217506,
        "nauc_map_at_3_max": 0.177762,
        "nauc_map_at_3_std": 0.087795,
        "nauc_map_at_3_diff1": 0.201786,
        "nauc_map_at_5_max": 0.19598,
        "nauc_map_at_5_std": 0.103182,
        "nauc_map_at_5_diff1": 0.196596,
        "nauc_map_at_10_max": 0.203623,
        "nauc_map_at_10_std": 0.142077,
        "nauc_map_at_10_diff1": 0.188426,
        "nauc_map_at_20_max": 0.208916,
        "nauc_map_at_20_std": 0.156738,
        "nauc_map_at_20_diff1": 0.182231,
        "nauc_map_at_100_max": 0.21185,
        "nauc_map_at_100_std": 0.172806,
        "nauc_map_at_100_diff1": 0.175812,
        "nauc_map_at_1000_max": 0.21382,
        "nauc_map_at_1000_std": 0.17534,
        "nauc_map_at_1000_diff1": 0.177771,
        "nauc_recall_at_1_max": 0.127374,
        "nauc_recall_at_1_std": 0.047166,
        "nauc_recall_at_1_diff1": 0.217506,
        "nauc_recall_at_3_max": 0.179077,
        "nauc_recall_at_3_std": 0.113645,
        "nauc_recall_at_3_diff1": 0.185739,
        "nauc_recall_at_5_max": 0.198231,
        "nauc_recall_at_5_std": 0.126948,
        "nauc_recall_at_5_diff1": 0.171248,
        "nauc_recall_at_10_max": 0.202445,
        "nauc_recall_at_10_std": 0.197234,
        "nauc_recall_at_10_diff1": 0.150818,
        "nauc_recall_at_20_max": 0.206882,
        "nauc_recall_at_20_std": 0.232092,
        "nauc_recall_at_20_diff1": 0.124645,
        "nauc_recall_at_100_max": 0.218862,
        "nauc_recall_at_100_std": 0.326168,
        "nauc_recall_at_100_diff1": 0.070776,
        "nauc_recall_at_1000_max": 0.261527,
        "nauc_recall_at_1000_std": 0.364136,
        "nauc_recall_at_1000_diff1": 0.118372,
        "nauc_precision_at_1_max": 0.131723,
        "nauc_precision_at_1_std": 0.049689,
        "nauc_precision_at_1_diff1": 0.21908,
        "nauc_precision_at_3_max": 0.180786,
        "nauc_precision_at_3_std": 0.115979,
        "nauc_precision_at_3_diff1": 0.185066,
        "nauc_precision_at_5_max": 0.198806,
        "nauc_precision_at_5_std": 0.128981,
        "nauc_precision_at_5_diff1": 0.169451,
        "nauc_precision_at_10_max": 0.204093,
        "nauc_precision_at_10_std": 0.198166,
        "nauc_precision_at_10_diff1": 0.149947,
        "nauc_precision_at_20_max": 0.209598,
        "nauc_precision_at_20_std": 0.231925,
        "nauc_precision_at_20_diff1": 0.123766,
        "nauc_precision_at_100_max": 0.222066,
        "nauc_precision_at_100_std": 0.323101,
        "nauc_precision_at_100_diff1": 0.071886,
        "nauc_precision_at_1000_max": 0.256697,
        "nauc_precision_at_1000_std": 0.349718,
        "nauc_precision_at_1000_diff1": 0.115989,
        "nauc_mrr_at_1_max": 0.131723,
        "nauc_mrr_at_1_std": 0.049689,
        "nauc_mrr_at_1_diff1": 0.21908,
        "nauc_mrr_at_3_max": 0.152948,
        "nauc_mrr_at_3_std": 0.095944,
        "nauc_mrr_at_3_diff1": 0.210796,
        "nauc_mrr_at_5_max": 0.158348,
        "nauc_mrr_at_5_std": 0.094747,
        "nauc_mrr_at_5_diff1": 0.211104,
        "nauc_mrr_at_10_max": 0.160608,
        "nauc_mrr_at_10_std": 0.099433,
        "nauc_mrr_at_10_diff1": 0.211221,
        "nauc_mrr_at_20_max": 0.161727,
        "nauc_mrr_at_20_std": 0.103285,
        "nauc_mrr_at_20_diff1": 0.210451,
        "nauc_mrr_at_100_max": 0.161972,
        "nauc_mrr_at_100_std": 0.102849,
        "nauc_mrr_at_100_diff1": 0.210905,
        "nauc_mrr_at_1000_max": 0.161796,
        "nauc_mrr_at_1000_std": 0.102692,
        "nauc_mrr_at_1000_diff1": 0.211051,
        "main_score": 0.21317,
        "hf_subset": "default",
        "languages": [
          "eng-Latn"
        ]
      }
    ]
  },
  "evaluation_time": 13283.242208719254,
  "kg_co2_emissions": null
}