{
  "dataset_revision": "0228b52cf27578f30900b9e5271d331663a030d7",
  "task_name": "SciFact",
  "mteb_version": "1.38.54",
  "scores": {
    "test": [
      {
        "ndcg_at_1": 0.60667,
        "ndcg_at_3": 0.69023,
        "ndcg_at_5": 0.717,
        "ndcg_at_10": 0.73845,
        "ndcg_at_20": 0.74675,
        "ndcg_at_100": 0.75896,
        "ndcg_at_1000": 0.76339,
        "map_at_1": 0.57761,
        "map_at_3": 0.661,
        "map_at_5": 0.67899,
        "map_at_10": 0.69075,
        "map_at_20": 0.69342,
        "map_at_100": 0.69515,
        "map_at_1000": 0.69535,
        "recall_at_1": 0.57761,
        "recall_at_3": 0.74406,
        "recall_at_5": 0.80983,
        "recall_at_10": 0.86989,
        "recall_at_20": 0.90167,
        "recall_at_100": 0.96667,
        "recall_at_1000": 1.0,
        "precision_at_1": 0.60667,
        "precision_at_3": 0.27111,
        "precision_at_5": 0.18067,
        "precision_at_10": 0.099,
        "precision_at_20": 0.0515,
        "precision_at_100": 0.01097,
        "precision_at_1000": 0.00113,
        "mrr_at_1": 0.606667,
        "mrr_at_3": 0.680556,
        "mrr_at_5": 0.695389,
        "mrr_at_10": 0.701906,
        "mrr_at_20": 0.703625,
        "mrr_at_100": 0.70526,
        "mrr_at_1000": 0.70546,
        "nauc_ndcg_at_1_max": 0.524138,
        "nauc_ndcg_at_1_std": 0.104597,
        "nauc_ndcg_at_1_diff1": 0.714431,
        "nauc_ndcg_at_3_max": 0.490195,
        "nauc_ndcg_at_3_std": 0.018271,
        "nauc_ndcg_at_3_diff1": 0.668209,
        "nauc_ndcg_at_5_max": 0.480483,
        "nauc_ndcg_at_5_std": 0.025951,
        "nauc_ndcg_at_5_diff1": 0.661181,
        "nauc_ndcg_at_10_max": 0.495357,
        "nauc_ndcg_at_10_std": 0.062429,
        "nauc_ndcg_at_10_diff1": 0.680323,
        "nauc_ndcg_at_20_max": 0.501936,
        "nauc_ndcg_at_20_std": 0.061148,
        "nauc_ndcg_at_20_diff1": 0.68002,
        "nauc_ndcg_at_100_max": 0.505269,
        "nauc_ndcg_at_100_std": 0.058201,
        "nauc_ndcg_at_100_diff1": 0.683989,
        "nauc_ndcg_at_1000_max": 0.501712,
        "nauc_ndcg_at_1000_std": 0.057784,
        "nauc_ndcg_at_1000_diff1": 0.6821,
        "nauc_map_at_1_max": 0.453249,
        "nauc_map_at_1_std": -0.001615,
        "nauc_map_at_1_diff1": 0.708526,
        "nauc_map_at_3_max": 0.471102,
        "nauc_map_at_3_std": -0.002041,
        "nauc_map_at_3_diff1": 0.677763,
        "nauc_map_at_5_max": 0.470248,
        "nauc_map_at_5_std": 0.010934,
        "nauc_map_at_5_diff1": 0.672299,
        "nauc_map_at_10_max": 0.482043,
        "nauc_map_at_10_std": 0.035623,
        "nauc_map_at_10_diff1": 0.680484,
        "nauc_map_at_20_max": 0.484909,
        "nauc_map_at_20_std": 0.036193,
        "nauc_map_at_20_diff1": 0.68042,
        "nauc_map_at_100_max": 0.485324,
        "nauc_map_at_100_std": 0.035896,
        "nauc_map_at_100_diff1": 0.68108,
        "nauc_map_at_1000_max": 0.485123,
        "nauc_map_at_1000_std": 0.035895,
        "nauc_map_at_1000_diff1": 0.680958,
        "nauc_recall_at_1_max": 0.453249,
        "nauc_recall_at_1_std": -0.001615,
        "nauc_recall_at_1_diff1": 0.708526,
        "nauc_recall_at_3_max": 0.465123,
        "nauc_recall_at_3_std": -0.048917,
        "nauc_recall_at_3_diff1": 0.619308,
        "nauc_recall_at_5_max": 0.428314,
        "nauc_recall_at_5_std": -0.017316,
        "nauc_recall_at_5_diff1": 0.582748,
        "nauc_recall_at_10_max": 0.474984,
        "nauc_recall_at_10_std": 0.115796,
        "nauc_recall_at_10_diff1": 0.665364,
        "nauc_recall_at_20_max": 0.51198,
        "nauc_recall_at_20_std": 0.107099,
        "nauc_recall_at_20_diff1": 0.663066,
        "nauc_recall_at_100_max": 0.636368,
        "nauc_recall_at_100_std": 0.09057,
        "nauc_recall_at_100_diff1": 0.74958,
        "nauc_recall_at_1000_max": NaN,
        "nauc_recall_at_1000_std": NaN,
        "nauc_recall_at_1000_diff1": NaN,
        "nauc_precision_at_1_max": 0.524138,
        "nauc_precision_at_1_std": 0.104597,
        "nauc_precision_at_1_diff1": 0.714431,
        "nauc_precision_at_3_max": 0.439313,
        "nauc_precision_at_3_std": 0.19049,
        "nauc_precision_at_3_diff1": 0.405559,
        "nauc_precision_at_5_max": 0.350218,
        "nauc_precision_at_5_std": 0.277714,
        "nauc_precision_at_5_diff1": 0.230945,
        "nauc_precision_at_10_max": 0.2966,
        "nauc_precision_at_10_std": 0.400854,
        "nauc_precision_at_10_diff1": 0.124091,
        "nauc_precision_at_20_max": 0.277863,
        "nauc_precision_at_20_std": 0.400346,
        "nauc_precision_at_20_diff1": 0.058205,
        "nauc_precision_at_100_max": 0.234606,
        "nauc_precision_at_100_std": 0.471323,
        "nauc_precision_at_100_diff1": -0.082747,
        "nauc_precision_at_1000_max": 0.175401,
        "nauc_precision_at_1000_std": 0.527433,
        "nauc_precision_at_1000_diff1": -0.205403,
        "nauc_mrr_at_1_max": 0.524138,
        "nauc_mrr_at_1_std": 0.104597,
        "nauc_mrr_at_1_diff1": 0.714431,
        "nauc_mrr_at_3_max": 0.526395,
        "nauc_mrr_at_3_std": 0.07089,
        "nauc_mrr_at_3_diff1": 0.686566,
        "nauc_mrr_at_5_max": 0.523738,
        "nauc_mrr_at_5_std": 0.081353,
        "nauc_mrr_at_5_diff1": 0.684934,
        "nauc_mrr_at_10_max": 0.523103,
        "nauc_mrr_at_10_std": 0.084482,
        "nauc_mrr_at_10_diff1": 0.691278,
        "nauc_mrr_at_20_max": 0.524435,
        "nauc_mrr_at_20_std": 0.084077,
        "nauc_mrr_at_20_diff1": 0.691393,
        "nauc_mrr_at_100_max": 0.524584,
        "nauc_mrr_at_100_std": 0.083429,
        "nauc_mrr_at_100_diff1": 0.69193,
        "nauc_mrr_at_1000_max": 0.524412,
        "nauc_mrr_at_1000_std": 0.083467,
        "nauc_mrr_at_1000_diff1": 0.691815,
        "main_score": 0.73845,
        "hf_subset": "default",
        "languages": [
          "eng-Latn"
        ]
      }
    ]
  },
  "evaluation_time": 4130.6596648693085,
  "kg_co2_emissions": null
}