{
  "dataset_revision": "c22ab2a51041ffd869aaddef7af8d8215647e41a",
  "task_name": "ArguAna",
  "mteb_version": "1.38.54",
  "scores": {
    "test": [
      {
        "ndcg_at_1": 0.266,
        "ndcg_at_3": 0.41923,
        "ndcg_at_5": 0.47585,
        "ndcg_at_10": 0.53612,
        "ndcg_at_20": 0.5623,
        "ndcg_at_100": 0.56983,
        "ndcg_at_1000": 0.57004,
        "map_at_1": 0.266,
        "map_at_3": 0.38063,
        "map_at_5": 0.41193,
        "map_at_10": 0.43708,
        "map_at_20": 0.4445,
        "map_at_100": 0.44565,
        "map_at_1000": 0.44566,
        "recall_at_1": 0.266,
        "recall_at_3": 0.53129,
        "recall_at_5": 0.66927,
        "recall_at_10": 0.8542,
        "recall_at_20": 0.9559,
        "recall_at_100": 0.99502,
        "recall_at_1000": 0.99644,
        "precision_at_1": 0.266,
        "precision_at_3": 0.1771,
        "precision_at_5": 0.13385,
        "precision_at_10": 0.08542,
        "precision_at_20": 0.0478,
        "precision_at_100": 0.00995,
        "precision_at_1000": 0.001,
        "mrr_at_1": 0.269559,
        "mrr_at_3": 0.382053,
        "mrr_at_5": 0.413099,
        "mrr_at_10": 0.438205,
        "mrr_at_20": 0.445796,
        "mrr_at_100": 0.446909,
        "mrr_at_1000": 0.44692,
        "nauc_ndcg_at_1_max": -0.150606,
        "nauc_ndcg_at_1_std": -0.159881,
        "nauc_ndcg_at_1_diff1": 0.102681,
        "nauc_ndcg_at_3_max": -0.091255,
        "nauc_ndcg_at_3_std": -0.138146,
        "nauc_ndcg_at_3_diff1": 0.075957,
        "nauc_ndcg_at_5_max": -0.086831,
        "nauc_ndcg_at_5_std": -0.134729,
        "nauc_ndcg_at_5_diff1": 0.076809,
        "nauc_ndcg_at_10_max": -0.105972,
        "nauc_ndcg_at_10_std": -0.155707,
        "nauc_ndcg_at_10_diff1": 0.06011,
        "nauc_ndcg_at_20_max": -0.10473,
        "nauc_ndcg_at_20_std": -0.153283,
        "nauc_ndcg_at_20_diff1": 0.065242,
        "nauc_ndcg_at_100_max": -0.107744,
        "nauc_ndcg_at_100_std": -0.146305,
        "nauc_ndcg_at_100_diff1": 0.072078,
        "nauc_ndcg_at_1000_max": -0.108204,
        "nauc_ndcg_at_1000_std": -0.147245,
        "nauc_ndcg_at_1000_diff1": 0.072319,
        "nauc_map_at_1_max": -0.150606,
        "nauc_map_at_1_std": -0.159881,
        "nauc_map_at_1_diff1": 0.102681,
        "nauc_map_at_3_max": -0.106041,
        "nauc_map_at_3_std": -0.145203,
        "nauc_map_at_3_diff1": 0.081839,
        "nauc_map_at_5_max": -0.104387,
        "nauc_map_at_5_std": -0.143748,
        "nauc_map_at_5_diff1": 0.082492,
        "nauc_map_at_10_max": -0.11273,
        "nauc_map_at_10_std": -0.151517,
        "nauc_map_at_10_diff1": 0.076222,
        "nauc_map_at_20_max": -0.112813,
        "nauc_map_at_20_std": -0.151049,
        "nauc_map_at_20_diff1": 0.077739,
        "nauc_map_at_100_max": -0.113164,
        "nauc_map_at_100_std": -0.150261,
        "nauc_map_at_100_diff1": 0.078741,
        "nauc_map_at_1000_max": -0.113186,
        "nauc_map_at_1000_std": -0.150304,
        "nauc_map_at_1000_diff1": 0.07875,
        "nauc_recall_at_1_max": -0.150606,
        "nauc_recall_at_1_std": -0.159881,
        "nauc_recall_at_1_diff1": 0.102681,
        "nauc_recall_at_3_max": -0.048592,
        "nauc_recall_at_3_std": -0.117154,
        "nauc_recall_at_3_diff1": 0.059282,
        "nauc_recall_at_5_max": -0.02637,
        "nauc_recall_at_5_std": -0.102659,
        "nauc_recall_at_5_diff1": 0.058102,
        "nauc_recall_at_10_max": -0.076637,
        "nauc_recall_at_10_std": -0.199855,
        "nauc_recall_at_10_diff1": -0.052621,
        "nauc_recall_at_20_max": 0.023274,
        "nauc_recall_at_20_std": -0.234318,
        "nauc_recall_at_20_diff1": -0.185715,
        "nauc_recall_at_100_max": 0.270334,
        "nauc_recall_at_100_std": 0.917621,
        "nauc_recall_at_100_diff1": -0.584223,
        "nauc_recall_at_1000_max": 0.212768,
        "nauc_recall_at_1000_std": 0.910821,
        "nauc_recall_at_1000_diff1": -0.731928,
        "nauc_precision_at_1_max": -0.150606,
        "nauc_precision_at_1_std": -0.159881,
        "nauc_precision_at_1_diff1": 0.102681,
        "nauc_precision_at_3_max": -0.048592,
        "nauc_precision_at_3_std": -0.117154,
        "nauc_precision_at_3_diff1": 0.059282,
        "nauc_precision_at_5_max": -0.02637,
        "nauc_precision_at_5_std": -0.102659,
        "nauc_precision_at_5_diff1": 0.058102,
        "nauc_precision_at_10_max": -0.076637,
        "nauc_precision_at_10_std": -0.199855,
        "nauc_precision_at_10_diff1": -0.052621,
        "nauc_precision_at_20_max": 0.023274,
        "nauc_precision_at_20_std": -0.234318,
        "nauc_precision_at_20_diff1": -0.185715,
        "nauc_precision_at_100_max": 0.270334,
        "nauc_precision_at_100_std": 0.917621,
        "nauc_precision_at_100_diff1": -0.584223,
        "nauc_precision_at_1000_max": 0.212768,
        "nauc_precision_at_1000_std": 0.910821,
        "nauc_precision_at_1000_diff1": -0.731928,
        "nauc_mrr_at_1_max": -0.153274,
        "nauc_mrr_at_1_std": -0.162622,
        "nauc_mrr_at_1_diff1": 0.091224,
        "nauc_mrr_at_3_max": -0.110588,
        "nauc_mrr_at_3_std": -0.146163,
        "nauc_mrr_at_3_diff1": 0.073627,
        "nauc_mrr_at_5_max": -0.112604,
        "nauc_mrr_at_5_std": -0.146145,
        "nauc_mrr_at_5_diff1": 0.070196,
        "nauc_mrr_at_10_max": -0.119935,
        "nauc_mrr_at_10_std": -0.152035,
        "nauc_mrr_at_10_diff1": 0.06436,
        "nauc_mrr_at_20_max": -0.119548,
        "nauc_mrr_at_20_std": -0.15169,
        "nauc_mrr_at_20_diff1": 0.066207,
        "nauc_mrr_at_100_max": -0.119939,
        "nauc_mrr_at_100_std": -0.151098,
        "nauc_mrr_at_100_diff1": 0.067205,
        "nauc_mrr_at_1000_max": -0.119961,
        "nauc_mrr_at_1000_std": -0.151141,
        "nauc_mrr_at_1000_diff1": 0.067214,
        "main_score": 0.53612,
        "hf_subset": "default",
        "languages": [
          "eng-Latn"
        ]
      }
    ]
  },
  "evaluation_time": 10771.60262799263,
  "kg_co2_emissions": null
}