{
  "dataset_revision": "ad9991cb51e31e31e430383c75ffb2885547b5f0",
  "task_name": "CQADupstackEnglishRetrieval",
  "mteb_version": "1.38.54",
  "scores": {
    "test": [
      {
        "ndcg_at_1": 0.35414,
        "ndcg_at_3": 0.39049,
        "ndcg_at_5": 0.41095,
        "ndcg_at_10": 0.4292,
        "ndcg_at_20": 0.44641,
        "ndcg_at_100": 0.47761,
        "ndcg_at_1000": 0.4995,
        "map_at_1": 0.28248,
        "map_at_3": 0.34871,
        "map_at_5": 0.36582,
        "map_at_10": 0.37681,
        "map_at_20": 0.38315,
        "map_at_100": 0.38933,
        "map_at_1000": 0.39062,
        "recall_at_1": 0.28248,
        "recall_at_3": 0.40749,
        "recall_at_5": 0.46494,
        "recall_at_10": 0.52017,
        "recall_at_20": 0.58341,
        "recall_at_100": 0.72779,
        "recall_at_1000": 0.86667,
        "precision_at_1": 0.35414,
        "precision_at_3": 0.18747,
        "precision_at_5": 0.13363,
        "precision_at_10": 0.07968,
        "precision_at_20": 0.04701,
        "precision_at_100": 0.01329,
        "precision_at_1000": 0.00182,
        "mrr_at_1": 0.35414,
        "mrr_at_3": 0.412633,
        "mrr_at_5": 0.425881,
        "mrr_at_10": 0.433543,
        "mrr_at_20": 0.438184,
        "mrr_at_100": 0.441402,
        "mrr_at_1000": 0.441886,
        "nauc_ndcg_at_1_max": 0.30595,
        "nauc_ndcg_at_1_std": 0.088498,
        "nauc_ndcg_at_1_diff1": 0.521659,
        "nauc_ndcg_at_3_max": 0.293158,
        "nauc_ndcg_at_3_std": 0.069274,
        "nauc_ndcg_at_3_diff1": 0.490835,
        "nauc_ndcg_at_5_max": 0.29864,
        "nauc_ndcg_at_5_std": 0.077347,
        "nauc_ndcg_at_5_diff1": 0.482706,
        "nauc_ndcg_at_10_max": 0.298646,
        "nauc_ndcg_at_10_std": 0.087687,
        "nauc_ndcg_at_10_diff1": 0.484228,
        "nauc_ndcg_at_20_max": 0.30095,
        "nauc_ndcg_at_20_std": 0.101731,
        "nauc_ndcg_at_20_diff1": 0.48104,
        "nauc_ndcg_at_100_max": 0.309554,
        "nauc_ndcg_at_100_std": 0.1254,
        "nauc_ndcg_at_100_diff1": 0.474572,
        "nauc_ndcg_at_1000_max": 0.31142,
        "nauc_ndcg_at_1000_std": 0.127592,
        "nauc_ndcg_at_1000_diff1": 0.477641,
        "nauc_map_at_1_max": 0.231833,
        "nauc_map_at_1_std": 0.025605,
        "nauc_map_at_1_diff1": 0.532559,
        "nauc_map_at_3_max": 0.265688,
        "nauc_map_at_3_std": 0.043429,
        "nauc_map_at_3_diff1": 0.513077,
        "nauc_map_at_5_max": 0.277679,
        "nauc_map_at_5_std": 0.056469,
        "nauc_map_at_5_diff1": 0.504634,
        "nauc_map_at_10_max": 0.282652,
        "nauc_map_at_10_std": 0.063681,
        "nauc_map_at_10_diff1": 0.504221,
        "nauc_map_at_20_max": 0.285159,
        "nauc_map_at_20_std": 0.069955,
        "nauc_map_at_20_diff1": 0.501634,
        "nauc_map_at_100_max": 0.289123,
        "nauc_map_at_100_std": 0.077072,
        "nauc_map_at_100_diff1": 0.500022,
        "nauc_map_at_1000_max": 0.289904,
        "nauc_map_at_1000_std": 0.078147,
        "nauc_map_at_1000_diff1": 0.499711,
        "nauc_recall_at_1_max": 0.231833,
        "nauc_recall_at_1_std": 0.025605,
        "nauc_recall_at_1_diff1": 0.532559,
        "nauc_recall_at_3_max": 0.259591,
        "nauc_recall_at_3_std": 0.039253,
        "nauc_recall_at_3_diff1": 0.472305,
        "nauc_recall_at_5_max": 0.274519,
        "nauc_recall_at_5_std": 0.068234,
        "nauc_recall_at_5_diff1": 0.436458,
        "nauc_recall_at_10_max": 0.275334,
        "nauc_recall_at_10_std": 0.099046,
        "nauc_recall_at_10_diff1": 0.429131,
        "nauc_recall_at_20_max": 0.280387,
        "nauc_recall_at_20_std": 0.153044,
        "nauc_recall_at_20_diff1": 0.404367,
        "nauc_recall_at_100_max": 0.31893,
        "nauc_recall_at_100_std": 0.310884,
        "nauc_recall_at_100_diff1": 0.335462,
        "nauc_recall_at_1000_max": 0.362012,
        "nauc_recall_at_1000_std": 0.466664,
        "nauc_recall_at_1000_diff1": 0.340251,
        "nauc_precision_at_1_max": 0.30595,
        "nauc_precision_at_1_std": 0.088498,
        "nauc_precision_at_1_diff1": 0.521659,
        "nauc_precision_at_3_max": 0.329859,
        "nauc_precision_at_3_std": 0.142485,
        "nauc_precision_at_3_diff1": 0.353548,
        "nauc_precision_at_5_max": 0.342316,
        "nauc_precision_at_5_std": 0.177623,
        "nauc_precision_at_5_diff1": 0.272844,
        "nauc_precision_at_10_max": 0.326808,
        "nauc_precision_at_10_std": 0.212151,
        "nauc_precision_at_10_diff1": 0.205236,
        "nauc_precision_at_20_max": 0.314259,
        "nauc_precision_at_20_std": 0.264742,
        "nauc_precision_at_20_diff1": 0.114687,
        "nauc_precision_at_100_max": 0.273908,
        "nauc_precision_at_100_std": 0.313538,
        "nauc_precision_at_100_diff1": -0.047571,
        "nauc_precision_at_1000_max": 0.177963,
        "nauc_precision_at_1000_std": 0.253656,
        "nauc_precision_at_1000_diff1": -0.143621,
        "nauc_mrr_at_1_max": 0.30595,
        "nauc_mrr_at_1_std": 0.088498,
        "nauc_mrr_at_1_diff1": 0.521659,
        "nauc_mrr_at_3_max": 0.316404,
        "nauc_mrr_at_3_std": 0.092093,
        "nauc_mrr_at_3_diff1": 0.497648,
        "nauc_mrr_at_5_max": 0.318784,
        "nauc_mrr_at_5_std": 0.095007,
        "nauc_mrr_at_5_diff1": 0.490079,
        "nauc_mrr_at_10_max": 0.316221,
        "nauc_mrr_at_10_std": 0.098306,
        "nauc_mrr_at_10_diff1": 0.488597,
        "nauc_mrr_at_20_max": 0.316614,
        "nauc_mrr_at_20_std": 0.10106,
        "nauc_mrr_at_20_diff1": 0.488211,
        "nauc_mrr_at_100_max": 0.317334,
        "nauc_mrr_at_100_std": 0.102767,
        "nauc_mrr_at_100_diff1": 0.487857,
        "nauc_mrr_at_1000_max": 0.317291,
        "nauc_mrr_at_1000_std": 0.102688,
        "nauc_mrr_at_1000_diff1": 0.488059,
        "main_score": 0.4292,
        "hf_subset": "default",
        "languages": [
          "eng-Latn"
        ]
      }
    ]
  },
  "evaluation_time": 13803.773728370667,
  "kg_co2_emissions": null
}