{
  "dataset_revision": "ec0fa4fe99da2ff19ca1214b7966684033a58814",
  "task_name": "NFCorpus",
  "mteb_version": "1.38.54",
  "scores": {
    "test": [
      {
        "ndcg_at_1": 0.43653,
        "ndcg_at_3": 0.40894,
        "ndcg_at_5": 0.40317,
        "ndcg_at_10": 0.36831,
        "ndcg_at_20": 0.34381,
        "ndcg_at_100": 0.34096,
        "ndcg_at_1000": 0.42921,
        "map_at_1": 0.05096,
        "map_at_3": 0.09145,
        "map_at_5": 0.11118,
        "map_at_10": 0.13258,
        "map_at_20": 0.14939,
        "map_at_100": 0.17415,
        "map_at_1000": 0.19128,
        "recall_at_1": 0.05096,
        "recall_at_3": 0.10659,
        "recall_at_5": 0.14437,
        "recall_at_10": 0.1845,
        "recall_at_20": 0.22545,
        "recall_at_100": 0.35599,
        "recall_at_1000": 0.67367,
        "precision_at_1": 0.45511,
        "precision_at_3": 0.39319,
        "precision_at_5": 0.36347,
        "precision_at_10": 0.28328,
        "precision_at_20": 0.21068,
        "precision_at_100": 0.09142,
        "precision_at_1000": 0.02259,
        "mrr_at_1": 0.455108,
        "mrr_at_3": 0.519092,
        "mrr_at_5": 0.538442,
        "mrr_at_10": 0.548021,
        "mrr_at_20": 0.550858,
        "mrr_at_100": 0.552764,
        "mrr_at_1000": 0.553118,
        "nauc_ndcg_at_1_max": 0.390243,
        "nauc_ndcg_at_1_std": 0.173219,
        "nauc_ndcg_at_1_diff1": 0.248173,
        "nauc_ndcg_at_3_max": 0.326942,
        "nauc_ndcg_at_3_std": 0.19635,
        "nauc_ndcg_at_3_diff1": 0.116133,
        "nauc_ndcg_at_5_max": 0.335071,
        "nauc_ndcg_at_5_std": 0.219004,
        "nauc_ndcg_at_5_diff1": 0.105859,
        "nauc_ndcg_at_10_max": 0.355953,
        "nauc_ndcg_at_10_std": 0.243889,
        "nauc_ndcg_at_10_diff1": 0.091948,
        "nauc_ndcg_at_20_max": 0.342652,
        "nauc_ndcg_at_20_std": 0.25067,
        "nauc_ndcg_at_20_diff1": 0.089249,
        "nauc_ndcg_at_100_max": 0.392552,
        "nauc_ndcg_at_100_std": 0.290134,
        "nauc_ndcg_at_100_diff1": 0.133426,
        "nauc_ndcg_at_1000_max": 0.449329,
        "nauc_ndcg_at_1000_std": 0.365145,
        "nauc_ndcg_at_1000_diff1": 0.144841,
        "nauc_map_at_1_max": 0.17371,
        "nauc_map_at_1_std": -0.123662,
        "nauc_map_at_1_diff1": 0.369183,
        "nauc_map_at_3_max": 0.135166,
        "nauc_map_at_3_std": -0.093687,
        "nauc_map_at_3_diff1": 0.216358,
        "nauc_map_at_5_max": 0.173645,
        "nauc_map_at_5_std": -0.054208,
        "nauc_map_at_5_diff1": 0.2005,
        "nauc_map_at_10_max": 0.233053,
        "nauc_map_at_10_std": 0.005468,
        "nauc_map_at_10_diff1": 0.186739,
        "nauc_map_at_20_max": 0.259222,
        "nauc_map_at_20_std": 0.055403,
        "nauc_map_at_20_diff1": 0.164296,
        "nauc_map_at_100_max": 0.291002,
        "nauc_map_at_100_std": 0.134798,
        "nauc_map_at_100_diff1": 0.147814,
        "nauc_map_at_1000_max": 0.299867,
        "nauc_map_at_1000_std": 0.172503,
        "nauc_map_at_1000_diff1": 0.1396,
        "nauc_recall_at_1_max": 0.17371,
        "nauc_recall_at_1_std": -0.123662,
        "nauc_recall_at_1_diff1": 0.369183,
        "nauc_recall_at_3_max": 0.092934,
        "nauc_recall_at_3_std": -0.107169,
        "nauc_recall_at_3_diff1": 0.181938,
        "nauc_recall_at_5_max": 0.121871,
        "nauc_recall_at_5_std": -0.040928,
        "nauc_recall_at_5_diff1": 0.149385,
        "nauc_recall_at_10_max": 0.209587,
        "nauc_recall_at_10_std": 0.035115,
        "nauc_recall_at_10_diff1": 0.150138,
        "nauc_recall_at_20_max": 0.22171,
        "nauc_recall_at_20_std": 0.07771,
        "nauc_recall_at_20_diff1": 0.120579,
        "nauc_recall_at_100_max": 0.251584,
        "nauc_recall_at_100_std": 0.226014,
        "nauc_recall_at_100_diff1": 0.113245,
        "nauc_recall_at_1000_max": 0.20887,
        "nauc_recall_at_1000_std": 0.281047,
        "nauc_recall_at_1000_diff1": 0.086249,
        "nauc_precision_at_1_max": 0.3903,
        "nauc_precision_at_1_std": 0.165513,
        "nauc_precision_at_1_diff1": 0.248272,
        "nauc_precision_at_3_max": 0.316552,
        "nauc_precision_at_3_std": 0.236741,
        "nauc_precision_at_3_diff1": 0.026412,
        "nauc_precision_at_5_max": 0.326798,
        "nauc_precision_at_5_std": 0.278446,
        "nauc_precision_at_5_diff1": 0.000573,
        "nauc_precision_at_10_max": 0.337167,
        "nauc_precision_at_10_std": 0.334,
        "nauc_precision_at_10_diff1": -0.04458,
        "nauc_precision_at_20_max": 0.268245,
        "nauc_precision_at_20_std": 0.356588,
        "nauc_precision_at_20_diff1": -0.068019,
        "nauc_precision_at_100_max": 0.153977,
        "nauc_precision_at_100_std": 0.37141,
        "nauc_precision_at_100_diff1": -0.074471,
        "nauc_precision_at_1000_max": 0.041069,
        "nauc_precision_at_1000_std": 0.271884,
        "nauc_precision_at_1000_diff1": -0.087587,
        "nauc_mrr_at_1_max": 0.3903,
        "nauc_mrr_at_1_std": 0.165513,
        "nauc_mrr_at_1_diff1": 0.248272,
        "nauc_mrr_at_3_max": 0.41181,
        "nauc_mrr_at_3_std": 0.231834,
        "nauc_mrr_at_3_diff1": 0.233957,
        "nauc_mrr_at_5_max": 0.42204,
        "nauc_mrr_at_5_std": 0.241409,
        "nauc_mrr_at_5_diff1": 0.237491,
        "nauc_mrr_at_10_max": 0.428829,
        "nauc_mrr_at_10_std": 0.247227,
        "nauc_mrr_at_10_diff1": 0.234507,
        "nauc_mrr_at_20_max": 0.427578,
        "nauc_mrr_at_20_std": 0.247628,
        "nauc_mrr_at_20_diff1": 0.234316,
        "nauc_mrr_at_100_max": 0.428209,
        "nauc_mrr_at_100_std": 0.24872,
        "nauc_mrr_at_100_diff1": 0.235535,
        "nauc_mrr_at_1000_max": 0.427976,
        "nauc_mrr_at_1000_std": 0.248295,
        "nauc_mrr_at_1000_diff1": 0.235497,
        "main_score": 0.36831,
        "hf_subset": "default",
        "languages": [
          "eng-Latn"
        ]
      }
    ]
  },
  "evaluation_time": 3232.5522985458374,
  "kg_co2_emissions": null
}