{
  "dataset_revision": "f8c2fcf00f625baaa80f62ec5bd9e1fff3b8ae88",
  "task_name": "SCIDOCS",
  "mteb_version": "1.38.54",
  "scores": {
    "test": [
      {
        "ndcg_at_1": 0.231,
        "ndcg_at_3": 0.18997,
        "ndcg_at_5": 0.16888,
        "ndcg_at_10": 0.20855,
        "ndcg_at_20": 0.24371,
        "ndcg_at_100": 0.3043,
        "ndcg_at_1000": 0.36166,
        "map_at_1": 0.04673,
        "map_at_3": 0.08525,
        "map_at_5": 0.10303,
        "map_at_10": 0.12326,
        "map_at_20": 0.13622,
        "map_at_100": 0.14888,
        "map_at_1000": 0.15239,
        "recall_at_1": 0.04673,
        "recall_at_3": 0.10853,
        "recall_at_5": 0.15293,
        "recall_at_10": 0.22573,
        "recall_at_20": 0.30785,
        "recall_at_100": 0.50618,
        "recall_at_1000": 0.78517,
        "precision_at_1": 0.231,
        "precision_at_3": 0.179,
        "precision_at_5": 0.1512,
        "precision_at_10": 0.1115,
        "precision_at_20": 0.07595,
        "precision_at_100": 0.02494,
        "precision_at_1000": 0.00387,
        "mrr_at_1": 0.231,
        "mrr_at_3": 0.304667,
        "mrr_at_5": 0.329267,
        "mrr_at_10": 0.344996,
        "mrr_at_20": 0.353125,
        "mrr_at_100": 0.357367,
        "mrr_at_1000": 0.357759,
        "nauc_ndcg_at_1_max": 0.218568,
        "nauc_ndcg_at_1_std": 0.110739,
        "nauc_ndcg_at_1_diff1": 0.180508,
        "nauc_ndcg_at_3_max": 0.246702,
        "nauc_ndcg_at_3_std": 0.127543,
        "nauc_ndcg_at_3_diff1": 0.139407,
        "nauc_ndcg_at_5_max": 0.248331,
        "nauc_ndcg_at_5_std": 0.151736,
        "nauc_ndcg_at_5_diff1": 0.116291,
        "nauc_ndcg_at_10_max": 0.258366,
        "nauc_ndcg_at_10_std": 0.175483,
        "nauc_ndcg_at_10_diff1": 0.108334,
        "nauc_ndcg_at_20_max": 0.26531,
        "nauc_ndcg_at_20_std": 0.193289,
        "nauc_ndcg_at_20_diff1": 0.106757,
        "nauc_ndcg_at_100_max": 0.288168,
        "nauc_ndcg_at_100_std": 0.241199,
        "nauc_ndcg_at_100_diff1": 0.11319,
        "nauc_ndcg_at_1000_max": 0.296427,
        "nauc_ndcg_at_1000_std": 0.247823,
        "nauc_ndcg_at_1000_diff1": 0.117155,
        "nauc_map_at_1_max": 0.215489,
        "nauc_map_at_1_std": 0.108684,
        "nauc_map_at_1_diff1": 0.175212,
        "nauc_map_at_3_max": 0.249793,
        "nauc_map_at_3_std": 0.117146,
        "nauc_map_at_3_diff1": 0.144502,
        "nauc_map_at_5_max": 0.249305,
        "nauc_map_at_5_std": 0.139449,
        "nauc_map_at_5_diff1": 0.117328,
        "nauc_map_at_10_max": 0.259132,
        "nauc_map_at_10_std": 0.160414,
        "nauc_map_at_10_diff1": 0.111435,
        "nauc_map_at_20_max": 0.264696,
        "nauc_map_at_20_std": 0.173939,
        "nauc_map_at_20_diff1": 0.111998,
        "nauc_map_at_100_max": 0.274012,
        "nauc_map_at_100_std": 0.192161,
        "nauc_map_at_100_diff1": 0.113674,
        "nauc_map_at_1000_max": 0.275554,
        "nauc_map_at_1000_std": 0.194069,
        "nauc_map_at_1000_diff1": 0.114259,
        "nauc_recall_at_1_max": 0.215489,
        "nauc_recall_at_1_std": 0.108684,
        "nauc_recall_at_1_diff1": 0.175212,
        "nauc_recall_at_3_max": 0.25081,
        "nauc_recall_at_3_std": 0.134808,
        "nauc_recall_at_3_diff1": 0.113262,
        "nauc_recall_at_5_max": 0.240069,
        "nauc_recall_at_5_std": 0.166804,
        "nauc_recall_at_5_diff1": 0.07612,
        "nauc_recall_at_10_max": 0.242642,
        "nauc_recall_at_10_std": 0.19715,
        "nauc_recall_at_10_diff1": 0.062971,
        "nauc_recall_at_20_max": 0.238289,
        "nauc_recall_at_20_std": 0.216302,
        "nauc_recall_at_20_diff1": 0.054861,
        "nauc_recall_at_100_max": 0.263165,
        "nauc_recall_at_100_std": 0.31241,
        "nauc_recall_at_100_diff1": 0.061034,
        "nauc_recall_at_1000_max": 0.268133,
        "nauc_recall_at_1000_std": 0.359585,
        "nauc_recall_at_1000_diff1": 0.042998,
        "nauc_precision_at_1_max": 0.218568,
        "nauc_precision_at_1_std": 0.110739,
        "nauc_precision_at_1_diff1": 0.180508,
        "nauc_precision_at_3_max": 0.251473,
        "nauc_precision_at_3_std": 0.133238,
        "nauc_precision_at_3_diff1": 0.11683,
        "nauc_precision_at_5_max": 0.242145,
        "nauc_precision_at_5_std": 0.165606,
        "nauc_precision_at_5_diff1": 0.08019,
        "nauc_precision_at_10_max": 0.246698,
        "nauc_precision_at_10_std": 0.195868,
        "nauc_precision_at_10_diff1": 0.068241,
        "nauc_precision_at_20_max": 0.243631,
        "nauc_precision_at_20_std": 0.21694,
        "nauc_precision_at_20_diff1": 0.062242,
        "nauc_precision_at_100_max": 0.265851,
        "nauc_precision_at_100_std": 0.305708,
        "nauc_precision_at_100_diff1": 0.069316,
        "nauc_precision_at_1000_max": 0.270804,
        "nauc_precision_at_1000_std": 0.338012,
        "nauc_precision_at_1000_diff1": 0.059131,
        "nauc_mrr_at_1_max": 0.218568,
        "nauc_mrr_at_1_std": 0.110739,
        "nauc_mrr_at_1_diff1": 0.180508,
        "nauc_mrr_at_3_max": 0.235571,
        "nauc_mrr_at_3_std": 0.136637,
        "nauc_mrr_at_3_diff1": 0.1536,
        "nauc_mrr_at_5_max": 0.241293,
        "nauc_mrr_at_5_std": 0.141771,
        "nauc_mrr_at_5_diff1": 0.151107,
        "nauc_mrr_at_10_max": 0.242043,
        "nauc_mrr_at_10_std": 0.144488,
        "nauc_mrr_at_10_diff1": 0.150258,
        "nauc_mrr_at_20_max": 0.242055,
        "nauc_mrr_at_20_std": 0.14551,
        "nauc_mrr_at_20_diff1": 0.150506,
        "nauc_mrr_at_100_max": 0.242031,
        "nauc_mrr_at_100_std": 0.145554,
        "nauc_mrr_at_100_diff1": 0.151925,
        "nauc_mrr_at_1000_max": 0.241922,
        "nauc_mrr_at_1000_std": 0.145325,
        "nauc_mrr_at_1000_diff1": 0.151926,
        "main_score": 0.20855,
        "hf_subset": "default",
        "languages": [
          "eng-Latn"
        ]
      }
    ]
  },
  "evaluation_time": 10788.480611562729,
  "kg_co2_emissions": null
}