{
  "dataset_revision": "0228b52cf27578f30900b9e5271d331663a030d7",
  "task_name": "SciFact",
  "mteb_version": "1.38.54",
  "scores": {
    "test": [
      {
        "ndcg_at_1": 0.6,
        "ndcg_at_3": 0.69752,
        "ndcg_at_5": 0.71929,
        "ndcg_at_10": 0.74945,
        "ndcg_at_20": 0.75547,
        "ndcg_at_100": 0.76384,
        "ndcg_at_1000": 0.76816,
        "map_at_1": 0.57078,
        "map_at_3": 0.66597,
        "map_at_5": 0.68139,
        "map_at_10": 0.69714,
        "map_at_20": 0.69883,
        "map_at_100": 0.70008,
        "map_at_1000": 0.70028,
        "recall_at_1": 0.57078,
        "recall_at_3": 0.76083,
        "recall_at_5": 0.81567,
        "recall_at_10": 0.901,
        "recall_at_20": 0.92433,
        "recall_at_100": 0.96833,
        "recall_at_1000": 1.0,
        "precision_at_1": 0.6,
        "precision_at_3": 0.27778,
        "precision_at_5": 0.18133,
        "precision_at_10": 0.102,
        "precision_at_20": 0.05233,
        "precision_at_100": 0.01097,
        "precision_at_1000": 0.00113,
        "mrr_at_1": 0.6,
        "mrr_at_3": 0.682222,
        "mrr_at_5": 0.694056,
        "mrr_at_10": 0.704433,
        "mrr_at_20": 0.705951,
        "mrr_at_100": 0.707057,
        "mrr_at_1000": 0.707249,
        "nauc_ndcg_at_1_max": 0.589022,
        "nauc_ndcg_at_1_std": 0.03642,
        "nauc_ndcg_at_1_diff1": 0.809399,
        "nauc_ndcg_at_3_max": 0.509129,
        "nauc_ndcg_at_3_std": 0.000433,
        "nauc_ndcg_at_3_diff1": 0.750412,
        "nauc_ndcg_at_5_max": 0.532107,
        "nauc_ndcg_at_5_std": 0.024481,
        "nauc_ndcg_at_5_diff1": 0.748685,
        "nauc_ndcg_at_10_max": 0.576821,
        "nauc_ndcg_at_10_std": 0.057381,
        "nauc_ndcg_at_10_diff1": 0.766627,
        "nauc_ndcg_at_20_max": 0.576154,
        "nauc_ndcg_at_20_std": 0.05391,
        "nauc_ndcg_at_20_diff1": 0.768315,
        "nauc_ndcg_at_100_max": 0.569922,
        "nauc_ndcg_at_100_std": 0.050051,
        "nauc_ndcg_at_100_diff1": 0.766033,
        "nauc_ndcg_at_1000_max": 0.5663,
        "nauc_ndcg_at_1000_std": 0.044291,
        "nauc_ndcg_at_1000_diff1": 0.768143,
        "nauc_map_at_1_max": 0.529913,
        "nauc_map_at_1_std": -0.036863,
        "nauc_map_at_1_diff1": 0.817957,
        "nauc_map_at_3_max": 0.502839,
        "nauc_map_at_3_std": -0.025175,
        "nauc_map_at_3_diff1": 0.770448,
        "nauc_map_at_5_max": 0.52632,
        "nauc_map_at_5_std": 0.003271,
        "nauc_map_at_5_diff1": 0.767722,
        "nauc_map_at_10_max": 0.551214,
        "nauc_map_at_10_std": 0.029018,
        "nauc_map_at_10_diff1": 0.774146,
        "nauc_map_at_20_max": 0.551293,
        "nauc_map_at_20_std": 0.028266,
        "nauc_map_at_20_diff1": 0.774461,
        "nauc_map_at_100_max": 0.550623,
        "nauc_map_at_100_std": 0.027266,
        "nauc_map_at_100_diff1": 0.774176,
        "nauc_map_at_1000_max": 0.550454,
        "nauc_map_at_1000_std": 0.027011,
        "nauc_map_at_1000_diff1": 0.77428,
        "nauc_recall_at_1_max": 0.529913,
        "nauc_recall_at_1_std": -0.036863,
        "nauc_recall_at_1_diff1": 0.817957,
        "nauc_recall_at_3_max": 0.421354,
        "nauc_recall_at_3_std": -0.054725,
        "nauc_recall_at_3_diff1": 0.682626,
        "nauc_recall_at_5_max": 0.479228,
        "nauc_recall_at_5_std": 0.033674,
        "nauc_recall_at_5_diff1": 0.659213,
        "nauc_recall_at_10_max": 0.693268,
        "nauc_recall_at_10_std": 0.179985,
        "nauc_recall_at_10_diff1": 0.743492,
        "nauc_recall_at_20_max": 0.718679,
        "nauc_recall_at_20_std": 0.179442,
        "nauc_recall_at_20_diff1": 0.75773,
        "nauc_recall_at_100_max": 0.721117,
        "nauc_recall_at_100_std": 0.300654,
        "nauc_recall_at_100_diff1": 0.67706,
        "nauc_recall_at_1000_max": NaN,
        "nauc_recall_at_1000_std": NaN,
        "nauc_recall_at_1000_diff1": NaN,
        "nauc_precision_at_1_max": 0.589022,
        "nauc_precision_at_1_std": 0.03642,
        "nauc_precision_at_1_diff1": 0.809399,
        "nauc_precision_at_3_max": 0.405081,
        "nauc_precision_at_3_std": 0.148333,
        "nauc_precision_at_3_diff1": 0.390734,
        "nauc_precision_at_5_max": 0.430197,
        "nauc_precision_at_5_std": 0.301973,
        "nauc_precision_at_5_diff1": 0.235907,
        "nauc_precision_at_10_max": 0.420761,
        "nauc_precision_at_10_std": 0.455145,
        "nauc_precision_at_10_diff1": 0.054626,
        "nauc_precision_at_20_max": 0.391707,
        "nauc_precision_at_20_std": 0.466193,
        "nauc_precision_at_20_diff1": -0.009691,
        "nauc_precision_at_100_max": 0.30893,
        "nauc_precision_at_100_std": 0.5056,
        "nauc_precision_at_100_diff1": -0.170766,
        "nauc_precision_at_1000_max": 0.234622,
        "nauc_precision_at_1000_std": 0.511197,
        "nauc_precision_at_1000_diff1": -0.289144,
        "nauc_mrr_at_1_max": 0.589022,
        "nauc_mrr_at_1_std": 0.03642,
        "nauc_mrr_at_1_diff1": 0.809399,
        "nauc_mrr_at_3_max": 0.557174,
        "nauc_mrr_at_3_std": 0.042746,
        "nauc_mrr_at_3_diff1": 0.762458,
        "nauc_mrr_at_5_max": 0.565096,
        "nauc_mrr_at_5_std": 0.050509,
        "nauc_mrr_at_5_diff1": 0.762805,
        "nauc_mrr_at_10_max": 0.575311,
        "nauc_mrr_at_10_std": 0.051745,
        "nauc_mrr_at_10_diff1": 0.770179,
        "nauc_mrr_at_20_max": 0.574695,
        "nauc_mrr_at_20_std": 0.05073,
        "nauc_mrr_at_20_diff1": 0.770645,
        "nauc_mrr_at_100_max": 0.573839,
        "nauc_mrr_at_100_std": 0.049538,
        "nauc_mrr_at_100_diff1": 0.770513,
        "nauc_mrr_at_1000_max": 0.573703,
        "nauc_mrr_at_1000_std": 0.049344,
        "nauc_mrr_at_1000_diff1": 0.770612,
        "main_score": 0.74945,
        "hf_subset": "default",
        "languages": [
          "eng-Latn"
        ]
      }
    ]
  },
  "evaluation_time": 3517.5984830856323,
  "kg_co2_emissions": null
}