{
  "dataset_revision": "8b6510b0b1fa4e4c4f879467980e9be563ec1cdf",
  "task_name": "TwitterURLCorpus",
  "mteb_version": "1.38.54",
  "scores": {
    "test": [
      {
        "similarity_accuracy": 0.892401,
        "similarity_accuracy_threshold": 0.804885,
        "similarity_f1": 0.786912,
        "similarity_f1_threshold": 0.784748,
        "similarity_precision": 0.762531,
        "similarity_recall": 0.812904,
        "similarity_ap": 0.865089,
        "cosine_accuracy": 0.892401,
        "cosine_accuracy_threshold": 0.804885,
        "cosine_f1": 0.786912,
        "cosine_f1_threshold": 0.784748,
        "cosine_precision": 0.762531,
        "cosine_recall": 0.812904,
        "cosine_ap": 0.865089,
        "manhattan_accuracy": 0.893973,
        "manhattan_accuracy_threshold": 78.74012,
        "manhattan_f1": 0.789202,
        "manhattan_f1_threshold": 83.165703,
        "manhattan_precision": 0.763179,
        "manhattan_recall": 0.817062,
        "manhattan_ap": 0.866259,
        "euclidean_accuracy": 0.894109,
        "euclidean_accuracy_threshold": 6.212144,
        "euclidean_f1": 0.789055,
        "euclidean_f1_threshold": 6.419904,
        "euclidean_precision": 0.776982,
        "euclidean_recall": 0.801509,
        "euclidean_ap": 0.866862,
        "dot_accuracy": 0.836884,
        "dot_accuracy_threshold": 81.166092,
        "dot_f1": 0.682407,
        "dot_f1_threshold": 75.046051,
        "dot_precision": 0.61847,
        "dot_recall": 0.761087,
        "dot_ap": 0.734536,
        "max_accuracy": 0.894109,
        "max_f1": 0.789202,
        "max_precision": 0.776982,
        "max_recall": 0.817062,
        "max_ap": 0.866862,
        "main_score": 0.866862,
        "hf_subset": "default",
        "languages": [
          "eng-Latn"
        ]
      }
    ]
  },
  "evaluation_time": 5436.653622627258,
  "kg_co2_emissions": null
}